{"_id":"B1gQkEuUf","title":"Form - basic - Reactive","dateCreated":"2018-02-07T07:47:35.744Z","lastAccessed":"2018-03-12T22:18:16.055Z","lastUpdated":"2018-02-28T14:12:15.677Z","notebookId":"rySu93hVz","body":{"blocks":[{"key":"ag6qs","text":"Form - basic - Reactive","type":"header-one","depth":0,"inlineStyleRanges":[],"entityRanges":[],"data":{}},{"key":"87s1o","text":"-> form is created programmatically in the TypeScript code","type":"unstyled","depth":0,"inlineStyleRanges":[],"entityRanges":[],"data":{}},{"key":"b111r","text":"    -> NgForm - automatically created wrapper but in the end it was wrapping FormGroup - in Angular form is just group of controls","type":"unstyled","depth":0,"inlineStyleRanges":[],"entityRanges":[],"data":{}},{"key":"861an","text":"    ","type":"unstyled","depth":0,"inlineStyleRanges":[],"entityRanges":[],"data":{}},{"key":"7sq7m","text":"1. Add a property of type FormGroup in your TypeScript component class:","type":"unstyled","depth":0,"inlineStyleRanges":[],"entityRanges":[],"data":{}},{"key":"f4s31","text":"import { Component } from '@angular/core';","type":"custom-code-block-javascript","depth":0,"inlineStyleRanges":[],"entityRanges":[],"data":{}},{"key":"c6ruj","text":"import { FormGroup } from '@angular/forms';","type":"custom-code-block-javascript","depth":0,"inlineStyleRanges":[{"offset":0,"length":43,"style":"BOLD"},{"offset":0,"length":43,"style":"ITALIC"}],"entityRanges":[],"data":{}},{"key":"c92ps","text":"","type":"custom-code-block-javascript","depth":0,"inlineStyleRanges":[],"entityRanges":[],"data":{}},{"key":"3t3oe","text":"@Component({","type":"custom-code-block-javascript","depth":0,"inlineStyleRanges":[],"entityRanges":[],"data":{}},{"key":"4di8a","text":"  selector: 'app-root',","type":"custom-code-block-javascript","depth":0,"inlineStyleRanges":[],"entityRanges":[],"data":{}},{"key":"7qg48","text":"  templateUrl: './app.component.html',","type":"custom-code-block-javascript","depth":0,"inlineStyleRanges":[],"entityRanges":[],"data":{}},{"key":"a5vfl","text":"  styleUrls: ['./app.component.css']","type":"custom-code-block-javascript","depth":0,"inlineStyleRanges":[],"entityRanges":[],"data":{}},{"key":"9ouot","text":"})","type":"custom-code-block-javascript","depth":0,"inlineStyleRanges":[],"entityRanges":[],"data":{}},{"key":"b30ko","text":"export class AppComponent {","type":"custom-code-block-javascript","depth":0,"inlineStyleRanges":[],"entityRanges":[],"data":{}},{"key":"c2jvg","text":"  genders = ['male', 'female'];","type":"custom-code-block-javascript","depth":0,"inlineStyleRanges":[],"entityRanges":[],"data":{}},{"key":"at962","text":"  signupForm: FormGroup;","type":"custom-code-block-javascript","depth":0,"inlineStyleRanges":[{"offset":2,"length":22,"style":"BOLD"},{"offset":2,"length":22,"style":"ITALIC"}],"entityRanges":[],"data":{}},{"key":"4hi50","text":"}","type":"custom-code-block-javascript","depth":0,"inlineStyleRanges":[],"entityRanges":[],"data":{}},{"key":"bg772","text":"","type":"unstyled","depth":0,"inlineStyleRanges":[],"entityRanges":[],"data":{}},{"key":"b8d1d","text":"2. Add a ReactiveFormsModule  in imports in app.module.ts file: (you don't need FormsModule this is required in template approach)","type":"unstyled","depth":0,"inlineStyleRanges":[{"offset":9,"length":19,"style":"BOLD"},{"offset":9,"length":19,"style":"ITALIC"}],"entityRanges":[],"data":{}},{"key":"edpbi","text":"- it contains all the tools we need to build our form on our own and then connected to our htm code","type":"unstyled","depth":0,"inlineStyleRanges":[],"entityRanges":[],"data":{}},{"key":"45p56","text":"import { BrowserModule } from '@angular/platform-browser';","type":"custom-code-block-javascript","depth":0,"inlineStyleRanges":[],"entityRanges":[],"data":{}},{"key":"cobtt","text":"import { NgModule } from '@angular/core';","type":"custom-code-block-javascript","depth":0,"inlineStyleRanges":[],"entityRanges":[],"data":{}},{"key":"4s72i","text":"import { HttpModule } from '@angular/http';","type":"custom-code-block-javascript","depth":0,"inlineStyleRanges":[],"entityRanges":[],"data":{}},{"key":"6vae1","text":"import { AppComponent } from './app.component';","type":"custom-code-block-javascript","depth":0,"inlineStyleRanges":[],"entityRanges":[],"data":{}},{"key":"4sncl","text":"import { ReactiveFormsModule } from '@angular/forms';","type":"custom-code-block-javascript","depth":0,"inlineStyleRanges":[{"offset":0,"length":53,"style":"BOLD"},{"offset":0,"length":53,"style":"ITALIC"}],"entityRanges":[],"data":{}},{"key":"23k3a","text":"","type":"custom-code-block-javascript","depth":0,"inlineStyleRanges":[],"entityRanges":[],"data":{}},{"key":"7kmur","text":"@NgModule({","type":"custom-code-block-javascript","depth":0,"inlineStyleRanges":[],"entityRanges":[],"data":{}},{"key":"9ul5k","text":"  declarations: [","type":"custom-code-block-javascript","depth":0,"inlineStyleRanges":[],"entityRanges":[],"data":{}},{"key":"f9022","text":"    AppComponent","type":"custom-code-block-javascript","depth":0,"inlineStyleRanges":[],"entityRanges":[],"data":{}},{"key":"ar96v","text":"  ],","type":"custom-code-block-javascript","depth":0,"inlineStyleRanges":[],"entityRanges":[],"data":{}},{"key":"3la3h","text":"  imports: [","type":"custom-code-block-javascript","depth":0,"inlineStyleRanges":[],"entityRanges":[],"data":{}},{"key":"63e6u","text":"    BrowserModule,","type":"custom-code-block-javascript","depth":0,"inlineStyleRanges":[],"entityRanges":[],"data":{}},{"key":"loue","text":"    HttpModule,","type":"custom-code-block-javascript","depth":0,"inlineStyleRanges":[],"entityRanges":[],"data":{}},{"key":"emj16","text":"    ReactiveFormsModule","type":"custom-code-block-javascript","depth":0,"inlineStyleRanges":[{"offset":4,"length":19,"style":"BOLD"},{"offset":4,"length":19,"style":"ITALIC"}],"entityRanges":[],"data":{}},{"key":"c7nq9","text":"  ],","type":"custom-code-block-javascript","depth":0,"inlineStyleRanges":[],"entityRanges":[],"data":{}},{"key":"3oe60","text":"  providers: [],","type":"custom-code-block-javascript","depth":0,"inlineStyleRanges":[],"entityRanges":[],"data":{}},{"key":"8jl4l","text":"  bootstrap: [AppComponent]","type":"custom-code-block-javascript","depth":0,"inlineStyleRanges":[],"entityRanges":[],"data":{}},{"key":"f67bu","text":"})","type":"custom-code-block-javascript","depth":0,"inlineStyleRanges":[],"entityRanges":[],"data":{}},{"key":"bg6k7","text":"export class AppModule { }","type":"custom-code-block-javascript","depth":0,"inlineStyleRanges":[],"entityRanges":[],"data":{}},{"key":"9018f","text":"","type":"unstyled","depth":0,"inlineStyleRanges":[],"entityRanges":[],"data":{}},{"key":"59kd9","text":"3. Creating a Form in Code:","type":"unstyled","depth":0,"inlineStyleRanges":[],"entityRanges":[],"data":{}},{"key":"diiua","text":"import { Component, onInit } from '@angular/core';","type":"custom-code-block-javascript","depth":0,"inlineStyleRanges":[],"entityRanges":[],"data":{}},{"key":"bbu8s","text":"import { FormGroup, FormControl } from '@angular/forms';","type":"custom-code-block-javascript","depth":0,"inlineStyleRanges":[{"offset":0,"length":56,"style":"BOLD"},{"offset":0,"length":56,"style":"ITALIC"}],"entityRanges":[],"data":{}},{"key":"9cujf","text":"","type":"custom-code-block-javascript","depth":0,"inlineStyleRanges":[],"entityRanges":[],"data":{}},{"key":"a8c1v","text":"@Component({","type":"custom-code-block-javascript","depth":0,"inlineStyleRanges":[],"entityRanges":[],"data":{}},{"key":"9arrh","text":"  selector: 'app-root',","type":"custom-code-block-javascript","depth":0,"inlineStyleRanges":[],"entityRanges":[],"data":{}},{"key":"8lh5c","text":"  templateUrl: './app.component.html',","type":"custom-code-block-javascript","depth":0,"inlineStyleRanges":[],"entityRanges":[],"data":{}},{"key":"butq4","text":"  styleUrls: ['./app.component.css']","type":"custom-code-block-javascript","depth":0,"inlineStyleRanges":[],"entityRanges":[],"data":{}},{"key":"dam1i","text":"})","type":"custom-code-block-javascript","depth":0,"inlineStyleRanges":[],"entityRanges":[],"data":{}},{"key":"500kk","text":"export class AppComponent implements onInit {","type":"custom-code-block-javascript","depth":0,"inlineStyleRanges":[],"entityRanges":[],"data":{}},{"key":"vu4h","text":"  genders = ['male', 'female'];","type":"custom-code-block-javascript","depth":0,"inlineStyleRanges":[],"entityRanges":[],"data":{}},{"key":"apu1v","text":"  signupForm: FormGroup;","type":"custom-code-block-javascript","depth":0,"inlineStyleRanges":[{"offset":2,"length":22,"style":"BOLD"},{"offset":2,"length":22,"style":"ITALIC"}],"entityRanges":[],"data":{}},{"key":"evh0e","text":"","type":"custom-code-block-javascript","depth":0,"inlineStyleRanges":[],"entityRanges":[],"data":{}},{"key":"90c75","text":"  ngOnInit() {","type":"custom-code-block-javascript","depth":0,"inlineStyleRanges":[{"offset":0,"length":14,"style":"BOLD"},{"offset":0,"length":14,"style":"ITALIC"}],"entityRanges":[],"data":{}},{"key":"dvcvv","text":"    // you should initialize it before rendering the component","type":"custom-code-block-javascript","depth":0,"inlineStyleRanges":[{"offset":0,"length":62,"style":"BOLD"},{"offset":0,"length":62,"style":"ITALIC"}],"entityRanges":[],"data":{}},{"key":"9jj3e","text":"    // we have to pass JS object with controls to configure our form","type":"custom-code-block-javascript","depth":0,"inlineStyleRanges":[{"offset":0,"length":68,"style":"BOLD"},{"offset":0,"length":68,"style":"ITALIC"}],"entityRanges":[],"data":{}},{"key":"c1pvu","text":"    // Controls - key values pairs","type":"custom-code-block-javascript","depth":0,"inlineStyleRanges":[{"offset":0,"length":34,"style":"BOLD"},{"offset":0,"length":34,"style":"ITALIC"}],"entityRanges":[],"data":{}},{"key":"8mee2","text":"    // the control key is wrapped in the quotation marks to make sure that during minification this property is kept (this might not be necessary but to be sure wrap it)","type":"custom-code-block-javascript","depth":0,"inlineStyleRanges":[{"offset":0,"length":169,"style":"BOLD"},{"offset":0,"length":169,"style":"ITALIC"}],"entityRanges":[],"data":{}},{"key":"2q5cv","text":"    this.signupForm = new FormGroup({","type":"custom-code-block-javascript","depth":0,"inlineStyleRanges":[{"offset":0,"length":37,"style":"BOLD"},{"offset":0,"length":37,"style":"ITALIC"}],"entityRanges":[],"data":{}},{"key":"d9rat","text":"      // to the FormControl constructor we can pass a couple of arguments","type":"custom-code-block-javascript","depth":0,"inlineStyleRanges":[{"offset":0,"length":73,"style":"BOLD"},{"offset":0,"length":73,"style":"ITALIC"}],"entityRanges":[],"data":{}},{"key":"1r79k","text":"      // 1. Initial state/ initail value of this control","type":"custom-code-block-javascript","depth":0,"inlineStyleRanges":[{"offset":0,"length":56,"style":"BOLD"},{"offset":0,"length":56,"style":"ITALIC"}],"entityRanges":[],"data":{}},{"key":"eqedb","text":"      // 2. Single validator or array of validators","type":"custom-code-block-javascript","depth":0,"inlineStyleRanges":[{"offset":0,"length":51,"style":"BOLD"},{"offset":0,"length":51,"style":"ITALIC"}],"entityRanges":[],"data":{}},{"key":"8c21i","text":"      // 3. Potential asynchronous validator","type":"custom-code-block-javascript","depth":0,"inlineStyleRanges":[{"offset":0,"length":44,"style":"BOLD"},{"offset":0,"length":44,"style":"ITALIC"}],"entityRanges":[],"data":{}},{"key":"euvl6","text":"      'username': new FormControl(null),","type":"custom-code-block-javascript","depth":0,"inlineStyleRanges":[{"offset":0,"length":40,"style":"BOLD"},{"offset":0,"length":40,"style":"ITALIC"}],"entityRanges":[],"data":{}},{"key":"5umeo","text":"      'emial': new FormControl(null),","type":"custom-code-block-javascript","depth":0,"inlineStyleRanges":[{"offset":0,"length":37,"style":"BOLD"},{"offset":0,"length":37,"style":"ITALIC"}],"entityRanges":[],"data":{}},{"key":"e986f","text":"      'gender': new FormControl('male')","type":"custom-code-block-javascript","depth":0,"inlineStyleRanges":[{"offset":0,"length":39,"style":"BOLD"},{"offset":0,"length":39,"style":"ITALIC"}],"entityRanges":[],"data":{}},{"key":"6pvir","text":"    });","type":"custom-code-block-javascript","depth":0,"inlineStyleRanges":[{"offset":0,"length":7,"style":"BOLD"},{"offset":0,"length":7,"style":"ITALIC"}],"entityRanges":[],"data":{}},{"key":"cvs6o","text":"  }","type":"custom-code-block-javascript","depth":0,"inlineStyleRanges":[{"offset":0,"length":3,"style":"BOLD"},{"offset":0,"length":3,"style":"ITALIC"}],"entityRanges":[],"data":{}},{"key":"5k3qs","text":"}","type":"custom-code-block-javascript","depth":0,"inlineStyleRanges":[],"entityRanges":[],"data":{}},{"key":"9a2p0","text":"","type":"unstyled","depth":0,"inlineStyleRanges":[],"entityRanges":[],"data":{}},{"key":"7lkk4","text":"4.Syncing HTML and Form: without it Angular doesn't know anything about your settings.","type":"unstyled","depth":0,"inlineStyleRanges":[],"entityRanges":[],"data":{}},{"key":"8j9ko","text":"-> firstly we have to tell him to cancel autodetection of our form (beacouse it is a default behaviour). To do that we have to add a directive to it: [formGroup] directive:","type":"unstyled","depth":0,"inlineStyleRanges":[],"entityRanges":[],"data":{}},{"key":"cag4i","text":"-> secondly we have to bind our controls using formControlName directive","type":"unstyled","depth":0,"inlineStyleRanges":[],"entityRanges":[],"data":{}},{"key":"7lg0k","text":"      <form [formGroup]=\"signupForm\"> //bind this form to property in our component - now they are synchronize","type":"custom-code-block-html","depth":0,"inlineStyleRanges":[{"offset":12,"length":24,"style":"BOLD"},{"offset":12,"length":24,"style":"ITALIC"}],"entityRanges":[],"data":{}},{"key":"83n6q","text":"        <div class=\"form-group\">","type":"custom-code-block-html","depth":0,"inlineStyleRanges":[],"entityRanges":[],"data":{}},{"key":"cmmvu","text":"          <label for=\"username\">Username</label>","type":"custom-code-block-html","depth":0,"inlineStyleRanges":[],"entityRanges":[],"data":{}},{"key":"1039l","text":"          <input","type":"custom-code-block-html","depth":0,"inlineStyleRanges":[],"entityRanges":[],"data":{}},{"key":"32nq7","text":"            type=\"text\"","type":"custom-code-block-html","depth":0,"inlineStyleRanges":[],"entityRanges":[],"data":{}},{"key":"b8l8l","text":"            id=\"username\"","type":"custom-code-block-html","depth":0,"inlineStyleRanges":[],"entityRanges":[],"data":{}},{"key":"9k23c","text":"            formControlName=\"username\"","type":"custom-code-block-html","depth":0,"inlineStyleRanges":[{"offset":12,"length":26,"style":"BOLD"},{"offset":12,"length":26,"style":"ITALIC"}],"entityRanges":[],"data":{}},{"key":"draig","text":"            class=\"form-control\">","type":"custom-code-block-html","depth":0,"inlineStyleRanges":[],"entityRanges":[],"data":{}},{"key":"dbilo","text":"        </div>","type":"custom-code-block-html","depth":0,"inlineStyleRanges":[],"entityRanges":[],"data":{}},{"key":"629p2","text":"        <div class=\"form-group\">","type":"custom-code-block-html","depth":0,"inlineStyleRanges":[],"entityRanges":[],"data":{}},{"key":"akt0h","text":"          <label for=\"email\">email</label>","type":"custom-code-block-html","depth":0,"inlineStyleRanges":[],"entityRanges":[],"data":{}},{"key":"499q3","text":"          <input","type":"custom-code-block-html","depth":0,"inlineStyleRanges":[],"entityRanges":[],"data":{}},{"key":"bg4ro","text":"            type=\"text\"","type":"custom-code-block-html","depth":0,"inlineStyleRanges":[],"entityRanges":[],"data":{}},{"key":"4cmdl","text":"            id=\"email\"","type":"custom-code-block-html","depth":0,"inlineStyleRanges":[],"entityRanges":[],"data":{}},{"key":"7b9in","text":"            formControlName=\"email\"","type":"custom-code-block-html","depth":0,"inlineStyleRanges":[{"offset":11,"length":24,"style":"BOLD"},{"offset":11,"length":24,"style":"ITALIC"}],"entityRanges":[],"data":{}},{"key":"1b643","text":"            class=\"form-control\">","type":"custom-code-block-html","depth":0,"inlineStyleRanges":[],"entityRanges":[],"data":{}},{"key":"1mpkv","text":"        </div>","type":"custom-code-block-html","depth":0,"inlineStyleRanges":[],"entityRanges":[],"data":{}},{"key":"9rp50","text":"        <div class=\"radio\" *ngFor=\"let gender of genders\">","type":"custom-code-block-html","depth":0,"inlineStyleRanges":[],"entityRanges":[],"data":{}},{"key":"f94vo","text":"          <label>","type":"custom-code-block-html","depth":0,"inlineStyleRanges":[],"entityRanges":[],"data":{}},{"key":"d3jdl","text":"            <input","type":"custom-code-block-html","depth":0,"inlineStyleRanges":[],"entityRanges":[],"data":{}},{"key":"cn0qb","text":"              type=\"radio\"","type":"custom-code-block-html","depth":0,"inlineStyleRanges":[],"entityRanges":[],"data":{}},{"key":"4tb65","text":"              formControlName=\"gender\"","type":"custom-code-block-html","depth":0,"inlineStyleRanges":[{"offset":14,"length":24,"style":"BOLD"},{"offset":14,"length":24,"style":"ITALIC"}],"entityRanges":[],"data":{}},{"key":"4f9om","text":"              [value]=\"gender\">{{ gender }}","type":"custom-code-block-html","depth":0,"inlineStyleRanges":[],"entityRanges":[],"data":{}},{"key":"c7ae8","text":"          </label>","type":"custom-code-block-html","depth":0,"inlineStyleRanges":[],"entityRanges":[],"data":{}},{"key":"eadj","text":"        </div>","type":"custom-code-block-html","depth":0,"inlineStyleRanges":[],"entityRanges":[],"data":{}},{"key":"b0ma1","text":"        <button class=\"btn btn-primary\" type=\"submit\">Submit</button>","type":"custom-code-block-html","depth":0,"inlineStyleRanges":[],"entityRanges":[],"data":{}},{"key":"5hpj6","text":"      </form>","type":"custom-code-block-html","depth":0,"inlineStyleRanges":[],"entityRanges":[],"data":{}},{"key":"2j1qp","text":"","type":"unstyled","depth":0,"inlineStyleRanges":[],"entityRanges":[],"data":{}},{"key":"ah2nu","text":"5.Submitting the Form:","type":"unstyled","depth":0,"inlineStyleRanges":[],"entityRanges":[],"data":{}},{"key":"e6od5","text":"-> you have access to the form directly from your TypeScript code so you have only add a method invoked when you click a submit button and then retrieve it in your code:","type":"unstyled","depth":0,"inlineStyleRanges":[],"entityRanges":[],"data":{}},{"key":"41gio","text":"<button class=\"btn btn-primary\" type=\"submit\" (click)=\"onSubmit()\">Submit</button>","type":"custom-code-block-html","depth":0,"inlineStyleRanges":[{"offset":46,"length":20,"style":"BOLD"},{"offset":46,"length":20,"style":"ITALIC"}],"entityRanges":[],"data":{}},{"key":"fut9h","text":"","type":"unstyled","depth":0,"inlineStyleRanges":[],"entityRanges":[],"data":{}},{"key":"cf4mn","text":"export class AppComponent implements OnInit {","type":"custom-code-block-javascript","depth":0,"inlineStyleRanges":[],"entityRanges":[],"data":{}},{"key":"a2e7o","text":"  signupForm: FormGroup;","type":"custom-code-block-javascript","depth":0,"inlineStyleRanges":[],"entityRanges":[],"data":{}},{"key":"ca54b","text":"  onSubmit() {","type":"custom-code-block-javascript","depth":0,"inlineStyleRanges":[],"entityRanges":[],"data":{}},{"key":"6gkl6","text":"    console.log(this.signupForm);","type":"custom-code-block-javascript","depth":0,"inlineStyleRanges":[],"entityRanges":[],"data":{}},{"key":"77go6","text":"  }","type":"custom-code-block-javascript","depth":0,"inlineStyleRanges":[],"entityRanges":[],"data":{}},{"key":"83a2q","text":"}","type":"custom-code-block-javascript","depth":0,"inlineStyleRanges":[],"entityRanges":[],"data":{}},{"key":"5rqeb","text":"","type":"unstyled","depth":0,"inlineStyleRanges":[],"entityRanges":[],"data":{}},{"key":"5eub5","text":"6. Adding Validation:","type":"unstyled","depth":0,"inlineStyleRanges":[],"entityRanges":[],"data":{}},{"key":"bk1qs","text":"-> you can use validators in your TypeScript code and pass reference to them to the FormControl constructor:","type":"unstyled","depth":0,"inlineStyleRanges":[],"entityRanges":[],"data":{}},{"key":"6q4l4","text":"-> of course you can't add require ect. in your template!","type":"unstyled","depth":0,"inlineStyleRanges":[],"entityRanges":[],"data":{}},{"key":"cf693","text":"import { Component, OnInit } from '@angular/core';","type":"custom-code-block-javascript","depth":0,"inlineStyleRanges":[],"entityRanges":[],"data":{}},{"key":"caavk","text":"import { FormGroup, FormControl, Validators } from '@angular/forms'; // import Validators module!","type":"custom-code-block-javascript","depth":0,"inlineStyleRanges":[{"offset":33,"length":10,"style":"BOLD"},{"offset":33,"length":10,"style":"ITALIC"}],"entityRanges":[],"data":{}},{"key":"9icjn","text":"","type":"custom-code-block-javascript","depth":0,"inlineStyleRanges":[],"entityRanges":[],"data":{}},{"key":"cg1ld","text":"@Component({","type":"custom-code-block-javascript","depth":0,"inlineStyleRanges":[],"entityRanges":[],"data":{}},{"key":"c4h37","text":"  selector: 'app-root',","type":"custom-code-block-javascript","depth":0,"inlineStyleRanges":[],"entityRanges":[],"data":{}},{"key":"9a7mr","text":"  templateUrl: './app.component.html',","type":"custom-code-block-javascript","depth":0,"inlineStyleRanges":[],"entityRanges":[],"data":{}},{"key":"5aenc","text":"  styleUrls: ['./app.component.css']","type":"custom-code-block-javascript","depth":0,"inlineStyleRanges":[],"entityRanges":[],"data":{}},{"key":"850f4","text":"})","type":"custom-code-block-javascript","depth":0,"inlineStyleRanges":[],"entityRanges":[],"data":{}},{"key":"426l5","text":"export class AppComponent implements OnInit {","type":"custom-code-block-javascript","depth":0,"inlineStyleRanges":[],"entityRanges":[],"data":{}},{"key":"9sb02","text":"  genders = ['male', 'female'];","type":"custom-code-block-javascript","depth":0,"inlineStyleRanges":[],"entityRanges":[],"data":{}},{"key":"br49s","text":"  signupForm: FormGroup;","type":"custom-code-block-javascript","depth":0,"inlineStyleRanges":[],"entityRanges":[],"data":{}},{"key":"6k3g9","text":"","type":"custom-code-block-javascript","depth":0,"inlineStyleRanges":[],"entityRanges":[],"data":{}},{"key":"b2no8","text":"  ngOnInit() {","type":"custom-code-block-javascript","depth":0,"inlineStyleRanges":[],"entityRanges":[],"data":{}},{"key":"an4pi","text":"    this.signupForm = new FormGroup({","type":"custom-code-block-javascript","depth":0,"inlineStyleRanges":[],"entityRanges":[],"data":{}},{"key":"1rsgg","text":"      'username': new FormControl(null, Validators.required), //we pass a require method BUT ONLY REFERENCE do not add parenthesis!","type":"custom-code-block-javascript","depth":0,"inlineStyleRanges":[{"offset":40,"length":19,"style":"BOLD"},{"offset":62,"length":69,"style":"BOLD"},{"offset":40,"length":19,"style":"ITALIC"}],"entityRanges":[],"data":{}},{"key":"3o5ub","text":"      'email': new FormControl(null, [Validators.required, Validators.email]), //we pass a couple of validators in array","type":"custom-code-block-javascript","depth":0,"inlineStyleRanges":[{"offset":37,"length":39,"style":"BOLD"},{"offset":78,"length":42,"style":"BOLD"},{"offset":37,"length":39,"style":"ITALIC"}],"entityRanges":[],"data":{}},{"key":"c2si8","text":"      'gender': new FormControl('male')","type":"custom-code-block-javascript","depth":0,"inlineStyleRanges":[],"entityRanges":[],"data":{}},{"key":"ah96o","text":"    });","type":"custom-code-block-javascript","depth":0,"inlineStyleRanges":[],"entityRanges":[],"data":{}},{"key":"7133j","text":"  }","type":"custom-code-block-javascript","depth":0,"inlineStyleRanges":[],"entityRanges":[],"data":{}},{"key":"c2fd","text":"","type":"custom-code-block-javascript","depth":0,"inlineStyleRanges":[],"entityRanges":[],"data":{}},{"key":"75i5q","text":"  onSubmit() {","type":"custom-code-block-javascript","depth":0,"inlineStyleRanges":[],"entityRanges":[],"data":{}},{"key":"53qbg","text":"    console.log(this.signupForm);","type":"custom-code-block-javascript","depth":0,"inlineStyleRanges":[],"entityRanges":[],"data":{}},{"key":"30am","text":"  }","type":"custom-code-block-javascript","depth":0,"inlineStyleRanges":[],"entityRanges":[],"data":{}},{"key":"aca28","text":"}","type":"custom-code-block-javascript","depth":0,"inlineStyleRanges":[],"entityRanges":[],"data":{}},{"key":"9aoam","text":"","type":"unstyled","depth":0,"inlineStyleRanges":[],"entityRanges":[],"data":{}},{"key":"dclip","text":"7. Getting Access to Controls - for e.g. to show some messages when control is invalid:","type":"unstyled","depth":0,"inlineStyleRanges":[],"entityRanges":[],"data":{}},{"key":"ojpq","text":"-> you can have access to control simply using get() method and passing your property name there - in your template on the form property from TypeScript code:","type":"unstyled","depth":0,"inlineStyleRanges":[{"offset":47,"length":5,"style":"BOLD"},{"offset":47,"length":5,"style":"ITALIC"}],"entityRanges":[],"data":{}},{"key":"3phhn","text":"<div class=\"form-group\">","type":"custom-code-block-html","depth":0,"inlineStyleRanges":[],"entityRanges":[],"data":{}},{"key":"7q0k0","text":"      <label for=\"email\">email</label>","type":"custom-code-block-html","depth":0,"inlineStyleRanges":[],"entityRanges":[],"data":{}},{"key":"e6f27","text":"      <input","type":"custom-code-block-html","depth":0,"inlineStyleRanges":[],"entityRanges":[],"data":{}},{"key":"9il5n","text":"        type=\"text\"","type":"custom-code-block-html","depth":0,"inlineStyleRanges":[],"entityRanges":[],"data":{}},{"key":"a9qc7","text":"        id=\"email\"","type":"custom-code-block-html","depth":0,"inlineStyleRanges":[],"entityRanges":[],"data":{}},{"key":"8lu5s","text":"        formControlName=\"email\"","type":"custom-code-block-html","depth":0,"inlineStyleRanges":[],"entityRanges":[],"data":{}},{"key":"294qj","text":"        class=\"form-control\">","type":"custom-code-block-html","depth":0,"inlineStyleRanges":[],"entityRanges":[],"data":{}},{"key":"fkes0","text":"    <p class=\"help-block\" *ngIf=\"!signupForm.get('email').valid && signupForm.get('email').touched\">","type":"custom-code-block-html","depth":0,"inlineStyleRanges":[{"offset":26,"length":73,"style":"BOLD"},{"offset":26,"length":73,"style":"ITALIC"}],"entityRanges":[],"data":{}},{"key":"7i354","text":"          Email is not valid!","type":"custom-code-block-html","depth":0,"inlineStyleRanges":[],"entityRanges":[],"data":{}},{"key":"el88n","text":"    </p>","type":"custom-code-block-html","depth":0,"inlineStyleRanges":[],"entityRanges":[],"data":{}},{"key":"3qgm5","text":"</div>","type":"custom-code-block-html","depth":0,"inlineStyleRanges":[],"entityRanges":[],"data":{}},{"key":"4ora7","text":"","type":"unstyled","depth":0,"inlineStyleRanges":[],"entityRanges":[],"data":{}},{"key":"droku","text":"+++++++++++++++++++++++++++++++++++++++++++++++++++++++++++","type":"unstyled","depth":0,"inlineStyleRanges":[],"entityRanges":[],"data":{}},{"key":"7btgq","text":"8. Grouping Controls - as you saw in the template driven approach here also you can group your controls:","type":"unstyled","depth":0,"inlineStyleRanges":[],"entityRanges":[],"data":{}},{"key":"fgk2v","text":"    8.1. in your TypeScript code add a new FormGroup object inside outer FormGroupObject:","type":"unstyled","depth":0,"inlineStyleRanges":[],"entityRanges":[],"data":{}},{"key":"cen8e","text":"import { Component, OnInit } from '@angular/core';","type":"custom-code-block-javascript","depth":0,"inlineStyleRanges":[],"entityRanges":[],"data":{}},{"key":"b8qls","text":"import { FormGroup, FormControl, Validators } from '@angular/forms';","type":"custom-code-block-javascript","depth":0,"inlineStyleRanges":[],"entityRanges":[],"data":{}},{"key":"2d7h3","text":"@Component({","type":"custom-code-block-javascript","depth":0,"inlineStyleRanges":[],"entityRanges":[],"data":{}},{"key":"fb2jt","text":"  selector: 'app-root',","type":"custom-code-block-javascript","depth":0,"inlineStyleRanges":[],"entityRanges":[],"data":{}},{"key":"4irqf","text":"  templateUrl: './app.component.html',","type":"custom-code-block-javascript","depth":0,"inlineStyleRanges":[],"entityRanges":[],"data":{}},{"key":"cpnqi","text":"  styleUrls: ['./app.component.css']","type":"custom-code-block-javascript","depth":0,"inlineStyleRanges":[],"entityRanges":[],"data":{}},{"key":"s4i6","text":"})","type":"custom-code-block-javascript","depth":0,"inlineStyleRanges":[],"entityRanges":[],"data":{}},{"key":"bi8tr","text":"export class AppComponent implements OnInit {","type":"custom-code-block-javascript","depth":0,"inlineStyleRanges":[],"entityRanges":[],"data":{}},{"key":"9ouji","text":"  genders = ['male', 'female'];","type":"custom-code-block-javascript","depth":0,"inlineStyleRanges":[],"entityRanges":[],"data":{}},{"key":"4p1oj","text":"  signupForm: FormGroup;","type":"custom-code-block-javascript","depth":0,"inlineStyleRanges":[],"entityRanges":[],"data":{}},{"key":"br2be","text":"  ngOnInit() {","type":"custom-code-block-javascript","depth":0,"inlineStyleRanges":[],"entityRanges":[],"data":{}},{"key":"4jr4o","text":"    this.signupForm = new FormGroup({","type":"custom-code-block-javascript","depth":0,"inlineStyleRanges":[],"entityRanges":[],"data":{}},{"key":"98p95","text":"      'userData': new FormGroup({ //nesting controls","type":"custom-code-block-javascript","depth":0,"inlineStyleRanges":[{"offset":0,"length":52,"style":"BOLD"},{"offset":0,"length":52,"style":"ITALIC"}],"entityRanges":[],"data":{}},{"key":"1jnk3","text":"        'username': new FormControl(null, Validators.required),","type":"custom-code-block-javascript","depth":0,"inlineStyleRanges":[{"offset":0,"length":63,"style":"BOLD"},{"offset":0,"length":63,"style":"ITALIC"}],"entityRanges":[],"data":{}},{"key":"b3ln7","text":"        'email': new FormControl(null, [Validators.required, Validators.email])","type":"custom-code-block-javascript","depth":0,"inlineStyleRanges":[{"offset":0,"length":79,"style":"BOLD"},{"offset":0,"length":79,"style":"ITALIC"}],"entityRanges":[],"data":{}},{"key":"ppao","text":"      }),","type":"custom-code-block-javascript","depth":0,"inlineStyleRanges":[{"offset":0,"length":9,"style":"BOLD"},{"offset":0,"length":9,"style":"ITALIC"}],"entityRanges":[],"data":{}},{"key":"5ecuk","text":"      'gender': new FormControl('male')","type":"custom-code-block-javascript","depth":0,"inlineStyleRanges":[],"entityRanges":[],"data":{}},{"key":"44shh","text":"    });","type":"custom-code-block-javascript","depth":0,"inlineStyleRanges":[],"entityRanges":[],"data":{}},{"key":"ebd07","text":"  }","type":"custom-code-block-javascript","depth":0,"inlineStyleRanges":[],"entityRanges":[],"data":{}},{"key":"a902d","text":"}","type":"custom-code-block-javascript","depth":0,"inlineStyleRanges":[],"entityRanges":[],"data":{}},{"key":"9r8mm","text":"","type":"unstyled","depth":0,"inlineStyleRanges":[],"entityRanges":[],"data":{}},{"key":"b36bp","text":"8.2. In your template wrap particular controls using the particular formGroup element - the same as in your code","type":"unstyled","depth":0,"inlineStyleRanges":[],"entityRanges":[],"data":{}},{"key":"8g6ei","text":"8.3. You have also change the path in your get method (now it is nested):","type":"unstyled","depth":0,"inlineStyleRanges":[],"entityRanges":[],"data":{}},{"key":"6165n","text":"      <form [formGroup]=\"signupForm\">","type":"custom-code-block-html","depth":0,"inlineStyleRanges":[],"entityRanges":[],"data":{}},{"key":"3i47v","text":"        <div formGroupName=\"userData\"> //add a userData formGroupName which wrap inside controls","type":"custom-code-block-html","depth":0,"inlineStyleRanges":[{"offset":13,"length":24,"style":"BOLD"},{"offset":13,"length":24,"style":"ITALIC"}],"entityRanges":[],"data":{}},{"key":"87ui2","text":"          <div class=\"form-group\">","type":"custom-code-block-html","depth":0,"inlineStyleRanges":[],"entityRanges":[],"data":{}},{"key":"cbegc","text":"            <label for=\"username\">Username</label>","type":"custom-code-block-html","depth":0,"inlineStyleRanges":[],"entityRanges":[],"data":{}},{"key":"dn2jd","text":"            <input","type":"custom-code-block-html","depth":0,"inlineStyleRanges":[],"entityRanges":[],"data":{}},{"key":"5gumg","text":"              type=\"text\"","type":"custom-code-block-html","depth":0,"inlineStyleRanges":[],"entityRanges":[],"data":{}},{"key":"2thol","text":"              id=\"username\"","type":"custom-code-block-html","depth":0,"inlineStyleRanges":[],"entityRanges":[],"data":{}},{"key":"9e23m","text":"              formControlName=\"username\"","type":"custom-code-block-html","depth":0,"inlineStyleRanges":[],"entityRanges":[],"data":{}},{"key":"8v3g1","text":"              class=\"form-control\">","type":"custom-code-block-html","depth":0,"inlineStyleRanges":[],"entityRanges":[],"data":{}},{"key":"4qq4p","text":"          </div>","type":"custom-code-block-html","depth":0,"inlineStyleRanges":[],"entityRanges":[],"data":{}},{"key":"av7i5","text":"          <div class=\"form-group\">","type":"custom-code-block-html","depth":0,"inlineStyleRanges":[],"entityRanges":[],"data":{}},{"key":"7tltr","text":"            <label for=\"email\">email</label>","type":"custom-code-block-html","depth":0,"inlineStyleRanges":[],"entityRanges":[],"data":{}},{"key":"9gfds","text":"            <input","type":"custom-code-block-html","depth":0,"inlineStyleRanges":[],"entityRanges":[],"data":{}},{"key":"1d99o","text":"              type=\"text\"","type":"custom-code-block-html","depth":0,"inlineStyleRanges":[],"entityRanges":[],"data":{}},{"key":"8o4t0","text":"              id=\"email\"","type":"custom-code-block-html","depth":0,"inlineStyleRanges":[],"entityRanges":[],"data":{}},{"key":"f7b57","text":"              formControlName=\"email\"","type":"custom-code-block-html","depth":0,"inlineStyleRanges":[],"entityRanges":[],"data":{}},{"key":"5al3i","text":"              class=\"form-control\">","type":"custom-code-block-html","depth":0,"inlineStyleRanges":[],"entityRanges":[],"data":{}},{"key":"39qs3","text":"              <p class=\"help-block\" *ngIf=\"!signupForm.get('userData.email').valid && signupForm.get('userData.email').touched\"> <!-- change paths in the get methods -->","type":"custom-code-block-html","depth":0,"inlineStyleRanges":[{"offset":60,"length":14,"style":"BOLD"},{"offset":102,"length":14,"style":"BOLD"},{"offset":134,"length":35,"style":"BOLD"},{"offset":60,"length":14,"style":"ITALIC"},{"offset":102,"length":14,"style":"ITALIC"},{"offset":134,"length":35,"style":"ITALIC"}],"entityRanges":[],"data":{}},{"key":"11vqa","text":"                Email is not valid!","type":"custom-code-block-html","depth":0,"inlineStyleRanges":[],"entityRanges":[],"data":{}},{"key":"9ve2r","text":"              </p>","type":"custom-code-block-html","depth":0,"inlineStyleRanges":[],"entityRanges":[],"data":{}},{"key":"d7o1e","text":"          </div>","type":"custom-code-block-html","depth":0,"inlineStyleRanges":[],"entityRanges":[],"data":{}},{"key":"5q7tf","text":"        </div>","type":"custom-code-block-html","depth":0,"inlineStyleRanges":[],"entityRanges":[],"data":{}},{"key":"90ifl","text":"        <div class=\"radio\" *ngFor=\"let gender of genders\">","type":"custom-code-block-html","depth":0,"inlineStyleRanges":[],"entityRanges":[],"data":{}},{"key":"ai3h7","text":"          <label>","type":"custom-code-block-html","depth":0,"inlineStyleRanges":[],"entityRanges":[],"data":{}},{"key":"78tt8","text":"            <input","type":"custom-code-block-html","depth":0,"inlineStyleRanges":[],"entityRanges":[],"data":{}},{"key":"2hhmn","text":"              type=\"radio\"","type":"custom-code-block-html","depth":0,"inlineStyleRanges":[],"entityRanges":[],"data":{}},{"key":"qdg0","text":"              formControlName=\"gender\"","type":"custom-code-block-html","depth":0,"inlineStyleRanges":[],"entityRanges":[],"data":{}},{"key":"dmrb5","text":"              [value]=\"gender\">{{ gender }}","type":"custom-code-block-html","depth":0,"inlineStyleRanges":[],"entityRanges":[],"data":{}},{"key":"3btkh","text":"          </label>","type":"custom-code-block-html","depth":0,"inlineStyleRanges":[],"entityRanges":[],"data":{}},{"key":"a0pui","text":"        </div>","type":"custom-code-block-html","depth":0,"inlineStyleRanges":[],"entityRanges":[],"data":{}},{"key":"4cap5","text":"        <button class=\"btn btn-primary\" type=\"submit\" (click)=\"onSubmit()\">Submit</button>","type":"custom-code-block-html","depth":0,"inlineStyleRanges":[],"entityRanges":[],"data":{}},{"key":"5c6l3","text":"      </form>","type":"custom-code-block-html","depth":0,"inlineStyleRanges":[],"entityRanges":[],"data":{}},{"key":"ivh4","text":"","type":"unstyled","depth":0,"inlineStyleRanges":[],"entityRanges":[],"data":{}},{"key":"fl6kv","text":"+++++++++++++++++++++++++++++++++++++++++++++++++++++++++++","type":"unstyled","depth":0,"inlineStyleRanges":[{"offset":0,"length":59,"style":"BOLD"}],"entityRanges":[],"data":{}},{"key":"fge92","text":"9. Arrays of Form Controls (FormArray) -> you can use it to let user dynamically add controls","type":"unstyled","depth":0,"inlineStyleRanges":[{"offset":0,"length":38,"style":"BOLD"}],"entityRanges":[],"data":{}},{"key":"7h3d1","text":"    9.1. In your TypeScript code add a new property to your FormGroup object connected to your form in the template.","type":"unstyled","depth":0,"inlineStyleRanges":[],"entityRanges":[],"data":{}},{"key":"967gg","text":"    -> the type of this control FormArray  - it holds an array of controls insid","type":"unstyled","depth":0,"inlineStyleRanges":[{"offset":32,"length":11,"style":"BOLD"},{"offset":32,"length":11,"style":"ITALIC"}],"entityRanges":[],"data":{}},{"key":"5tpp2","text":"    -> in this array you can initialize some new controls or leave it empty ( new FormArray([new FormControl(...)]) ):","type":"unstyled","depth":0,"inlineStyleRanges":[],"entityRanges":[],"data":{}},{"key":"8fpls","text":"import { Component, OnInit } from '@angular/core';","type":"custom-code-block-javascript","depth":0,"inlineStyleRanges":[],"entityRanges":[],"data":{}},{"key":"89toa","text":"import { FormGroup, FormControl, Validators, FormArray } from '@angular/forms'; //import FormArray","type":"custom-code-block-javascript","depth":0,"inlineStyleRanges":[{"offset":45,"length":10,"style":"BOLD"},{"offset":45,"length":10,"style":"ITALIC"}],"entityRanges":[],"data":{}},{"key":"aim1m","text":"","type":"custom-code-block-javascript","depth":0,"inlineStyleRanges":[],"entityRanges":[],"data":{}},{"key":"4os58","text":"@Component({","type":"custom-code-block-javascript","depth":0,"inlineStyleRanges":[],"entityRanges":[],"data":{}},{"key":"8t0fn","text":"  selector: 'app-root',","type":"custom-code-block-javascript","depth":0,"inlineStyleRanges":[],"entityRanges":[],"data":{}},{"key":"3184r","text":"  templateUrl: './app.component.html',","type":"custom-code-block-javascript","depth":0,"inlineStyleRanges":[],"entityRanges":[],"data":{}},{"key":"2fij3","text":"  styleUrls: ['./app.component.css']","type":"custom-code-block-javascript","depth":0,"inlineStyleRanges":[],"entityRanges":[],"data":{}},{"key":"4dde4","text":"})","type":"custom-code-block-javascript","depth":0,"inlineStyleRanges":[],"entityRanges":[],"data":{}},{"key":"c3obb","text":"export class AppComponent implements OnInit {","type":"custom-code-block-javascript","depth":0,"inlineStyleRanges":[],"entityRanges":[],"data":{}},{"key":"3m7sb","text":"  genders = ['male', 'female'];","type":"custom-code-block-javascript","depth":0,"inlineStyleRanges":[],"entityRanges":[],"data":{}},{"key":"65hb4","text":"  signupForm: FormGroup;","type":"custom-code-block-javascript","depth":0,"inlineStyleRanges":[],"entityRanges":[],"data":{}},{"key":"b3f4p","text":"  ngOnInit() {","type":"custom-code-block-javascript","depth":0,"inlineStyleRanges":[],"entityRanges":[],"data":{}},{"key":"1n2e","text":"    this.signupForm = new FormGroup({","type":"custom-code-block-javascript","depth":0,"inlineStyleRanges":[],"entityRanges":[],"data":{}},{"key":"1euc2","text":"      'userData': new FormGroup({","type":"custom-code-block-javascript","depth":0,"inlineStyleRanges":[],"entityRanges":[],"data":{}},{"key":"75lq2","text":"        'username': new FormControl(null, Validators.required),","type":"custom-code-block-javascript","depth":0,"inlineStyleRanges":[],"entityRanges":[],"data":{}},{"key":"26u26","text":"        'email': new FormControl(null, [Validators.required, Validators.email])","type":"custom-code-block-javascript","depth":0,"inlineStyleRanges":[],"entityRanges":[],"data":{}},{"key":"9s0bm","text":"      }),","type":"custom-code-block-javascript","depth":0,"inlineStyleRanges":[],"entityRanges":[],"data":{}},{"key":"4gaqf","text":"      'gender': new FormControl('male'),","type":"custom-code-block-javascript","depth":0,"inlineStyleRanges":[],"entityRanges":[],"data":{}},{"key":"cbfou","text":"      'hobbies': new FormArray([]); //initialize a new FormArray","type":"custom-code-block-javascript","depth":0,"inlineStyleRanges":[{"offset":6,"length":58,"style":"BOLD"},{"offset":6,"length":58,"style":"ITALIC"}],"entityRanges":[],"data":{}},{"key":"db2gt","text":"    });","type":"custom-code-block-javascript","depth":0,"inlineStyleRanges":[],"entityRanges":[],"data":{}},{"key":"5urv7","text":"  }","type":"custom-code-block-javascript","depth":0,"inlineStyleRanges":[],"entityRanges":[],"data":{}},{"key":"3g1r8","text":"  onAddHobby() { //method to add a new hobby control to the FormArray","type":"custom-code-block-javascript","depth":0,"inlineStyleRanges":[{"offset":0,"length":69,"style":"BOLD"},{"offset":0,"length":69,"style":"ITALIC"}],"entityRanges":[],"data":{}},{"key":"6bsuq","text":"    // to not get an error - you have to tell Angular that this is the type FormArray","type":"custom-code-block-javascript","depth":0,"inlineStyleRanges":[{"offset":0,"length":85,"style":"BOLD"},{"offset":0,"length":85,"style":"ITALIC"}],"entityRanges":[],"data":{}},{"key":"8jfcu","text":"    // here we have to explicitly cast this. Now everything in the parenthesis is treated as an array","type":"custom-code-block-javascript","depth":0,"inlineStyleRanges":[{"offset":0,"length":101,"style":"BOLD"},{"offset":0,"length":101,"style":"ITALIC"}],"entityRanges":[],"data":{}},{"key":"6p7ip","text":"    const control = new FormControl(null, Validator.required);","type":"custom-code-block-javascript","depth":0,"inlineStyleRanges":[{"offset":0,"length":62,"style":"BOLD"},{"offset":0,"length":62,"style":"ITALIC"}],"entityRanges":[],"data":{}},{"key":"2m73l","text":"    (<FormArray>this.signupForm.get('hobbies')).push(control);","type":"custom-code-block-javascript","depth":0,"inlineStyleRanges":[{"offset":0,"length":62,"style":"BOLD"},{"offset":0,"length":62,"style":"ITALIC"}],"entityRanges":[],"data":{}},{"key":"g4fk","text":"  }","type":"custom-code-block-javascript","depth":0,"inlineStyleRanges":[{"offset":0,"length":3,"style":"BOLD"},{"offset":0,"length":3,"style":"ITALIC"}],"entityRanges":[],"data":{}},{"key":"finep","text":"}","type":"custom-code-block-javascript","depth":0,"inlineStyleRanges":[],"entityRanges":[],"data":{}},{"key":"1va6","text":"","type":"unstyled","depth":0,"inlineStyleRanges":[],"entityRanges":[],"data":{}},{"key":"7c6fo","text":"9.2.Synchronize it with your template:","type":"unstyled","depth":0,"inlineStyleRanges":[],"entityRanges":[],"data":{}},{"key":"3gvt2","text":" -> bind your formArray with html wrapper using formArrayName","type":"unstyled","depth":0,"inlineStyleRanges":[],"entityRanges":[],"data":{}},{"key":"51chq","text":" -> create a loop through your controls *ngFor=\"let hobbyControl of signupForm.get('hobbies').controls; let i = index\"","type":"unstyled","depth":0,"inlineStyleRanges":[],"entityRanges":[],"data":{}},{"key":"8ap3e","text":" -> add a formControlName equal to index of the loop","type":"unstyled","depth":0,"inlineStyleRanges":[],"entityRanges":[],"data":{}},{"key":"7jdsm","text":" ","type":"unstyled","depth":0,"inlineStyleRanges":[],"entityRanges":[],"data":{}},{"key":"ebff5","text":"      <form [formGroup]=\"signupForm\">","type":"custom-code-block-javascript","depth":0,"inlineStyleRanges":[],"entityRanges":[],"data":{}},{"key":"4irmh","text":"        <div formGroupName=\"userData\">","type":"custom-code-block-javascript","depth":0,"inlineStyleRanges":[],"entityRanges":[],"data":{}},{"key":"c2i79","text":"          <div class=\"form-group\">","type":"custom-code-block-javascript","depth":0,"inlineStyleRanges":[],"entityRanges":[],"data":{}},{"key":"ar281","text":"            <label for=\"username\">Username</label>","type":"custom-code-block-javascript","depth":0,"inlineStyleRanges":[],"entityRanges":[],"data":{}},{"key":"9t5j0","text":"            <input","type":"custom-code-block-javascript","depth":0,"inlineStyleRanges":[],"entityRanges":[],"data":{}},{"key":"dl9lg","text":"              type=\"text\"","type":"custom-code-block-javascript","depth":0,"inlineStyleRanges":[],"entityRanges":[],"data":{}},{"key":"f0hnv","text":"              id=\"username\"","type":"custom-code-block-javascript","depth":0,"inlineStyleRanges":[],"entityRanges":[],"data":{}},{"key":"b3gul","text":"              formControlName=\"username\"","type":"custom-code-block-javascript","depth":0,"inlineStyleRanges":[],"entityRanges":[],"data":{}},{"key":"eic12","text":"              class=\"form-control\">","type":"custom-code-block-javascript","depth":0,"inlineStyleRanges":[],"entityRanges":[],"data":{}},{"key":"93tvp","text":"          </div>","type":"custom-code-block-javascript","depth":0,"inlineStyleRanges":[],"entityRanges":[],"data":{}},{"key":"30rh8","text":"          <div class=\"form-group\">","type":"custom-code-block-javascript","depth":0,"inlineStyleRanges":[],"entityRanges":[],"data":{}},{"key":"b9vha","text":"            <label for=\"email\">email</label>","type":"custom-code-block-javascript","depth":0,"inlineStyleRanges":[],"entityRanges":[],"data":{}},{"key":"em0pn","text":"            <input","type":"custom-code-block-javascript","depth":0,"inlineStyleRanges":[],"entityRanges":[],"data":{}},{"key":"efqne","text":"              type=\"text\"","type":"custom-code-block-javascript","depth":0,"inlineStyleRanges":[],"entityRanges":[],"data":{}},{"key":"3clqj","text":"              id=\"email\"","type":"custom-code-block-javascript","depth":0,"inlineStyleRanges":[],"entityRanges":[],"data":{}},{"key":"bgmhj","text":"              formControlName=\"email\"","type":"custom-code-block-javascript","depth":0,"inlineStyleRanges":[],"entityRanges":[],"data":{}},{"key":"5uks8","text":"              class=\"form-control\">","type":"custom-code-block-javascript","depth":0,"inlineStyleRanges":[],"entityRanges":[],"data":{}},{"key":"d5tjr","text":"              <p class=\"help-block\" *ngIf=\"!signupForm.get('userData.email').valid && signupForm.get('userData.email').touched\">","type":"custom-code-block-javascript","depth":0,"inlineStyleRanges":[],"entityRanges":[],"data":{}},{"key":"8nb6r","text":"                Email is not valid!","type":"custom-code-block-javascript","depth":0,"inlineStyleRanges":[],"entityRanges":[],"data":{}},{"key":"9o3hf","text":"              </p>","type":"custom-code-block-javascript","depth":0,"inlineStyleRanges":[],"entityRanges":[],"data":{}},{"key":"9cp7n","text":"          </div>","type":"custom-code-block-javascript","depth":0,"inlineStyleRanges":[],"entityRanges":[],"data":{}},{"key":"8qoh3","text":"        </div>","type":"custom-code-block-javascript","depth":0,"inlineStyleRanges":[],"entityRanges":[],"data":{}},{"key":"cqfev","text":"        <div class=\"radio\" *ngFor=\"let gender of genders\">","type":"custom-code-block-javascript","depth":0,"inlineStyleRanges":[],"entityRanges":[],"data":{}},{"key":"7kug7","text":"          <label>","type":"custom-code-block-javascript","depth":0,"inlineStyleRanges":[],"entityRanges":[],"data":{}},{"key":"5c0su","text":"            <input","type":"custom-code-block-javascript","depth":0,"inlineStyleRanges":[],"entityRanges":[],"data":{}},{"key":"8emp1","text":"              type=\"radio\"","type":"custom-code-block-javascript","depth":0,"inlineStyleRanges":[],"entityRanges":[],"data":{}},{"key":"8p9fp","text":"              formControlName=\"gender\"","type":"custom-code-block-javascript","depth":0,"inlineStyleRanges":[],"entityRanges":[],"data":{}},{"key":"5ebs1","text":"              [value]=\"gender\">{{ gender }}","type":"custom-code-block-javascript","depth":0,"inlineStyleRanges":[],"entityRanges":[],"data":{}},{"key":"1mgcc","text":"          </label>","type":"custom-code-block-javascript","depth":0,"inlineStyleRanges":[],"entityRanges":[],"data":{}},{"key":"56doj","text":"        </div>","type":"custom-code-block-javascript","depth":0,"inlineStyleRanges":[],"entityRanges":[],"data":{}},{"key":"1392h","text":"        <div formArrayName=\"hobbies\"> //bind your formArray with html wrapper using formArrayName","type":"custom-code-block-javascript","depth":0,"inlineStyleRanges":[{"offset":13,"length":23,"style":"BOLD"},{"offset":13,"length":23,"style":"ITALIC"}],"entityRanges":[],"data":{}},{"key":"anli5","text":"          <h4>Your Hobbies:</h4>","type":"custom-code-block-javascript","depth":0,"inlineStyleRanges":[],"entityRanges":[],"data":{}},{"key":"afu5p","text":"          <button class=\"btn btn-success\" type='button' (click)=\"onAddHobby()\">","type":"custom-code-block-javascript","depth":0,"inlineStyleRanges":[],"entityRanges":[],"data":{}},{"key":"65d4m","text":"            Add a new Hobby","type":"custom-code-block-javascript","depth":0,"inlineStyleRanges":[],"entityRanges":[],"data":{}},{"key":"l4i1","text":"          </button>","type":"custom-code-block-javascript","depth":0,"inlineStyleRanges":[],"entityRanges":[],"data":{}},{"key":"aifj8","text":"          <div class=\"form-group\" *ngFor=\"let hobbyControl of signupForm.get('hobbies').controls; let i = index\">","type":"custom-code-block-javascript","depth":0,"inlineStyleRanges":[{"offset":0,"length":113,"style":"BOLD"},{"offset":0,"length":113,"style":"ITALIC"}],"entityRanges":[],"data":{}},{"key":"2q49m","text":"            <input type=\"text\" class=\"form-control\" [formControlName]=\"i\">","type":"custom-code-block-javascript","depth":0,"inlineStyleRanges":[{"offset":0,"length":74,"style":"BOLD"},{"offset":0,"length":74,"style":"ITALIC"}],"entityRanges":[],"data":{}},{"key":"6l190","text":"          </div>","type":"custom-code-block-javascript","depth":0,"inlineStyleRanges":[{"offset":0,"length":16,"style":"BOLD"},{"offset":0,"length":16,"style":"ITALIC"}],"entityRanges":[],"data":{}},{"key":"9bt1s","text":"        </div>","type":"custom-code-block-javascript","depth":0,"inlineStyleRanges":[],"entityRanges":[],"data":{}},{"key":"ft720","text":"        <button class=\"btn btn-primary\" type=\"submit\" (click)=\"onSubmit()\">Submit</button>","type":"custom-code-block-javascript","depth":0,"inlineStyleRanges":[],"entityRanges":[],"data":{}},{"key":"38dst","text":"      </form>","type":"custom-code-block-javascript","depth":0,"inlineStyleRanges":[],"entityRanges":[],"data":{}},{"key":"b1fs3","text":"","type":"unstyled","depth":0,"inlineStyleRanges":[],"entityRanges":[],"data":{}},{"key":"e7r0j","text":"+++++++++++++++++++++++++++++++++++++++++++++++++++++++++++","type":"unstyled","depth":0,"inlineStyleRanges":[{"offset":0,"length":59,"style":"BOLD"}],"entityRanges":[],"data":{}},{"key":"d3p9c","text":"10. Creating Custom Validators","type":"unstyled","depth":0,"inlineStyleRanges":[{"offset":0,"length":30,"style":"BOLD"}],"entityRanges":[],"data":{}},{"key":"5ughb","text":"-> A validator in the end is just a function which get access by angular automatically when it checks the validity of the form control","type":"unstyled","depth":0,"inlineStyleRanges":[],"entityRanges":[],"data":{}},{"key":"5hh9a","text":"import { Component, OnInit } from '@angular/core';","type":"custom-code-block-javascript","depth":0,"inlineStyleRanges":[],"entityRanges":[],"data":{}},{"key":"cq8eo","text":"import { FormGroup, FormControl, Validators, FormArray } from '@angular/forms';","type":"custom-code-block-javascript","depth":0,"inlineStyleRanges":[],"entityRanges":[],"data":{}},{"key":"e47tv","text":"","type":"custom-code-block-javascript","depth":0,"inlineStyleRanges":[],"entityRanges":[],"data":{}},{"key":"32nlt","text":"@Component({","type":"custom-code-block-javascript","depth":0,"inlineStyleRanges":[],"entityRanges":[],"data":{}},{"key":"5uq88","text":"  selector: 'app-root',","type":"custom-code-block-javascript","depth":0,"inlineStyleRanges":[],"entityRanges":[],"data":{}},{"key":"6u9u5","text":"  templateUrl: './app.component.html',","type":"custom-code-block-javascript","depth":0,"inlineStyleRanges":[],"entityRanges":[],"data":{}},{"key":"al0j4","text":"  styleUrls: ['./app.component.css']","type":"custom-code-block-javascript","depth":0,"inlineStyleRanges":[],"entityRanges":[],"data":{}},{"key":"3t289","text":"})","type":"custom-code-block-javascript","depth":0,"inlineStyleRanges":[],"entityRanges":[],"data":{}},{"key":"8t8cj","text":"export class AppComponent implements OnInit {","type":"custom-code-block-javascript","depth":0,"inlineStyleRanges":[],"entityRanges":[],"data":{}},{"key":"5jicj","text":"  genders = ['male', 'female'];","type":"custom-code-block-javascript","depth":0,"inlineStyleRanges":[],"entityRanges":[],"data":{}},{"key":"6jban","text":"  signupForm: FormGroup;","type":"custom-code-block-javascript","depth":0,"inlineStyleRanges":[],"entityRanges":[],"data":{}},{"key":"44feh","text":"  forbiddenUsernames = ['Anna', 'John'];","type":"custom-code-block-javascript","depth":0,"inlineStyleRanges":[{"offset":2,"length":38,"style":"BOLD"},{"offset":2,"length":38,"style":"ITALIC"}],"entityRanges":[],"data":{}},{"key":"ev0n0","text":"","type":"custom-code-block-javascript","depth":0,"inlineStyleRanges":[],"entityRanges":[],"data":{}},{"key":"bvmk8","text":"  ngOnInit() {","type":"custom-code-block-javascript","depth":0,"inlineStyleRanges":[],"entityRanges":[],"data":{}},{"key":"1uoef","text":"    this.signupForm = new FormGroup({","type":"custom-code-block-javascript","depth":0,"inlineStyleRanges":[],"entityRanges":[],"data":{}},{"key":"67beh","text":"      'userData': new FormGroup({","type":"custom-code-block-javascript","depth":0,"inlineStyleRanges":[],"entityRanges":[],"data":{}},{"key":"flh6i","text":"        'username': new FormControl(null, [Validators.required, this.forbiddenNames.bind(this)]), // we add a bind(this) beacuse Angular is invoking this method from outside and doesn't know about this index to this object","type":"custom-code-block-javascript","depth":0,"inlineStyleRanges":[{"offset":42,"length":180,"style":"BOLD"},{"offset":42,"length":180,"style":"ITALIC"}],"entityRanges":[],"data":{}},{"key":"488v6","text":"        'email': new FormControl(null, [Validators.required, Validators.email])","type":"custom-code-block-javascript","depth":0,"inlineStyleRanges":[],"entityRanges":[],"data":{}},{"key":"2d33o","text":"      }),","type":"custom-code-block-javascript","depth":0,"inlineStyleRanges":[],"entityRanges":[],"data":{}},{"key":"omki","text":"      'gender': new FormControl('male'),","type":"custom-code-block-javascript","depth":0,"inlineStyleRanges":[],"entityRanges":[],"data":{}},{"key":"2ti1v","text":"      'hobbies': new FormArray([]);","type":"custom-code-block-javascript","depth":0,"inlineStyleRanges":[],"entityRanges":[],"data":{}},{"key":"64a7t","text":"    });","type":"custom-code-block-javascript","depth":0,"inlineStyleRanges":[],"entityRanges":[],"data":{}},{"key":"hrjr","text":"  }","type":"custom-code-block-javascript","depth":0,"inlineStyleRanges":[],"entityRanges":[],"data":{}},{"key":"7o5dr","text":"","type":"custom-code-block-javascript","depth":0,"inlineStyleRanges":[],"entityRanges":[],"data":{}},{"key":"eftrv","text":"  //validator to work correctly needs to receive argument which is control","type":"custom-code-block-javascript","depth":0,"inlineStyleRanges":[{"offset":0,"length":74,"style":"BOLD"},{"offset":0,"length":74,"style":"ITALIC"}],"entityRanges":[],"data":{}},{"key":"b513i","text":"  //validator also needs to return something for Angular to be able to handle validator correctly","type":"custom-code-block-javascript","depth":0,"inlineStyleRanges":[{"offset":0,"length":97,"style":"BOLD"},{"offset":0,"length":97,"style":"ITALIC"}],"entityRanges":[],"data":{}},{"key":"bio2e","text":"  // - it should be a JS object and have any key (interpreted as string) and value that should be a boolean","type":"custom-code-block-javascript","depth":0,"inlineStyleRanges":[{"offset":0,"length":107,"style":"BOLD"},{"offset":0,"length":107,"style":"ITALIC"}],"entityRanges":[],"data":{}},{"key":"dtp5m","text":"  // it should look like this: {nameIsForbidden: true}","type":"custom-code-block-javascript","depth":0,"inlineStyleRanges":[{"offset":0,"length":54,"style":"BOLD"},{"offset":0,"length":54,"style":"ITALIC"}],"entityRanges":[],"data":{}},{"key":"c86el","text":"  forbiddenNames(control: FormControl): {[s: string]: boolean} {","type":"custom-code-block-javascript","depth":0,"inlineStyleRanges":[{"offset":0,"length":64,"style":"BOLD"},{"offset":0,"length":64,"style":"ITALIC"}],"entityRanges":[],"data":{}},{"key":"404fi","text":"    if (this.forbiddenUsernames.indexOf(control.value) !== -1) {","type":"custom-code-block-javascript","depth":0,"inlineStyleRanges":[{"offset":0,"length":64,"style":"BOLD"},{"offset":0,"length":64,"style":"ITALIC"}],"entityRanges":[],"data":{}},{"key":"e9lln","text":"      return {'nameIsForbidden': true}","type":"custom-code-block-javascript","depth":0,"inlineStyleRanges":[{"offset":0,"length":38,"style":"BOLD"},{"offset":0,"length":38,"style":"ITALIC"}],"entityRanges":[],"data":{}},{"key":"o6f9","text":"    }","type":"custom-code-block-javascript","depth":0,"inlineStyleRanges":[{"offset":0,"length":5,"style":"BOLD"},{"offset":0,"length":5,"style":"ITALIC"}],"entityRanges":[],"data":{}},{"key":"3mlao","text":"    return null;","type":"custom-code-block-javascript","depth":0,"inlineStyleRanges":[{"offset":0,"length":16,"style":"BOLD"},{"offset":0,"length":16,"style":"ITALIC"}],"entityRanges":[],"data":{}},{"key":"9k6tb","text":"  }","type":"custom-code-block-javascript","depth":0,"inlineStyleRanges":[{"offset":0,"length":3,"style":"BOLD"},{"offset":0,"length":3,"style":"ITALIC"}],"entityRanges":[],"data":{}},{"key":"2h4rn","text":"  //if validation is successful you have to pass nothing or null!!!","type":"custom-code-block-javascript","depth":0,"inlineStyleRanges":[{"offset":0,"length":67,"style":"BOLD"},{"offset":0,"length":67,"style":"ITALIC"}],"entityRanges":[],"data":{}},{"key":"ddjds","text":"}","type":"custom-code-block-javascript","depth":0,"inlineStyleRanges":[],"entityRanges":[],"data":{}},{"key":"ctrba","text":"","type":"unstyled","depth":0,"inlineStyleRanges":[],"entityRanges":[],"data":{}},{"key":"6d01j","text":"+++++++++++++++++++++++++++++++++++++++++++++++++++++++++++","type":"unstyled","depth":0,"inlineStyleRanges":[{"offset":0,"length":59,"style":"BOLD"}],"entityRanges":[],"data":{}},{"key":"33a5l","text":"11. Using Error Codes -> Angular adds the error property to the particular control object when that error occure there.","type":"unstyled","depth":0,"inlineStyleRanges":[],"entityRanges":[],"data":{}},{"key":"dqjhc","text":"-> for e.g. when input is empty to that control object to error property it will add required: true ","type":"unstyled","depth":0,"inlineStyleRanges":[{"offset":85,"length":15,"style":"BOLD"}],"entityRanges":[],"data":{}},{"key":"e11ac","text":"-> we can use it to output appropriate messages","type":"unstyled","depth":0,"inlineStyleRanges":[{"offset":0,"length":47,"style":"BOLD"}],"entityRanges":[],"data":{}},{"key":"cgcif","text":"<label for=\"username\">Username</label>","type":"custom-code-block-html","depth":0,"inlineStyleRanges":[],"entityRanges":[],"data":{}},{"key":"938fk","text":"   <input","type":"custom-code-block-html","depth":0,"inlineStyleRanges":[],"entityRanges":[],"data":{}},{"key":"b5hlc","text":"   type=\"text\"","type":"custom-code-block-html","depth":0,"inlineStyleRanges":[],"entityRanges":[],"data":{}},{"key":"3rran","text":"   id=\"username\"","type":"custom-code-block-html","depth":0,"inlineStyleRanges":[],"entityRanges":[],"data":{}},{"key":"dmh1a","text":"   formControlName=\"username\"","type":"custom-code-block-html","depth":0,"inlineStyleRanges":[],"entityRanges":[],"data":{}},{"key":"ds0hi","text":"   class=\"form-control\">","type":"custom-code-block-html","depth":0,"inlineStyleRanges":[],"entityRanges":[],"data":{}},{"key":"bjpif","text":"   <p class=\"help-block\" *ngIf=\"!s     && signupForm.get('userData.username').touched\">","type":"custom-code-block-html","depth":0,"inlineStyleRanges":[],"entityRanges":[],"data":{}},{"key":"8vevl","text":"   <span class=\"help-block\" *ngIf=\"signupForm.get('userData.username').errors['required']\">","type":"custom-code-block-html","depth":0,"inlineStyleRanges":[{"offset":28,"length":62,"style":"BOLD"},{"offset":28,"length":62,"style":"ITALIC"}],"entityRanges":[],"data":{}},{"key":"de9q8","text":"        Name can't be empty!","type":"custom-code-block-html","depth":0,"inlineStyleRanges":[],"entityRanges":[],"data":{}},{"key":"3uu5r","text":"   </span>","type":"custom-code-block-html","depth":0,"inlineStyleRanges":[],"entityRanges":[],"data":{}},{"key":"2n54u","text":"   <span class=\"help-block\" *ngIf=\"signupForm.get('userData.username').errors['nameIsForbidden']\">","type":"custom-code-block-html","depth":0,"inlineStyleRanges":[{"offset":28,"length":69,"style":"BOLD"},{"offset":28,"length":69,"style":"ITALIC"}],"entityRanges":[],"data":{}},{"key":"2obep","text":"     <!-- this is the same property as we declared in our TypeScript code - our own validator -->","type":"custom-code-block-html","depth":0,"inlineStyleRanges":[],"entityRanges":[],"data":{}},{"key":"a3g9t","text":"        This name is forbidden!","type":"custom-code-block-html","depth":0,"inlineStyleRanges":[],"entityRanges":[],"data":{}},{"key":"25ahv","text":"   </span>","type":"custom-code-block-html","depth":0,"inlineStyleRanges":[],"entityRanges":[],"data":{}},{"key":"65t2n","text":"  </p>","type":"custom-code-block-html","depth":0,"inlineStyleRanges":[],"entityRanges":[],"data":{}},{"key":"8esis","text":"</div>","type":"custom-code-block-html","depth":0,"inlineStyleRanges":[],"entityRanges":[],"data":{}},{"key":"bkvum","text":"","type":"unstyled","depth":0,"inlineStyleRanges":[],"entityRanges":[],"data":{}},{"key":"4cl0s","text":"+++++++++++++++++++++++++++++++++++++++++++++++++++++++++++","type":"unstyled","depth":0,"inlineStyleRanges":[{"offset":0,"length":59,"style":"BOLD"}],"entityRanges":[],"data":{}},{"key":"1qcv6","text":"12. Creating a Custom Asynchronous Validator","type":"unstyled","depth":0,"inlineStyleRanges":[],"entityRanges":[],"data":{}},{"key":"dodg7","text":"-> Angular will add a css class ng-pending until it will get the answer if for e.g. form is valid or not","type":"unstyled","depth":0,"inlineStyleRanges":[{"offset":32,"length":10,"style":"BOLD"}],"entityRanges":[],"data":{}},{"key":"6isdo","text":"-> to use asynch validator pass it to the FormControl object as third argument:","type":"unstyled","depth":0,"inlineStyleRanges":[],"entityRanges":[],"data":{}},{"key":"db0l7","text":"    e.g. with asynch validator:","type":"unstyled","depth":0,"inlineStyleRanges":[],"entityRanges":[],"data":{}},{"key":"9kgtr","text":"    ","type":"unstyled","depth":0,"inlineStyleRanges":[],"entityRanges":[],"data":{}},{"key":"7jqoj","text":"import { Component, OnInit } from '@angular/core';","type":"custom-code-block-javascript","depth":0,"inlineStyleRanges":[],"entityRanges":[],"data":{}},{"key":"7rlvq","text":"import { FormGroup, FormControl, Validators, FormArray } from '@angular/forms';","type":"custom-code-block-javascript","depth":0,"inlineStyleRanges":[],"entityRanges":[],"data":{}},{"key":"85f89","text":"","type":"custom-code-block-javascript","depth":0,"inlineStyleRanges":[],"entityRanges":[],"data":{}},{"key":"2aq87","text":"@Component({","type":"custom-code-block-javascript","depth":0,"inlineStyleRanges":[],"entityRanges":[],"data":{}},{"key":"8oh5i","text":"  selector: 'app-root',","type":"custom-code-block-javascript","depth":0,"inlineStyleRanges":[],"entityRanges":[],"data":{}},{"key":"7r65d","text":"  templateUrl: './app.component.html',","type":"custom-code-block-javascript","depth":0,"inlineStyleRanges":[],"entityRanges":[],"data":{}},{"key":"606bv","text":"  styleUrls: ['./app.component.css']","type":"custom-code-block-javascript","depth":0,"inlineStyleRanges":[],"entityRanges":[],"data":{}},{"key":"7srp1","text":"})","type":"custom-code-block-javascript","depth":0,"inlineStyleRanges":[],"entityRanges":[],"data":{}},{"key":"eqi4g","text":"export class AppComponent implements OnInit {","type":"custom-code-block-javascript","depth":0,"inlineStyleRanges":[],"entityRanges":[],"data":{}},{"key":"bdln3","text":"  genders = ['male', 'female'];","type":"custom-code-block-javascript","depth":0,"inlineStyleRanges":[],"entityRanges":[],"data":{}},{"key":"5e1qn","text":"  signupForm: FormGroup;","type":"custom-code-block-javascript","depth":0,"inlineStyleRanges":[],"entityRanges":[],"data":{}},{"key":"69md","text":"  forbiddenUsernames = ['Anna', 'John'];","type":"custom-code-block-javascript","depth":0,"inlineStyleRanges":[],"entityRanges":[],"data":{}},{"key":"8s7af","text":"","type":"custom-code-block-javascript","depth":0,"inlineStyleRanges":[],"entityRanges":[],"data":{}},{"key":"ec8hc","text":"  ngOnInit() {","type":"custom-code-block-javascript","depth":0,"inlineStyleRanges":[],"entityRanges":[],"data":{}},{"key":"epem7","text":"    this.signupForm = new FormGroup({","type":"custom-code-block-javascript","depth":0,"inlineStyleRanges":[],"entityRanges":[],"data":{}},{"key":"7i266","text":"      'userData': new FormGroup({","type":"custom-code-block-javascript","depth":0,"inlineStyleRanges":[],"entityRanges":[],"data":{}},{"key":"4k611","text":"        'username': new FormControl(null, [Validators.required, this.forbiddenNames.bind(this)]),","type":"custom-code-block-javascript","depth":0,"inlineStyleRanges":[],"entityRanges":[],"data":{}},{"key":"dmjbk","text":"        'email': new FormControl(null, [Validators.required, Validators.email], this.forbiddenEmail)","type":"custom-code-block-javascript","depth":0,"inlineStyleRanges":[{"offset":80,"length":19,"style":"BOLD"},{"offset":80,"length":19,"style":"ITALIC"}],"entityRanges":[],"data":{}},{"key":"8p30k","text":"        // third argument it can be also an array","type":"custom-code-block-javascript","depth":0,"inlineStyleRanges":[],"entityRanges":[],"data":{}},{"key":"9qjsp","text":"      }),","type":"custom-code-block-javascript","depth":0,"inlineStyleRanges":[],"entityRanges":[],"data":{}},{"key":"84u4t","text":"      'gender': new FormControl('male'),","type":"custom-code-block-javascript","depth":0,"inlineStyleRanges":[],"entityRanges":[],"data":{}},{"key":"5d3p1","text":"      'hobbies': new FormArray([]); //initialize a new FormArray","type":"custom-code-block-javascript","depth":0,"inlineStyleRanges":[],"entityRanges":[],"data":{}},{"key":"4ltg6","text":"    });","type":"custom-code-block-javascript","depth":0,"inlineStyleRanges":[],"entityRanges":[],"data":{}},{"key":"b76c5","text":"  }","type":"custom-code-block-javascript","depth":0,"inlineStyleRanges":[],"entityRanges":[],"data":{}},{"key":"1v3q1","text":"  forbiddenEmail(control: FromControl): Promise<any> | Observable<any> {","type":"custom-code-block-javascript","depth":0,"inlineStyleRanges":[{"offset":0,"length":72,"style":"BOLD"},{"offset":0,"length":72,"style":"ITALIC"}],"entityRanges":[],"data":{}},{"key":"d5f57","text":"    const promise = new Promise<any>((resolve, reject) => {","type":"custom-code-block-javascript","depth":0,"inlineStyleRanges":[{"offset":0,"length":59,"style":"BOLD"},{"offset":0,"length":59,"style":"ITALIC"}],"entityRanges":[],"data":{}},{"key":"cc2ff","text":"        setTimeout(() => {","type":"custom-code-block-javascript","depth":0,"inlineStyleRanges":[{"offset":0,"length":26,"style":"BOLD"},{"offset":0,"length":26,"style":"ITALIC"}],"entityRanges":[],"data":{}},{"key":"ls37","text":"          if (control.value === 'test@test.com') {","type":"custom-code-block-javascript","depth":0,"inlineStyleRanges":[{"offset":0,"length":50,"style":"BOLD"},{"offset":0,"length":50,"style":"ITALIC"}],"entityRanges":[],"data":{}},{"key":"d69rr","text":"            resolve({'emailIsForbidden': true});","type":"custom-code-block-javascript","depth":0,"inlineStyleRanges":[{"offset":0,"length":48,"style":"BOLD"},{"offset":0,"length":48,"style":"ITALIC"}],"entityRanges":[],"data":{}},{"key":"dl0ve","text":"          } else {","type":"custom-code-block-javascript","depth":0,"inlineStyleRanges":[{"offset":0,"length":18,"style":"BOLD"},{"offset":0,"length":18,"style":"ITALIC"}],"entityRanges":[],"data":{}},{"key":"73lj6","text":"            resolve(null);","type":"custom-code-block-javascript","depth":0,"inlineStyleRanges":[{"offset":0,"length":26,"style":"BOLD"},{"offset":0,"length":26,"style":"ITALIC"}],"entityRanges":[],"data":{}},{"key":"c33h1","text":"          }","type":"custom-code-block-javascript","depth":0,"inlineStyleRanges":[{"offset":0,"length":11,"style":"BOLD"},{"offset":0,"length":11,"style":"ITALIC"}],"entityRanges":[],"data":{}},{"key":"fk4te","text":"        }, 1500)","type":"custom-code-block-javascript","depth":0,"inlineStyleRanges":[{"offset":0,"length":16,"style":"BOLD"},{"offset":0,"length":16,"style":"ITALIC"}],"entityRanges":[],"data":{}},{"key":"1v6r9","text":"      });","type":"custom-code-block-javascript","depth":0,"inlineStyleRanges":[{"offset":0,"length":9,"style":"BOLD"},{"offset":0,"length":9,"style":"ITALIC"}],"entityRanges":[],"data":{}},{"key":"e4p3q","text":"    return promise;","type":"custom-code-block-javascript","depth":0,"inlineStyleRanges":[{"offset":0,"length":19,"style":"BOLD"},{"offset":0,"length":19,"style":"ITALIC"}],"entityRanges":[],"data":{}},{"key":"mon8","text":"  }","type":"custom-code-block-javascript","depth":0,"inlineStyleRanges":[{"offset":0,"length":3,"style":"BOLD"},{"offset":0,"length":3,"style":"ITALIC"}],"entityRanges":[],"data":{}},{"key":"cq2me","text":"}","type":"custom-code-block-javascript","depth":0,"inlineStyleRanges":[],"entityRanges":[],"data":{}},{"key":"jgpc","text":"","type":"unstyled","depth":0,"inlineStyleRanges":[],"entityRanges":[],"data":{}},{"key":"841dl","text":"+++++++++++++++++++++++++++++++++++++++++++++++++++++++++++","type":"unstyled","depth":0,"inlineStyleRanges":[{"offset":0,"length":59,"style":"BOLD"}],"entityRanges":[],"data":{}},{"key":"8jjd0","text":"13. Reacting to Status or Value Changes","type":"unstyled","depth":0,"inlineStyleRanges":[],"entityRanges":[],"data":{}},{"key":"3en9p","text":"-> two really useful hooks ( they are Observables so you can subscribe to them ):","type":"unstyled","depth":0,"inlineStyleRanges":[],"entityRanges":[],"data":{}},{"key":"d3qb8","text":"    this.signupForm.valueChanges.subscribe(","type":"custom-code-block-javascript","depth":0,"inlineStyleRanges":[],"entityRanges":[],"data":{}},{"key":"4j0ik","text":"      (value) => {","type":"custom-code-block-javascript","depth":0,"inlineStyleRanges":[],"entityRanges":[],"data":{}},{"key":"6fr1r","text":"        console.log(value); //it will print Object with our form ","type":"custom-code-block-javascript","depth":0,"inlineStyleRanges":[],"entityRanges":[],"data":{}},{"key":"300if","text":"      }","type":"custom-code-block-javascript","depth":0,"inlineStyleRanges":[],"entityRanges":[],"data":{}},{"key":"58tfv","text":"    );","type":"custom-code-block-javascript","depth":0,"inlineStyleRanges":[],"entityRanges":[],"data":{}},{"key":"bds6e","text":"","type":"custom-code-block-javascript","depth":0,"inlineStyleRanges":[],"entityRanges":[],"data":{}},{"key":"fla29","text":"    this.signupForm.statusChanges.subscribe(","type":"custom-code-block-javascript","depth":0,"inlineStyleRanges":[],"entityRanges":[],"data":{}},{"key":"569o1","text":"      (status) => {","type":"custom-code-block-javascript","depth":0,"inlineStyleRanges":[],"entityRanges":[],"data":{}},{"key":"73qh8","text":"        console.log(status); //it will print the status e.g. INVALID, PENDING, VALID","type":"custom-code-block-javascript","depth":0,"inlineStyleRanges":[],"entityRanges":[],"data":{}},{"key":"26fvt","text":"      }","type":"custom-code-block-javascript","depth":0,"inlineStyleRanges":[],"entityRanges":[],"data":{}},{"key":"tfs8","text":"    );","type":"custom-code-block-javascript","depth":0,"inlineStyleRanges":[],"entityRanges":[],"data":{}},{"key":"d4knd","text":"","type":"unstyled","depth":0,"inlineStyleRanges":[],"entityRanges":[],"data":{}},{"key":"d3clv","text":"14. Setting, Patching and Reseting Values","type":"unstyled","depth":0,"inlineStyleRanges":[],"entityRanges":[],"data":{}},{"key":"5ui10","text":"-> they are work the same as in the TD approach","type":"unstyled","depth":0,"inlineStyleRanges":[],"entityRanges":[],"data":{}},{"key":"bitd5","text":"","type":"unstyled","depth":0,"inlineStyleRanges":[],"entityRanges":[],"data":{}}],"entityMap":{}},"tags":[]}