{"_id":"B1tBZ3dDM","title":"Ngrx/router-store","dateCreated":"2018-02-19T20:19:13.308Z","lastAccessed":"2018-03-12T22:18:22.193Z","lastUpdated":"2018-02-19T20:39:02.667Z","notebookId":"rySu93hVz","body":{"blocks":[{"key":"ag6qs","text":"Ngrx/router-store","type":"header-one","depth":0,"inlineStyleRanges":[{"offset":5,"length":12,"style":"BOLD"}],"entityRanges":[],"data":{}},{"key":"59kd9","text":"-> Bindings to connect the Angular Router to @ngrx/store","type":"unstyled","depth":0,"inlineStyleRanges":[{"offset":0,"length":3,"style":"BOLD"}],"entityRanges":[],"data":{}},{"key":"b32sd","text":"","type":"unstyled","depth":0,"inlineStyleRanges":[],"entityRanges":[],"data":{}},{"key":"677j","text":"1. Install it:","type":"unstyled","depth":0,"inlineStyleRanges":[],"entityRanges":[],"data":{}},{"key":"2bfep","text":"npm install @ngrx/router-store --save ","type":"custom-code-block-bash","depth":0,"inlineStyleRanges":[{"offset":0,"length":38,"style":"CODE"}],"entityRanges":[],"data":{}},{"key":"dm6h6","text":"","type":"unstyled","depth":0,"inlineStyleRanges":[],"entityRanges":[],"data":{}},{"key":"gj80","text":"2. Add it to app.module.ts: ","type":"unstyled","depth":0,"inlineStyleRanges":[{"offset":0,"length":28,"style":"CODE"}],"entityRanges":[],"data":{}},{"key":"d8ces","text":"import { BrowserModule } from '@angular/platform-browser';","type":"custom-code-block-javascript","depth":0,"inlineStyleRanges":[{"offset":0,"length":58,"style":"CODE"}],"entityRanges":[],"data":{}},{"key":"aqlsp","text":"import { NgModule } from '@angular/core';","type":"custom-code-block-javascript","depth":0,"inlineStyleRanges":[{"offset":0,"length":41,"style":"CODE"}],"entityRanges":[],"data":{}},{"key":"6e4mg","text":"import { HttpClientModule } from '@angular/common/http';","type":"custom-code-block-javascript","depth":0,"inlineStyleRanges":[{"offset":0,"length":56,"style":"CODE"}],"entityRanges":[],"data":{}},{"key":"fcv1e","text":"import { StoreModule } from '@ngrx/store';","type":"custom-code-block-javascript","depth":0,"inlineStyleRanges":[{"offset":0,"length":42,"style":"CODE"}],"entityRanges":[],"data":{}},{"key":"3a6m6","text":"","type":"custom-code-block-javascript","depth":0,"inlineStyleRanges":[],"entityRanges":[],"data":{}},{"key":"c6qr6","text":"import { AppComponent } from './app.component';","type":"custom-code-block-javascript","depth":0,"inlineStyleRanges":[{"offset":0,"length":47,"style":"CODE"}],"entityRanges":[],"data":{}},{"key":"51rk0","text":"import { CoreModule } from './core/core.module';","type":"custom-code-block-javascript","depth":0,"inlineStyleRanges":[{"offset":0,"length":48,"style":"CODE"}],"entityRanges":[],"data":{}},{"key":"aovsf","text":"","type":"custom-code-block-javascript","depth":0,"inlineStyleRanges":[],"entityRanges":[],"data":{}},{"key":"ftgn9","text":"import { AppRoutingModule } from './app-routing.module';","type":"custom-code-block-javascript","depth":0,"inlineStyleRanges":[{"offset":0,"length":56,"style":"CODE"}],"entityRanges":[],"data":{}},{"key":"4l68","text":"import { ReactiveFormsModule } from '@angular/forms';","type":"custom-code-block-javascript","depth":0,"inlineStyleRanges":[{"offset":0,"length":53,"style":"CODE"}],"entityRanges":[],"data":{}},{"key":"3k9ih","text":"import { SharedModule } from './shared/shared.module';","type":"custom-code-block-javascript","depth":0,"inlineStyleRanges":[{"offset":0,"length":54,"style":"CODE"}],"entityRanges":[],"data":{}},{"key":"7do7a","text":"import { ShoppingListModule } from './shopping-list/shopping-list.module';","type":"custom-code-block-javascript","depth":0,"inlineStyleRanges":[{"offset":0,"length":74,"style":"CODE"}],"entityRanges":[],"data":{}},{"key":"9u98c","text":"import { AuthModule } from './auth/auth.module';","type":"custom-code-block-javascript","depth":0,"inlineStyleRanges":[{"offset":0,"length":48,"style":"CODE"}],"entityRanges":[],"data":{}},{"key":"b1u8u","text":"import { reducers } from './store/app.reducers';","type":"custom-code-block-javascript","depth":0,"inlineStyleRanges":[{"offset":0,"length":48,"style":"CODE"}],"entityRanges":[],"data":{}},{"key":"95vdr","text":"import { EffectsModule } from '@ngrx/effects';","type":"custom-code-block-javascript","depth":0,"inlineStyleRanges":[{"offset":0,"length":46,"style":"CODE"}],"entityRanges":[],"data":{}},{"key":"2tcdo","text":"import { AuthEffects } from './auth/store/auth.effects';","type":"custom-code-block-javascript","depth":0,"inlineStyleRanges":[{"offset":0,"length":56,"style":"CODE"}],"entityRanges":[],"data":{}},{"key":"ahdt5","text":"import { StoreRouterConnectingModule } from '@ngrx/router-store';","type":"custom-code-block-javascript","depth":0,"inlineStyleRanges":[{"offset":0,"length":65,"style":"CODE"},{"offset":0,"length":65,"style":"ITALIC"},{"offset":0,"length":65,"style":"BOLD"}],"entityRanges":[],"data":{}},{"key":"6jr0s","text":"","type":"custom-code-block-javascript","depth":0,"inlineStyleRanges":[],"entityRanges":[],"data":{}},{"key":"1oe40","text":"@NgModule({","type":"custom-code-block-javascript","depth":0,"inlineStyleRanges":[{"offset":0,"length":11,"style":"CODE"}],"entityRanges":[],"data":{}},{"key":"96fq5","text":"  declarations: [","type":"custom-code-block-javascript","depth":0,"inlineStyleRanges":[{"offset":0,"length":17,"style":"CODE"}],"entityRanges":[],"data":{}},{"key":"a7hae","text":"    AppComponent","type":"custom-code-block-javascript","depth":0,"inlineStyleRanges":[{"offset":0,"length":16,"style":"CODE"}],"entityRanges":[],"data":{}},{"key":"7hpnp","text":"  ],","type":"custom-code-block-javascript","depth":0,"inlineStyleRanges":[{"offset":0,"length":4,"style":"CODE"}],"entityRanges":[],"data":{}},{"key":"9tj0j","text":"  imports: [","type":"custom-code-block-javascript","depth":0,"inlineStyleRanges":[{"offset":0,"length":12,"style":"CODE"}],"entityRanges":[],"data":{}},{"key":"7fkg7","text":"    BrowserModule,","type":"custom-code-block-javascript","depth":0,"inlineStyleRanges":[{"offset":0,"length":18,"style":"CODE"}],"entityRanges":[],"data":{}},{"key":"cj128","text":"    HttpClientModule,","type":"custom-code-block-javascript","depth":0,"inlineStyleRanges":[{"offset":0,"length":21,"style":"CODE"}],"entityRanges":[],"data":{}},{"key":"2vvpa","text":"    AppRoutingModule,","type":"custom-code-block-javascript","depth":0,"inlineStyleRanges":[{"offset":0,"length":21,"style":"CODE"}],"entityRanges":[],"data":{}},{"key":"6s7ke","text":"    SharedModule,","type":"custom-code-block-javascript","depth":0,"inlineStyleRanges":[{"offset":0,"length":17,"style":"CODE"}],"entityRanges":[],"data":{}},{"key":"2rh9v","text":"    ShoppingListModule,","type":"custom-code-block-javascript","depth":0,"inlineStyleRanges":[{"offset":0,"length":23,"style":"CODE"}],"entityRanges":[],"data":{}},{"key":"cfoa7","text":"    AuthModule,","type":"custom-code-block-javascript","depth":0,"inlineStyleRanges":[{"offset":0,"length":15,"style":"CODE"}],"entityRanges":[],"data":{}},{"key":"2abvs","text":"    CoreModule,","type":"custom-code-block-javascript","depth":0,"inlineStyleRanges":[{"offset":0,"length":15,"style":"CODE"}],"entityRanges":[],"data":{}},{"key":"f2s0c","text":"    StoreModule.forRoot(reducers),","type":"custom-code-block-javascript","depth":0,"inlineStyleRanges":[{"offset":0,"length":34,"style":"CODE"}],"entityRanges":[],"data":{}},{"key":"avcbn","text":"    EffectsModule.forRoot([AuthEffects]),","type":"custom-code-block-javascript","depth":0,"inlineStyleRanges":[{"offset":0,"length":41,"style":"CODE"}],"entityRanges":[],"data":{}},{"key":"3p1f5","text":"    StoreRouterConnectingModule","type":"custom-code-block-javascript","depth":0,"inlineStyleRanges":[{"offset":0,"length":31,"style":"CODE"},{"offset":0,"length":31,"style":"BOLD"},{"offset":0,"length":31,"style":"ITALIC"}],"entityRanges":[],"data":{}},{"key":"3cug8","text":"  ],","type":"custom-code-block-javascript","depth":0,"inlineStyleRanges":[{"offset":0,"length":4,"style":"CODE"}],"entityRanges":[],"data":{}},{"key":"cnvfn","text":"  bootstrap: [AppComponent]","type":"custom-code-block-javascript","depth":0,"inlineStyleRanges":[{"offset":0,"length":27,"style":"CODE"}],"entityRanges":[],"data":{}},{"key":"2l04u","text":"})","type":"custom-code-block-javascript","depth":0,"inlineStyleRanges":[{"offset":0,"length":2,"style":"CODE"}],"entityRanges":[],"data":{}},{"key":"cd746","text":"export class AppModule { }","type":"custom-code-block-javascript","depth":0,"inlineStyleRanges":[{"offset":0,"length":26,"style":"CODE"}],"entityRanges":[],"data":{}},{"key":"cod83","text":"","type":"custom-code-block-javascript","depth":0,"inlineStyleRanges":[],"entityRanges":[],"data":{}}],"entityMap":{}},"tags":[]}