{"_id":"BJaJ3U28G","title":"Http requests","dateCreated":"2018-02-10T11:47:49.394Z","lastAccessed":"2018-03-12T22:18:26.210Z","lastUpdated":"2018-02-10T20:37:14.666Z","notebookId":"rySu93hVz","body":{"blocks":[{"key":"ag6qs","text":"Http requests","type":"header-one","depth":0,"inlineStyleRanges":[],"entityRanges":[],"data":{}},{"key":"a50bi","text":"-> Http-access deprecated - use a new method HttpClient!!!","type":"unstyled","depth":0,"inlineStyleRanges":[{"offset":15,"length":43,"style":"BOLD"}],"entityRanges":[],"data":{}},{"key":"f9r2r","text":"","type":"unstyled","depth":0,"inlineStyleRanges":[],"entityRanges":[],"data":{}},{"key":"59kd9","text":"################################################################################","type":"unstyled","depth":0,"inlineStyleRanges":[],"entityRanges":[],"data":{}},{"key":"2sod9","text":"","type":"unstyled","depth":0,"inlineStyleRanges":[],"entityRanges":[],"data":{}},{"key":"4orc9","text":"!!! Angular use Observables behind the scenes -> so we can use many operators on this Observables like map() !!!","type":"unstyled","depth":0,"inlineStyleRanges":[{"offset":0,"length":112,"style":"BOLD"}],"entityRanges":[],"data":{}},{"key":"dm27g","text":"","type":"unstyled","depth":0,"inlineStyleRanges":[],"entityRanges":[],"data":{}},{"key":"8ekp3","text":"1. Sending Requests (Example: POST Request)","type":"unstyled","depth":0,"inlineStyleRanges":[],"entityRanges":[],"data":{}},{"key":"9givc","text":"    1.0. Add HttpModule to your app.module.ts !!!!!!!!!!!!","type":"unstyled","depth":0,"inlineStyleRanges":[],"entityRanges":[],"data":{}},{"key":"6f51g","text":"import { BrowserModule } from '@angular/platform-browser';","type":"custom-code-block-javascript","depth":0,"inlineStyleRanges":[],"entityRanges":[],"data":{}},{"key":"41h20","text":"import { NgModule } from '@angular/core';","type":"custom-code-block-javascript","depth":0,"inlineStyleRanges":[],"entityRanges":[],"data":{}},{"key":"1krv2","text":"import { FormsModule } from '@angular/forms';","type":"custom-code-block-javascript","depth":0,"inlineStyleRanges":[],"entityRanges":[],"data":{}},{"key":"7o6fa","text":"import { HttpModule } from '@angular/http';","type":"custom-code-block-javascript","depth":0,"inlineStyleRanges":[{"offset":0,"length":43,"style":"BOLD"},{"offset":0,"length":43,"style":"ITALIC"}],"entityRanges":[],"data":{}},{"key":"31akj","text":"","type":"custom-code-block-javascript","depth":0,"inlineStyleRanges":[],"entityRanges":[],"data":{}},{"key":"as710","text":"@NgModule({","type":"custom-code-block-javascript","depth":0,"inlineStyleRanges":[],"entityRanges":[],"data":{}},{"key":"1o0t9","text":"  declarations: [","type":"custom-code-block-javascript","depth":0,"inlineStyleRanges":[],"entityRanges":[],"data":{}},{"key":"depmp","text":"    AppComponent,","type":"custom-code-block-javascript","depth":0,"inlineStyleRanges":[],"entityRanges":[],"data":{}},{"key":"cv0d4","text":"    HeaderComponent,","type":"custom-code-block-javascript","depth":0,"inlineStyleRanges":[],"entityRanges":[],"data":{}},{"key":"d4dvd","text":"    RecipesComponent,","type":"custom-code-block-javascript","depth":0,"inlineStyleRanges":[],"entityRanges":[],"data":{}},{"key":"f3s39","text":"    RecipeDetailComponent,","type":"custom-code-block-javascript","depth":0,"inlineStyleRanges":[],"entityRanges":[],"data":{}},{"key":"d46b2","text":"    RecipeListComponent,","type":"custom-code-block-javascript","depth":0,"inlineStyleRanges":[],"entityRanges":[],"data":{}},{"key":"738p7","text":"    RecipeItemComponent,","type":"custom-code-block-javascript","depth":0,"inlineStyleRanges":[],"entityRanges":[],"data":{}},{"key":"5b6dq","text":"    ShoppingListComponent,","type":"custom-code-block-javascript","depth":0,"inlineStyleRanges":[],"entityRanges":[],"data":{}},{"key":"30b1s","text":"    ShoppingEditComponent,","type":"custom-code-block-javascript","depth":0,"inlineStyleRanges":[],"entityRanges":[],"data":{}},{"key":"7l4ml","text":"    DropdownDirective,","type":"custom-code-block-javascript","depth":0,"inlineStyleRanges":[],"entityRanges":[],"data":{}},{"key":"b1ov","text":"    RecipeDetailEmptyComponent,","type":"custom-code-block-javascript","depth":0,"inlineStyleRanges":[],"entityRanges":[],"data":{}},{"key":"ee5af","text":"    RecipeEditComponent","type":"custom-code-block-javascript","depth":0,"inlineStyleRanges":[],"entityRanges":[],"data":{}},{"key":"clno2","text":"  ],","type":"custom-code-block-javascript","depth":0,"inlineStyleRanges":[],"entityRanges":[],"data":{}},{"key":"6bo28","text":"  imports: [","type":"custom-code-block-javascript","depth":0,"inlineStyleRanges":[],"entityRanges":[],"data":{}},{"key":"dibb8","text":"    BrowserModule,","type":"custom-code-block-javascript","depth":0,"inlineStyleRanges":[],"entityRanges":[],"data":{}},{"key":"ctev0","text":"    FormsModule,","type":"custom-code-block-javascript","depth":0,"inlineStyleRanges":[],"entityRanges":[],"data":{}},{"key":"2qrjj","text":"    HttpModule,","type":"custom-code-block-javascript","depth":0,"inlineStyleRanges":[{"offset":3,"length":12,"style":"BOLD"},{"offset":3,"length":12,"style":"ITALIC"}],"entityRanges":[],"data":{}},{"key":"cmcha","text":"    AppRoutingModule,","type":"custom-code-block-javascript","depth":0,"inlineStyleRanges":[],"entityRanges":[],"data":{}},{"key":"elci4","text":"    ReactiveFormsModule","type":"custom-code-block-javascript","depth":0,"inlineStyleRanges":[],"entityRanges":[],"data":{}},{"key":"9hctl","text":"  ],","type":"custom-code-block-javascript","depth":0,"inlineStyleRanges":[],"entityRanges":[],"data":{}},{"key":"67mlc","text":"  providers: [ShoppingListService, RecipeService, ServerService],","type":"custom-code-block-javascript","depth":0,"inlineStyleRanges":[],"entityRanges":[],"data":{}},{"key":"ltkq","text":"  bootstrap: [AppComponent]","type":"custom-code-block-javascript","depth":0,"inlineStyleRanges":[],"entityRanges":[],"data":{}},{"key":"7o7ns","text":"})","type":"custom-code-block-javascript","depth":0,"inlineStyleRanges":[],"entityRanges":[],"data":{}},{"key":"dqk1f","text":"export class AppModule { }","type":"custom-code-block-javascript","depth":0,"inlineStyleRanges":[],"entityRanges":[],"data":{}},{"key":"e9hj4","text":"    1.1. Add a new service for your requests,","type":"unstyled","depth":0,"inlineStyleRanges":[],"entityRanges":[],"data":{}},{"key":"eksp4","text":"","type":"unstyled","depth":0,"inlineStyleRanges":[],"entityRanges":[],"data":{}},{"key":"3qu2q","text":"import { Injectable } from '@angular/core';","type":"custom-code-block-javascript","depth":0,"inlineStyleRanges":[],"entityRanges":[],"data":{}},{"key":"dcq4d","text":"import { Http } from '@angular/http';","type":"custom-code-block-javascript","depth":0,"inlineStyleRanges":[],"entityRanges":[],"data":{}},{"key":"bpsgl","text":"","type":"custom-code-block-javascript","depth":0,"inlineStyleRanges":[],"entityRanges":[],"data":{}},{"key":"b49dq","text":"@Injectable() // Injectable because we will add Angular http service","type":"custom-code-block-javascript","depth":0,"inlineStyleRanges":[],"entityRanges":[],"data":{}},{"key":"3nftm","text":"export class ServerService {","type":"custom-code-block-javascript","depth":0,"inlineStyleRanges":[],"entityRanges":[],"data":{}},{"key":"3p9m2","text":"  constructor(private http: Http) {}","type":"custom-code-block-javascript","depth":0,"inlineStyleRanges":[],"entityRanges":[],"data":{}},{"key":"7ljje","text":"  storeServers(servers: any[]) {","type":"custom-code-block-javascript","depth":0,"inlineStyleRanges":[],"entityRanges":[],"data":{}},{"key":"9r34r","text":"    return this.http.post('https://udemy-ng-http-e3b7b.firebaseio.com/data.json', servers);","type":"custom-code-block-javascript","depth":0,"inlineStyleRanges":[],"entityRanges":[],"data":{}},{"key":"bnas0","text":"    // Angular use Observables behind the scenes so we are not sending it yet. We only create an Observable","type":"custom-code-block-javascript","depth":0,"inlineStyleRanges":[{"offset":3,"length":104,"style":"BOLD"}],"entityRanges":[],"data":{}},{"key":"1ea3t","text":"  }","type":"custom-code-block-javascript","depth":0,"inlineStyleRanges":[],"entityRanges":[],"data":{}},{"key":"b0mtq","text":"}","type":"custom-code-block-javascript","depth":0,"inlineStyleRanges":[],"entityRanges":[],"data":{}},{"key":"8g93s","text":"","type":"unstyled","depth":0,"inlineStyleRanges":[],"entityRanges":[],"data":{}},{"key":"frbjt","text":"    1.2. Use service to send post:","type":"unstyled","depth":0,"inlineStyleRanges":[],"entityRanges":[],"data":{}},{"key":"d590j","text":"  onSaveServers() {","type":"custom-code-block-javascript","depth":0,"inlineStyleRanges":[],"entityRanges":[],"data":{}},{"key":"5bk9v","text":"    this.serverService.storeServers(this.servers).subscribe(","type":"custom-code-block-javascript","depth":0,"inlineStyleRanges":[],"entityRanges":[],"data":{}},{"key":"6inll","text":"      (response) => {","type":"custom-code-block-javascript","depth":0,"inlineStyleRanges":[],"entityRanges":[],"data":{}},{"key":"cf40i","text":"        console.log(response);","type":"custom-code-block-javascript","depth":0,"inlineStyleRanges":[],"entityRanges":[],"data":{}},{"key":"d0cee","text":"      }","type":"custom-code-block-javascript","depth":0,"inlineStyleRanges":[],"entityRanges":[],"data":{}},{"key":"moh4","text":"","type":"custom-code-block-javascript","depth":0,"inlineStyleRanges":[],"entityRanges":[],"data":{}},{"key":"cl8rq","text":"      (error) => {","type":"custom-code-block-javascript","depth":0,"inlineStyleRanges":[],"entityRanges":[],"data":{}},{"key":"66o24","text":"        console.log(error);","type":"custom-code-block-javascript","depth":0,"inlineStyleRanges":[],"entityRanges":[],"data":{}},{"key":"9ld8r","text":"      }","type":"custom-code-block-javascript","depth":0,"inlineStyleRanges":[],"entityRanges":[],"data":{}},{"key":"fuous","text":"    );","type":"custom-code-block-javascript","depth":0,"inlineStyleRanges":[],"entityRanges":[],"data":{}},{"key":"16qu4","text":"  }","type":"custom-code-block-javascript","depth":0,"inlineStyleRanges":[],"entityRanges":[],"data":{}},{"key":"lgc9","text":"","type":"unstyled","depth":0,"inlineStyleRanges":[],"entityRanges":[],"data":{}},{"key":"8qjou","text":"################################################################################","type":"unstyled","depth":0,"inlineStyleRanges":[],"entityRanges":[],"data":{}},{"key":"a85t0","text":"2. Adjusting Request Headers:","type":"unstyled","depth":0,"inlineStyleRanges":[],"entityRanges":[],"data":{}},{"key":"bgvc8","text":"import { Injectable } from '@angular/core';","type":"custom-code-block-javascript","depth":0,"inlineStyleRanges":[],"entityRanges":[],"data":{}},{"key":"170c2","text":"import { Http, Headers } from '@angular/http'; //add headers module","type":"custom-code-block-javascript","depth":0,"inlineStyleRanges":[{"offset":0,"length":67,"style":"BOLD"},{"offset":0,"length":67,"style":"ITALIC"}],"entityRanges":[],"data":{}},{"key":"8r983","text":"","type":"custom-code-block-javascript","depth":0,"inlineStyleRanges":[],"entityRanges":[],"data":{}},{"key":"9mf8n","text":"@Injectable() // Injectable because we will add Angular http service","type":"custom-code-block-javascript","depth":0,"inlineStyleRanges":[],"entityRanges":[],"data":{}},{"key":"bkpnf","text":"export class ServerService {","type":"custom-code-block-javascript","depth":0,"inlineStyleRanges":[],"entityRanges":[],"data":{}},{"key":"26iol","text":"  constructor(private http: Http) {}","type":"custom-code-block-javascript","depth":0,"inlineStyleRanges":[],"entityRanges":[],"data":{}},{"key":"cutg","text":"  storeServers(servers: any[]) {","type":"custom-code-block-javascript","depth":0,"inlineStyleRanges":[],"entityRanges":[],"data":{}},{"key":"9uqjs","text":"    const headers = new Headers({'Content-Type': 'application/json'});","type":"custom-code-block-javascript","depth":0,"inlineStyleRanges":[{"offset":4,"length":66,"style":"BOLD"},{"offset":4,"length":66,"style":"ITALIC"}],"entityRanges":[],"data":{}},{"key":"fdt1","text":"    return this.http.post('https://udemy-ng-http-e3b7b.firebaseio.com/data.json',","type":"custom-code-block-javascript","depth":0,"inlineStyleRanges":[],"entityRanges":[],"data":{}},{"key":"5ovm7","text":"      servers,","type":"custom-code-block-javascript","depth":0,"inlineStyleRanges":[],"entityRanges":[],"data":{}},{"key":"16cra","text":"      {headers: headers}); // pass it as a third parameter","type":"custom-code-block-javascript","depth":0,"inlineStyleRanges":[{"offset":6,"length":18,"style":"BOLD"},{"offset":6,"length":18,"style":"ITALIC"}],"entityRanges":[],"data":{}},{"key":"av9k7","text":"  }","type":"custom-code-block-javascript","depth":0,"inlineStyleRanges":[],"entityRanges":[],"data":{}},{"key":"56fe8","text":"}","type":"custom-code-block-javascript","depth":0,"inlineStyleRanges":[],"entityRanges":[],"data":{}},{"key":"cjhir","text":"","type":"unstyled","depth":0,"inlineStyleRanges":[],"entityRanges":[],"data":{}},{"key":"3ptla","text":"################################################################################","type":"unstyled","depth":0,"inlineStyleRanges":[],"entityRanges":[],"data":{}},{"key":"d9fkp","text":"3. Retrieving the data - transform json to js object using Response module:","type":"unstyled","depth":0,"inlineStyleRanges":[],"entityRanges":[],"data":{}},{"key":"cqup2","text":"  onSaveServers() {","type":"custom-code-block-javascript","depth":0,"inlineStyleRanges":[],"entityRanges":[],"data":{}},{"key":"cj2f3","text":"    this.serverService.storeServers(this.servers).subscribe(","type":"custom-code-block-javascript","depth":0,"inlineStyleRanges":[],"entityRanges":[],"data":{}},{"key":"ah6v9","text":"      (response: Response) => {","type":"custom-code-block-javascript","depth":0,"inlineStyleRanges":[],"entityRanges":[],"data":{}},{"key":"4vcco","text":"        const data = response.json();","type":"custom-code-block-javascript","depth":0,"inlineStyleRanges":[],"entityRanges":[],"data":{}},{"key":"dcenj","text":"        console.log(data);","type":"custom-code-block-javascript","depth":0,"inlineStyleRanges":[],"entityRanges":[],"data":{}},{"key":"8rsde","text":"      }","type":"custom-code-block-javascript","depth":0,"inlineStyleRanges":[],"entityRanges":[],"data":{}},{"key":"eiqj7","text":"","type":"custom-code-block-javascript","depth":0,"inlineStyleRanges":[],"entityRanges":[],"data":{}},{"key":"9m0o7","text":"      (error) => {","type":"custom-code-block-javascript","depth":0,"inlineStyleRanges":[],"entityRanges":[],"data":{}},{"key":"6re5j","text":"        console.log(error);","type":"custom-code-block-javascript","depth":0,"inlineStyleRanges":[],"entityRanges":[],"data":{}},{"key":"1tugd","text":"      }","type":"custom-code-block-javascript","depth":0,"inlineStyleRanges":[],"entityRanges":[],"data":{}},{"key":"aup2u","text":"    );","type":"custom-code-block-javascript","depth":0,"inlineStyleRanges":[],"entityRanges":[],"data":{}},{"key":"1ra9h","text":"  }","type":"custom-code-block-javascript","depth":0,"inlineStyleRanges":[],"entityRanges":[],"data":{}},{"key":"b1jel","text":"","type":"unstyled","depth":0,"inlineStyleRanges":[],"entityRanges":[],"data":{}},{"key":"fdm0f","text":"################################################################################","type":"unstyled","depth":0,"inlineStyleRanges":[],"entityRanges":[],"data":{}},{"key":"1a60h","text":"4. Transform Responses Easily with Observable Operator ( map() ):","type":"unstyled","depth":0,"inlineStyleRanges":[],"entityRanges":[],"data":{}},{"key":"264f6","text":"-> we can use map oparator to transform response in our server service:","type":"unstyled","depth":0,"inlineStyleRanges":[],"entityRanges":[],"data":{}},{"key":"756no","text":"import 'rxjs/Rx'; // import it for rxjs methods to work","type":"custom-code-block-javascript","depth":0,"inlineStyleRanges":[],"entityRanges":[],"data":{}},{"key":"c1osb","text":"return this.http.get('https://udemy-ng-http-e3b7b.firebaseio.com/data.json').map(","type":"custom-code-block-javascript","depth":0,"inlineStyleRanges":[],"entityRanges":[],"data":{}},{"key":"11mn5","text":"  (response: Response) => { // transforming the response to js object","type":"custom-code-block-javascript","depth":0,"inlineStyleRanges":[],"entityRanges":[],"data":{}},{"key":"76jn4","text":"    return response.json();","type":"custom-code-block-javascript","depth":0,"inlineStyleRanges":[],"entityRanges":[],"data":{}},{"key":"1rn8","text":"  }","type":"custom-code-block-javascript","depth":0,"inlineStyleRanges":[],"entityRanges":[],"data":{}},{"key":"bfnml","text":");","type":"custom-code-block-javascript","depth":0,"inlineStyleRanges":[],"entityRanges":[],"data":{}},{"key":"2lc2s","text":"","type":"unstyled","depth":0,"inlineStyleRanges":[],"entityRanges":[],"data":{}},{"key":"1dqq7","text":"  onSaveServers() {","type":"custom-code-block-javascript","depth":0,"inlineStyleRanges":[],"entityRanges":[],"data":{}},{"key":"4jdih","text":"    this.serverService.storeServers(this.servers).subscribe(","type":"custom-code-block-javascript","depth":0,"inlineStyleRanges":[],"entityRanges":[],"data":{}},{"key":"81d2c","text":"      (servers: any[]) => { //now we have js array here not json response","type":"custom-code-block-javascript","depth":0,"inlineStyleRanges":[{"offset":7,"length":14,"style":"BOLD"},{"offset":7,"length":14,"style":"ITALIC"}],"entityRanges":[],"data":{}},{"key":"1rkae","text":"        console.log(servers);","type":"custom-code-block-javascript","depth":0,"inlineStyleRanges":[],"entityRanges":[],"data":{}},{"key":"u6o2","text":"      }","type":"custom-code-block-javascript","depth":0,"inlineStyleRanges":[],"entityRanges":[],"data":{}},{"key":"2vg52","text":"      (error) => {","type":"custom-code-block-javascript","depth":0,"inlineStyleRanges":[],"entityRanges":[],"data":{}},{"key":"5146g","text":"        console.log(error);","type":"custom-code-block-javascript","depth":0,"inlineStyleRanges":[],"entityRanges":[],"data":{}},{"key":"6fivl","text":"      }","type":"custom-code-block-javascript","depth":0,"inlineStyleRanges":[],"entityRanges":[],"data":{}},{"key":"a9546","text":"    );","type":"custom-code-block-javascript","depth":0,"inlineStyleRanges":[],"entityRanges":[],"data":{}},{"key":"bacm3","text":"  }","type":"custom-code-block-javascript","depth":0,"inlineStyleRanges":[],"entityRanges":[],"data":{}},{"key":"3en89","text":"","type":"unstyled","depth":0,"inlineStyleRanges":[],"entityRanges":[],"data":{}},{"key":"47mpv","text":"################################################################################","type":"unstyled","depth":0,"inlineStyleRanges":[],"entityRanges":[],"data":{}},{"key":"6qqfv","text":"5. Catching Http Errors","type":"unstyled","depth":0,"inlineStyleRanges":[],"entityRanges":[],"data":{}},{"key":"47oot","text":"-> in your server.service just add catch operator to your http Observable:","type":"unstyled","depth":0,"inlineStyleRanges":[],"entityRanges":[],"data":{}},{"key":"b39b5","text":"import { Injectable } from '@angular/core';","type":"custom-code-block-javascript","depth":0,"inlineStyleRanges":[],"entityRanges":[],"data":{}},{"key":"9jnpb","text":"import { Http, Headers, Response } from '@angular/http';","type":"custom-code-block-javascript","depth":0,"inlineStyleRanges":[],"entityRanges":[],"data":{}},{"key":"9o27h","text":"import { Observable } from 'rxjs/Observable';","type":"custom-code-block-javascript","depth":0,"inlineStyleRanges":[{"offset":0,"length":45,"style":"BOLD"},{"offset":0,"length":45,"style":"ITALIC"}],"entityRanges":[],"data":{}},{"key":"3ldjj","text":"import 'rxjs/Rx';","type":"custom-code-block-javascript","depth":0,"inlineStyleRanges":[],"entityRanges":[],"data":{}},{"key":"c27rg","text":"","type":"custom-code-block-javascript","depth":0,"inlineStyleRanges":[],"entityRanges":[],"data":{}},{"key":"fmg4n","text":"@Injectable()","type":"custom-code-block-javascript","depth":0,"inlineStyleRanges":[],"entityRanges":[],"data":{}},{"key":"b57m5","text":"export class ServerService {","type":"custom-code-block-javascript","depth":0,"inlineStyleRanges":[],"entityRanges":[],"data":{}},{"key":"1i3fp","text":"  constructor(private http: Http) { }","type":"custom-code-block-javascript","depth":0,"inlineStyleRanges":[],"entityRanges":[],"data":{}},{"key":"9a8ci","text":"  storeServers(servers: any[]) {","type":"custom-code-block-javascript","depth":0,"inlineStyleRanges":[],"entityRanges":[],"data":{}},{"key":"9uio9","text":"    return this.http.get('https://udemy-ng-http-e3b7b.firebaseio.com/data')","type":"custom-code-block-javascript","depth":0,"inlineStyleRanges":[],"entityRanges":[],"data":{}},{"key":"g7bf","text":"    .map(","type":"custom-code-block-javascript","depth":0,"inlineStyleRanges":[],"entityRanges":[],"data":{}},{"key":"dj6mf","text":"      (response: Response) => {","type":"custom-code-block-javascript","depth":0,"inlineStyleRanges":[],"entityRanges":[],"data":{}},{"key":"fu0ti","text":"        const data = response.json();","type":"custom-code-block-javascript","depth":0,"inlineStyleRanges":[],"entityRanges":[],"data":{}},{"key":"1qngk","text":"        for (const server of data) {","type":"custom-code-block-javascript","depth":0,"inlineStyleRanges":[],"entityRanges":[],"data":{}},{"key":"adnih","text":"          server.name = 'FETCHED_' + server.name;","type":"custom-code-block-javascript","depth":0,"inlineStyleRanges":[],"entityRanges":[],"data":{}},{"key":"9ji41","text":"        }","type":"custom-code-block-javascript","depth":0,"inlineStyleRanges":[],"entityRanges":[],"data":{}},{"key":"5noed","text":"        return data;","type":"custom-code-block-javascript","depth":0,"inlineStyleRanges":[],"entityRanges":[],"data":{}},{"key":"a1tq9","text":"      }","type":"custom-code-block-javascript","depth":0,"inlineStyleRanges":[],"entityRanges":[],"data":{}},{"key":"7np4j","text":"    )","type":"custom-code-block-javascript","depth":0,"inlineStyleRanges":[],"entityRanges":[],"data":{}},{"key":"ckkuc","text":"    .catch(","type":"custom-code-block-javascript","depth":0,"inlineStyleRanges":[{"offset":0,"length":11,"style":"BOLD"},{"offset":0,"length":11,"style":"ITALIC"}],"entityRanges":[],"data":{}},{"key":"em1c9","text":"      (error: Response) => {","type":"custom-code-block-javascript","depth":0,"inlineStyleRanges":[{"offset":0,"length":28,"style":"BOLD"},{"offset":0,"length":28,"style":"ITALIC"}],"entityRanges":[],"data":{}},{"key":"376vd","text":"      // here we need to return the observable of course but we need to create it manually","type":"custom-code-block-javascript","depth":0,"inlineStyleRanges":[],"entityRanges":[],"data":{}},{"key":"7bnah","text":"        return Observable.throw('Something went wrong!'); //here we are throwing the error","type":"custom-code-block-javascript","depth":0,"inlineStyleRanges":[{"offset":0,"length":90,"style":"BOLD"},{"offset":0,"length":90,"style":"ITALIC"}],"entityRanges":[],"data":{}},{"key":"4n608","text":"      }","type":"custom-code-block-javascript","depth":0,"inlineStyleRanges":[{"offset":0,"length":7,"style":"BOLD"},{"offset":0,"length":7,"style":"ITALIC"}],"entityRanges":[],"data":{}},{"key":"aqeu","text":"    );","type":"custom-code-block-javascript","depth":0,"inlineStyleRanges":[{"offset":0,"length":6,"style":"BOLD"},{"offset":0,"length":6,"style":"ITALIC"}],"entityRanges":[],"data":{}},{"key":"3lapr","text":"  }","type":"custom-code-block-javascript","depth":0,"inlineStyleRanges":[],"entityRanges":[],"data":{}},{"key":"2cj65","text":"}","type":"custom-code-block-javascript","depth":0,"inlineStyleRanges":[],"entityRanges":[],"data":{}},{"key":"72jrb","text":"","type":"unstyled","depth":0,"inlineStyleRanges":[],"entityRanges":[],"data":{}},{"key":"e2nsd","text":"  onSaveServers() {","type":"custom-code-block-javascript","depth":0,"inlineStyleRanges":[],"entityRanges":[],"data":{}},{"key":"fsf33","text":"    this.serverService.storeServers(this.servers).subscribe(","type":"custom-code-block-javascript","depth":0,"inlineStyleRanges":[],"entityRanges":[],"data":{}},{"key":"c07a4","text":"      (servers: any[]) => {","type":"custom-code-block-javascript","depth":0,"inlineStyleRanges":[],"entityRanges":[],"data":{}},{"key":"a0e83","text":"        console.log(servers['-L5-5rEKC78MZTBo1Mvq']);","type":"custom-code-block-javascript","depth":0,"inlineStyleRanges":[],"entityRanges":[],"data":{}},{"key":"510em","text":"        this.servers = servers['-L5-5rEKC78MZTBo1Mvq'];","type":"custom-code-block-javascript","depth":0,"inlineStyleRanges":[],"entityRanges":[],"data":{}},{"key":"4ph5a","text":"      }","type":"custom-code-block-javascript","depth":0,"inlineStyleRanges":[],"entityRanges":[],"data":{}},{"key":"cqi8u","text":"      (error) => { // here we are catching the error","type":"custom-code-block-javascript","depth":0,"inlineStyleRanges":[{"offset":0,"length":52,"style":"BOLD"},{"offset":0,"length":52,"style":"ITALIC"}],"entityRanges":[],"data":{}},{"key":"9uku0","text":"        console.log(error);","type":"custom-code-block-javascript","depth":0,"inlineStyleRanges":[{"offset":0,"length":27,"style":"BOLD"},{"offset":0,"length":27,"style":"ITALIC"}],"entityRanges":[],"data":{}},{"key":"9s2dj","text":"      }","type":"custom-code-block-javascript","depth":0,"inlineStyleRanges":[{"offset":0,"length":7,"style":"BOLD"},{"offset":0,"length":7,"style":"ITALIC"}],"entityRanges":[],"data":{}},{"key":"51bqk","text":"    );","type":"custom-code-block-javascript","depth":0,"inlineStyleRanges":[],"entityRanges":[],"data":{}},{"key":"aigtc","text":"  }","type":"custom-code-block-javascript","depth":0,"inlineStyleRanges":[],"entityRanges":[],"data":{}},{"key":"ekcou","text":"","type":"unstyled","depth":0,"inlineStyleRanges":[],"entityRanges":[],"data":{}},{"key":"49aao","text":"","type":"unstyled","depth":0,"inlineStyleRanges":[],"entityRanges":[],"data":{}},{"key":"83tkp","text":"","type":"unstyled","depth":0,"inlineStyleRanges":[],"entityRanges":[],"data":{}},{"key":"dsi0c","text":"","type":"unstyled","depth":0,"inlineStyleRanges":[],"entityRanges":[],"data":{}},{"key":"7pamj","text":"","type":"unstyled","depth":0,"inlineStyleRanges":[],"entityRanges":[],"data":{}}],"entityMap":{}},"tags":[]}