{"_id":"BJF0zPmIG","title":"GUARDS - Protecting Routes with canActivate","dateCreated":"2018-02-03T16:26:57.386Z","lastAccessed":"2018-03-12T22:18:23.228Z","lastUpdated":"2018-02-12T20:59:28.612Z","notebookId":"rySu93hVz","body":{"blocks":[{"key":"ag6qs","text":"GUARDS - Protecting Routes with canActivate","type":"header-one","depth":0,"inlineStyleRanges":[{"offset":0,"length":43,"style":"BOLD"}],"entityRanges":[],"data":{}},{"key":"aji98","text":"1. Create a new file auth-guard.service.ts","type":"unstyled","depth":0,"inlineStyleRanges":[],"entityRanges":[],"data":{}},{"key":"94po5","text":"-> add a class AuthGuard which implements CanActivate interface: ","type":"unstyled","depth":0,"inlineStyleRanges":[],"entityRanges":[],"data":{}},{"key":"daokd","text":"import { CanActivate, ActivatedRouteSnapshot, RouterStateSnapshot, Router } from '@angular/router';","type":"custom-code-block-javascript","depth":0,"inlineStyleRanges":[],"entityRanges":[],"data":{}},{"key":"efog1","text":"import { Observable } from 'rxjs/Observable';","type":"custom-code-block-javascript","depth":0,"inlineStyleRanges":[],"entityRanges":[],"data":{}},{"key":"2e5t7","text":"import { Injectable } from '@angular/core';","type":"custom-code-block-javascript","depth":0,"inlineStyleRanges":[],"entityRanges":[],"data":{}},{"key":"hiej","text":"import { AuthService } from './auth.service';","type":"custom-code-block-javascript","depth":0,"inlineStyleRanges":[],"entityRanges":[],"data":{}},{"key":"bk5of","text":"","type":"custom-code-block-javascript","depth":0,"inlineStyleRanges":[],"entityRanges":[],"data":{}},{"key":"7be5e","text":"@Injectable()","type":"custom-code-block-javascript","depth":0,"inlineStyleRanges":[],"entityRanges":[],"data":{}},{"key":"apl98","text":"export class AuthGuard implements CanActivate {","type":"custom-code-block-javascript","depth":0,"inlineStyleRanges":[],"entityRanges":[],"data":{}},{"key":"eaot6","text":"  constructor(private authService: AuthService, private router: Router) {}","type":"custom-code-block-javascript","depth":0,"inlineStyleRanges":[],"entityRanges":[],"data":{}},{"key":"5u59s","text":"","type":"custom-code-block-javascript","depth":0,"inlineStyleRanges":[],"entityRanges":[],"data":{}},{"key":"5ps4p","text":"  canActivate(route: ActivatedRouteSnapshot,","type":"custom-code-block-javascript","depth":0,"inlineStyleRanges":[],"entityRanges":[],"data":{}},{"key":"8iisq","text":"    state: RouterStateSnapshot): Observable<boolean> | Promise<boolean> | boolean {","type":"custom-code-block-javascript","depth":0,"inlineStyleRanges":[],"entityRanges":[],"data":{}},{"key":"5h6mj","text":"      return this.authService.isAuthenticated().then(","type":"custom-code-block-javascript","depth":0,"inlineStyleRanges":[],"entityRanges":[],"data":{}},{"key":"d21bf","text":"        (authenticated: boolean) => {","type":"custom-code-block-javascript","depth":0,"inlineStyleRanges":[],"entityRanges":[],"data":{}},{"key":"8rcg4","text":"          if (authenticated) {","type":"custom-code-block-javascript","depth":0,"inlineStyleRanges":[],"entityRanges":[],"data":{}},{"key":"552p3","text":"            return true;","type":"custom-code-block-javascript","depth":0,"inlineStyleRanges":[],"entityRanges":[],"data":{}},{"key":"6hebn","text":"          } else {","type":"custom-code-block-javascript","depth":0,"inlineStyleRanges":[],"entityRanges":[],"data":{}},{"key":"41aec","text":"            this.router.navigate(['/']);","type":"custom-code-block-javascript","depth":0,"inlineStyleRanges":[],"entityRanges":[],"data":{}},{"key":"1dlkg","text":"          }","type":"custom-code-block-javascript","depth":0,"inlineStyleRanges":[],"entityRanges":[],"data":{}},{"key":"7rota","text":"        }","type":"custom-code-block-javascript","depth":0,"inlineStyleRanges":[],"entityRanges":[],"data":{}},{"key":"ddfq1","text":"      );","type":"custom-code-block-javascript","depth":0,"inlineStyleRanges":[],"entityRanges":[],"data":{}},{"key":"6mg1d","text":"    }","type":"custom-code-block-javascript","depth":0,"inlineStyleRanges":[],"entityRanges":[],"data":{}},{"key":"57gel","text":"}","type":"custom-code-block-javascript","depth":0,"inlineStyleRanges":[],"entityRanges":[],"data":{}},{"key":"c8737","text":"","type":"unstyled","depth":0,"inlineStyleRanges":[],"entityRanges":[],"data":{}},{"key":"bt8ai","text":"here it use antoher service with fake authentication:","type":"unstyled","depth":0,"inlineStyleRanges":[],"entityRanges":[],"data":{}},{"key":"cb6me","text":"export class AuthService {","type":"custom-code-block-javascript","depth":0,"inlineStyleRanges":[],"entityRanges":[],"data":{}},{"key":"70gg2","text":"  loggedIn = false;","type":"custom-code-block-javascript","depth":0,"inlineStyleRanges":[],"entityRanges":[],"data":{}},{"key":"ck6qo","text":"  isAuthenticated() {","type":"custom-code-block-javascript","depth":0,"inlineStyleRanges":[],"entityRanges":[],"data":{}},{"key":"25ald","text":"    const promise = new Promise(","type":"custom-code-block-javascript","depth":0,"inlineStyleRanges":[],"entityRanges":[],"data":{}},{"key":"2rq1m","text":"      (resolve, reject) => {","type":"custom-code-block-javascript","depth":0,"inlineStyleRanges":[],"entityRanges":[],"data":{}},{"key":"6u72f","text":"        setTimeout(() => {","type":"custom-code-block-javascript","depth":0,"inlineStyleRanges":[],"entityRanges":[],"data":{}},{"key":"bej9j","text":"          resolve(this.loggedIn);","type":"custom-code-block-javascript","depth":0,"inlineStyleRanges":[],"entityRanges":[],"data":{}},{"key":"femg0","text":"        },800)","type":"custom-code-block-javascript","depth":0,"inlineStyleRanges":[],"entityRanges":[],"data":{}},{"key":"e0ocg","text":"      }","type":"custom-code-block-javascript","depth":0,"inlineStyleRanges":[],"entityRanges":[],"data":{}},{"key":"389fc","text":"    )","type":"custom-code-block-javascript","depth":0,"inlineStyleRanges":[],"entityRanges":[],"data":{}},{"key":"2hhs5","text":"    return promise;","type":"custom-code-block-javascript","depth":0,"inlineStyleRanges":[],"entityRanges":[],"data":{}},{"key":"37fna","text":"  }","type":"custom-code-block-javascript","depth":0,"inlineStyleRanges":[],"entityRanges":[],"data":{}},{"key":"dlasm","text":"  login() {","type":"custom-code-block-javascript","depth":0,"inlineStyleRanges":[],"entityRanges":[],"data":{}},{"key":"4som8","text":"    this.loggedIn = true;","type":"custom-code-block-javascript","depth":0,"inlineStyleRanges":[],"entityRanges":[],"data":{}},{"key":"ni56","text":"  }","type":"custom-code-block-javascript","depth":0,"inlineStyleRanges":[],"entityRanges":[],"data":{}},{"key":"asicr","text":"  logout() {","type":"custom-code-block-javascript","depth":0,"inlineStyleRanges":[],"entityRanges":[],"data":{}},{"key":"1a3so","text":"    this.loggedIn = false;","type":"custom-code-block-javascript","depth":0,"inlineStyleRanges":[],"entityRanges":[],"data":{}},{"key":"66ebb","text":"  }","type":"custom-code-block-javascript","depth":0,"inlineStyleRanges":[],"entityRanges":[],"data":{}},{"key":"9mblo","text":"}","type":"custom-code-block-javascript","depth":0,"inlineStyleRanges":[],"entityRanges":[],"data":{}},{"key":"84s9v","text":"","type":"unstyled","depth":0,"inlineStyleRanges":[],"entityRanges":[],"data":{}},{"key":"9ij9m","text":"","type":"unstyled","depth":0,"inlineStyleRanges":[],"entityRanges":[],"data":{}},{"key":"ajiq2","text":"-> now we need to add this guard to our route module ( which route will be protected by this guard )","type":"unstyled","depth":0,"inlineStyleRanges":[],"entityRanges":[],"data":{}},{"key":"2nli5","text":"import { NgModule } from '@angular/core';","type":"custom-code-block-javascript","depth":0,"inlineStyleRanges":[],"entityRanges":[],"data":{}},{"key":"d9a6v","text":"import { Routes, RouterModule } from '@angular/router';","type":"custom-code-block-javascript","depth":0,"inlineStyleRanges":[],"entityRanges":[],"data":{}},{"key":"5d5ga","text":"import { AppComponent } from './app.component';","type":"custom-code-block-javascript","depth":0,"inlineStyleRanges":[],"entityRanges":[],"data":{}},{"key":"btgt5","text":"import { HomeComponent } from './home/home.component';","type":"custom-code-block-javascript","depth":0,"inlineStyleRanges":[],"entityRanges":[],"data":{}},{"key":"bqrnf","text":"import { UsersComponent } from './users/users.component';","type":"custom-code-block-javascript","depth":0,"inlineStyleRanges":[],"entityRanges":[],"data":{}},{"key":"8l7t5","text":"import { ServersComponent } from './servers/servers.component';","type":"custom-code-block-javascript","depth":0,"inlineStyleRanges":[],"entityRanges":[],"data":{}},{"key":"5an2b","text":"import { UserComponent } from './users/user/user.component';","type":"custom-code-block-javascript","depth":0,"inlineStyleRanges":[],"entityRanges":[],"data":{}},{"key":"10qcf","text":"import { EditServerComponent } from './servers/edit-server/edit-server.component';","type":"custom-code-block-javascript","depth":0,"inlineStyleRanges":[],"entityRanges":[],"data":{}},{"key":"bundf","text":"import { ServerComponent } from './servers/server/server.component';","type":"custom-code-block-javascript","depth":0,"inlineStyleRanges":[],"entityRanges":[],"data":{}},{"key":"2vf91","text":"import { ServersService } from './servers/servers.service';","type":"custom-code-block-javascript","depth":0,"inlineStyleRanges":[],"entityRanges":[],"data":{}},{"key":"24j9s","text":"import { PageNotFoundComponent } from './page-not-found/page-not-found.component';","type":"custom-code-block-javascript","depth":0,"inlineStyleRanges":[],"entityRanges":[],"data":{}},{"key":"dgsfs","text":"import { AuthGuard } from './auth-guard.service';","type":"custom-code-block-javascript","depth":0,"inlineStyleRanges":[{"offset":0,"length":49,"style":"BOLD"},{"offset":0,"length":49,"style":"ITALIC"}],"entityRanges":[],"data":{}},{"key":"2cuqo","text":"","type":"custom-code-block-javascript","depth":0,"inlineStyleRanges":[],"entityRanges":[],"data":{}},{"key":"bnfit","text":"const appRoutes: Routes = [","type":"custom-code-block-javascript","depth":0,"inlineStyleRanges":[],"entityRanges":[],"data":{}},{"key":"2cm5q","text":"  { path: \"\", component: HomeComponent },","type":"custom-code-block-javascript","depth":0,"inlineStyleRanges":[],"entityRanges":[],"data":{}},{"key":"7apng","text":"  { path: \"users\", component: UsersComponent, children: [","type":"custom-code-block-javascript","depth":0,"inlineStyleRanges":[],"entityRanges":[],"data":{}},{"key":"b27or","text":"    { path: \":id/:name\", component: UserComponent }","type":"custom-code-block-javascript","depth":0,"inlineStyleRanges":[],"entityRanges":[],"data":{}},{"key":"9lo1","text":"  ]},","type":"custom-code-block-javascript","depth":0,"inlineStyleRanges":[],"entityRanges":[],"data":{}},{"key":"21ogg","text":"  { path: \"servers\", canActivate: [AuthGuard], /* here you pass guards - it will automaticly guard your child routes */ component: ServersComponent, children: [","type":"custom-code-block-javascript","depth":0,"inlineStyleRanges":[{"offset":21,"length":24,"style":"BOLD"},{"offset":47,"length":72,"style":"BOLD"},{"offset":21,"length":24,"style":"ITALIC"}],"entityRanges":[],"data":{}},{"key":"3hec1","text":"    { path: \":id\", component: ServerComponent },","type":"custom-code-block-javascript","depth":0,"inlineStyleRanges":[],"entityRanges":[],"data":{}},{"key":"fmff6","text":"    { path: \":id/edit\", component: EditServerComponent}","type":"custom-code-block-javascript","depth":0,"inlineStyleRanges":[],"entityRanges":[],"data":{}},{"key":"50a2n","text":"  ]},","type":"custom-code-block-javascript","depth":0,"inlineStyleRanges":[],"entityRanges":[],"data":{}},{"key":"82pp5","text":"  { path: \"page-not-found\", component: PageNotFoundComponent },","type":"custom-code-block-javascript","depth":0,"inlineStyleRanges":[],"entityRanges":[],"data":{}},{"key":"9po5l","text":"  { path: \"**\", redirectTo: \"page-not-found\"}","type":"custom-code-block-javascript","depth":0,"inlineStyleRanges":[],"entityRanges":[],"data":{}},{"key":"5csf5","text":"];","type":"custom-code-block-javascript","depth":0,"inlineStyleRanges":[],"entityRanges":[],"data":{}},{"key":"er0h8","text":"","type":"custom-code-block-javascript","depth":0,"inlineStyleRanges":[],"entityRanges":[],"data":{}},{"key":"4kg08","text":"@NgModule({","type":"custom-code-block-javascript","depth":0,"inlineStyleRanges":[],"entityRanges":[],"data":{}},{"key":"aqqc9","text":"  imports: [","type":"custom-code-block-javascript","depth":0,"inlineStyleRanges":[],"entityRanges":[],"data":{}},{"key":"e8d6h","text":"    RouterModule.forRoot(appRoutes)","type":"custom-code-block-javascript","depth":0,"inlineStyleRanges":[],"entityRanges":[],"data":{}},{"key":"abjlh","text":"  ],","type":"custom-code-block-javascript","depth":0,"inlineStyleRanges":[],"entityRanges":[],"data":{}},{"key":"dvbc0","text":"  exports: [","type":"custom-code-block-javascript","depth":0,"inlineStyleRanges":[],"entityRanges":[],"data":{}},{"key":"4fbov","text":"    RouterModule","type":"custom-code-block-javascript","depth":0,"inlineStyleRanges":[],"entityRanges":[],"data":{}},{"key":"d7kga","text":"  ]","type":"custom-code-block-javascript","depth":0,"inlineStyleRanges":[],"entityRanges":[],"data":{}},{"key":"dr3mj","text":"})","type":"custom-code-block-javascript","depth":0,"inlineStyleRanges":[],"entityRanges":[],"data":{}},{"key":"cpd4m","text":"export class AppRoutingModule {","type":"custom-code-block-javascript","depth":0,"inlineStyleRanges":[],"entityRanges":[],"data":{}},{"key":"eu456","text":"}","type":"custom-code-block-javascript","depth":0,"inlineStyleRanges":[],"entityRanges":[],"data":{}},{"key":"af5me","text":"","type":"unstyled","depth":0,"inlineStyleRanges":[],"entityRanges":[],"data":{}},{"key":"20k0n","text":"-> this authGuard will return true or false","type":"unstyled","depth":0,"inlineStyleRanges":[],"entityRanges":[],"data":{}},{"key":"5lm2q","text":"-> remember also to add your new services to app.module.ts ","type":"unstyled","depth":0,"inlineStyleRanges":[],"entityRanges":[],"data":{}},{"key":"a3tlo","text":"","type":"unstyled","depth":0,"inlineStyleRanges":[],"entityRanges":[],"data":{}},{"key":"1b6no","text":"2. To protect only your childs you can add a canActivateChild guard:","type":"unstyled","depth":0,"inlineStyleRanges":[{"offset":0,"length":68,"style":"BOLD"}],"entityRanges":[],"data":{}},{"key":"fs87j","text":"import { CanActivate, CanActivateChild, ActivatedRouteSnapshot, RouterStateSnapshot, Router } from '@angular/router';","type":"custom-code-block-javascript","depth":0,"inlineStyleRanges":[{"offset":0,"length":117,"style":"BOLD"},{"offset":0,"length":117,"style":"ITALIC"}],"entityRanges":[],"data":{}},{"key":"7c6ob","text":"import { Observable } from 'rxjs/Observable';","type":"custom-code-block-javascript","depth":0,"inlineStyleRanges":[],"entityRanges":[],"data":{}},{"key":"79cga","text":"import { Injectable } from '@angular/core';","type":"custom-code-block-javascript","depth":0,"inlineStyleRanges":[],"entityRanges":[],"data":{}},{"key":"2e2g9","text":"import { AuthService } from './auth.service';","type":"custom-code-block-javascript","depth":0,"inlineStyleRanges":[],"entityRanges":[],"data":{}},{"key":"bi9bo","text":"","type":"custom-code-block-javascript","depth":0,"inlineStyleRanges":[],"entityRanges":[],"data":{}},{"key":"79h4g","text":"@Injectable()","type":"custom-code-block-javascript","depth":0,"inlineStyleRanges":[],"entityRanges":[],"data":{}},{"key":"afvi8","text":"export class AuthGuard implements CanActivate, CanActivateChild { //implement guard","type":"custom-code-block-javascript","depth":0,"inlineStyleRanges":[{"offset":47,"length":17,"style":"BOLD"},{"offset":47,"length":17,"style":"ITALIC"}],"entityRanges":[],"data":{}},{"key":"5g45u","text":"  constructor(private authService: AuthService, private router: Router) {}","type":"custom-code-block-javascript","depth":0,"inlineStyleRanges":[],"entityRanges":[],"data":{}},{"key":"df5b2","text":"","type":"custom-code-block-javascript","depth":0,"inlineStyleRanges":[],"entityRanges":[],"data":{}},{"key":"8ek74","text":"  canActivate(route: ActivatedRouteSnapshot, state: RouterStateSnapshot): Observable<boolean> | Promise<boolean> | boolean {","type":"custom-code-block-javascript","depth":0,"inlineStyleRanges":[],"entityRanges":[],"data":{}},{"key":"9h278","text":"      return this.authService.isAuthenticated().then(","type":"custom-code-block-javascript","depth":0,"inlineStyleRanges":[],"entityRanges":[],"data":{}},{"key":"5o21p","text":"        (authenticated: boolean) => {","type":"custom-code-block-javascript","depth":0,"inlineStyleRanges":[],"entityRanges":[],"data":{}},{"key":"afgjn","text":"          if (authenticated) {","type":"custom-code-block-javascript","depth":0,"inlineStyleRanges":[],"entityRanges":[],"data":{}},{"key":"7f533","text":"            return true;","type":"custom-code-block-javascript","depth":0,"inlineStyleRanges":[],"entityRanges":[],"data":{}},{"key":"9nht8","text":"          } else {","type":"custom-code-block-javascript","depth":0,"inlineStyleRanges":[],"entityRanges":[],"data":{}},{"key":"f3ijn","text":"            this.router.navigate(['/']);","type":"custom-code-block-javascript","depth":0,"inlineStyleRanges":[],"entityRanges":[],"data":{}},{"key":"fbeig","text":"          }","type":"custom-code-block-javascript","depth":0,"inlineStyleRanges":[],"entityRanges":[],"data":{}},{"key":"3am85","text":"        }","type":"custom-code-block-javascript","depth":0,"inlineStyleRanges":[],"entityRanges":[],"data":{}},{"key":"9selg","text":"      );","type":"custom-code-block-javascript","depth":0,"inlineStyleRanges":[],"entityRanges":[],"data":{}},{"key":"fq5lm","text":"    }","type":"custom-code-block-javascript","depth":0,"inlineStyleRanges":[],"entityRanges":[],"data":{}},{"key":"ceqo9","text":"","type":"custom-code-block-javascript","depth":0,"inlineStyleRanges":[],"entityRanges":[],"data":{}},{"key":"8hvg1","text":"  canActivateChild(route: ActivatedRouteSnapshot, state: RouterStateSnapshot): Observable<boolean> | Promise<boolean> | boolean {","type":"custom-code-block-javascript","depth":0,"inlineStyleRanges":[{"offset":2,"length":127,"style":"BOLD"},{"offset":2,"length":127,"style":"ITALIC"}],"entityRanges":[],"data":{}},{"key":"bne2f","text":"    return this.canActivate(route, state);","type":"custom-code-block-javascript","depth":0,"inlineStyleRanges":[{"offset":0,"length":42,"style":"BOLD"},{"offset":0,"length":42,"style":"ITALIC"}],"entityRanges":[],"data":{}},{"key":"ak76a","text":"  } //here its the same so we can use this.canActivate ","type":"custom-code-block-javascript","depth":0,"inlineStyleRanges":[{"offset":0,"length":55,"style":"BOLD"},{"offset":0,"length":55,"style":"ITALIC"}],"entityRanges":[],"data":{}},{"key":"6655s","text":"}","type":"custom-code-block-javascript","depth":0,"inlineStyleRanges":[],"entityRanges":[],"data":{}},{"key":"2f761","text":"","type":"unstyled","depth":0,"inlineStyleRanges":[],"entityRanges":[],"data":{}},{"key":"d3k96","text":"","type":"unstyled","depth":0,"inlineStyleRanges":[],"entityRanges":[],"data":{}},{"key":"4vbi3","text":"And protect only route childs like that:","type":"unstyled","depth":0,"inlineStyleRanges":[],"entityRanges":[],"data":{}},{"key":"5nq8h","text":"const appRoutes: Routes = [","type":"custom-code-block-javascript","depth":0,"inlineStyleRanges":[],"entityRanges":[],"data":{}},{"key":"8g4fu","text":"  { path: \"\", component: HomeComponent },","type":"custom-code-block-javascript","depth":0,"inlineStyleRanges":[],"entityRanges":[],"data":{}},{"key":"6845v","text":"  {","type":"custom-code-block-javascript","depth":0,"inlineStyleRanges":[],"entityRanges":[],"data":{}},{"key":"6jc27","text":"    path: \"users\", component: UsersComponent, children: [","type":"custom-code-block-javascript","depth":0,"inlineStyleRanges":[],"entityRanges":[],"data":{}},{"key":"ca3us","text":"      { path: \":id/:name\", component: UserComponent }","type":"custom-code-block-javascript","depth":0,"inlineStyleRanges":[],"entityRanges":[],"data":{}},{"key":"5sch3","text":"    ]","type":"custom-code-block-javascript","depth":0,"inlineStyleRanges":[],"entityRanges":[],"data":{}},{"key":"47pp1","text":"  },","type":"custom-code-block-javascript","depth":0,"inlineStyleRanges":[],"entityRanges":[],"data":{}},{"key":"fons3","text":"  {","type":"custom-code-block-javascript","depth":0,"inlineStyleRanges":[],"entityRanges":[],"data":{}},{"key":"9hb34","text":"    path: \"servers\",","type":"custom-code-block-javascript","depth":0,"inlineStyleRanges":[],"entityRanges":[],"data":{}},{"key":"a5286","text":"    // canActivate: [AuthGuard], /* here you pass guards - it will automaticly guard your child routes */","type":"custom-code-block-javascript","depth":0,"inlineStyleRanges":[],"entityRanges":[],"data":{}},{"key":"8rbm2","text":"    canActivateChild: [AuthGuard], //here we declare to guard our childs","type":"custom-code-block-javascript","depth":0,"inlineStyleRanges":[{"offset":4,"length":68,"style":"BOLD"},{"offset":4,"length":68,"style":"ITALIC"}],"entityRanges":[],"data":{}},{"key":"51dpl","text":"    component: ServersComponent,","type":"custom-code-block-javascript","depth":0,"inlineStyleRanges":[],"entityRanges":[],"data":{}},{"key":"61mu2","text":"    children: [","type":"custom-code-block-javascript","depth":0,"inlineStyleRanges":[],"entityRanges":[],"data":{}},{"key":"32l3m","text":"      { path: \":id\", component: ServerComponent },","type":"custom-code-block-javascript","depth":0,"inlineStyleRanges":[],"entityRanges":[],"data":{}},{"key":"apav1","text":"      { path: \":id/edit\", component: EditServerComponent }","type":"custom-code-block-javascript","depth":0,"inlineStyleRanges":[],"entityRanges":[],"data":{}},{"key":"3lcvf","text":"    ]","type":"custom-code-block-javascript","depth":0,"inlineStyleRanges":[],"entityRanges":[],"data":{}},{"key":"b2prc","text":"  },","type":"custom-code-block-javascript","depth":0,"inlineStyleRanges":[],"entityRanges":[],"data":{}},{"key":"e0hp3","text":"  { path: \"page-not-found\", component: PageNotFoundComponent },","type":"custom-code-block-javascript","depth":0,"inlineStyleRanges":[],"entityRanges":[],"data":{}},{"key":"c867n","text":"  { path: \"**\", redirectTo: \"page-not-found\" }","type":"custom-code-block-javascript","depth":0,"inlineStyleRanges":[],"entityRanges":[],"data":{}},{"key":"f2adk","text":"];","type":"custom-code-block-javascript","depth":0,"inlineStyleRanges":[],"entityRanges":[],"data":{}},{"key":"dab5q","text":"","type":"custom-code-block-javascript","depth":0,"inlineStyleRanges":[],"entityRanges":[],"data":{}},{"key":"d8esa","text":"@NgModule({","type":"custom-code-block-javascript","depth":0,"inlineStyleRanges":[],"entityRanges":[],"data":{}},{"key":"1up24","text":"  imports: [","type":"custom-code-block-javascript","depth":0,"inlineStyleRanges":[],"entityRanges":[],"data":{}},{"key":"ejctj","text":"    RouterModule.forRoot(appRoutes)","type":"custom-code-block-javascript","depth":0,"inlineStyleRanges":[],"entityRanges":[],"data":{}},{"key":"6qf41","text":"  ],","type":"custom-code-block-javascript","depth":0,"inlineStyleRanges":[],"entityRanges":[],"data":{}},{"key":"4lbub","text":"  exports: [","type":"custom-code-block-javascript","depth":0,"inlineStyleRanges":[],"entityRanges":[],"data":{}},{"key":"dmdma","text":"    RouterModule","type":"custom-code-block-javascript","depth":0,"inlineStyleRanges":[],"entityRanges":[],"data":{}},{"key":"5579a","text":"  ]","type":"custom-code-block-javascript","depth":0,"inlineStyleRanges":[],"entityRanges":[],"data":{}},{"key":"ba2nb","text":"})","type":"custom-code-block-javascript","depth":0,"inlineStyleRanges":[],"entityRanges":[],"data":{}},{"key":"7s4ci","text":"","type":"custom-code-block-javascript","depth":0,"inlineStyleRanges":[],"entityRanges":[],"data":{}},{"key":"7o0p2","text":"export class AppRoutingModule {","type":"custom-code-block-javascript","depth":0,"inlineStyleRanges":[],"entityRanges":[],"data":{}},{"key":"fbv97","text":"","type":"custom-code-block-javascript","depth":0,"inlineStyleRanges":[],"entityRanges":[],"data":{}},{"key":"5rmuo","text":"}","type":"custom-code-block-javascript","depth":0,"inlineStyleRanges":[],"entityRanges":[],"data":{}},{"key":"afg24","text":"","type":"unstyled","depth":0,"inlineStyleRanges":[],"entityRanges":[],"data":{}},{"key":"9dijh","text":"","type":"unstyled","depth":0,"inlineStyleRanges":[],"entityRanges":[],"data":{}},{"key":"10ie3","text":"##############################################################################################","type":"unstyled","depth":0,"inlineStyleRanges":[],"entityRanges":[],"data":{}},{"key":"fvoo7","text":"GUARDS - Controlling Navigation with canDeactivate","type":"unstyled","depth":0,"inlineStyleRanges":[{"offset":0,"length":50,"style":"BOLD"}],"entityRanges":[],"data":{}},{"key":"4td7d","text":"-> you may need to controll user if he can leave the subpage ( there are some unsaved datas for e.g. )","type":"unstyled","depth":0,"inlineStyleRanges":[{"offset":0,"length":3,"style":"BOLD"}],"entityRanges":[],"data":{}},{"key":"51kda","text":"","type":"unstyled","depth":0,"inlineStyleRanges":[],"entityRanges":[],"data":{}},{"key":"4egb1","text":"1. Add a new file with your guard - can-deactivate-guard.service.ts :","type":"custom-code-block-javascript","depth":0,"inlineStyleRanges":[],"entityRanges":[],"data":{}},{"key":"41jrp","text":"import { Observable } from 'rxjs/Observables';","type":"custom-code-block-javascript","depth":0,"inlineStyleRanges":[],"entityRanges":[],"data":{}},{"key":"c2rn7","text":"import { CanDeactivate } from '@angular/router';","type":"custom-code-block-javascript","depth":0,"inlineStyleRanges":[],"entityRanges":[],"data":{}},{"key":"pjk4","text":"","type":"custom-code-block-javascript","depth":0,"inlineStyleRanges":[],"entityRanges":[],"data":{}},{"key":"anda","text":"// an interface is simply a conctract which can be implement by other class which forces this class to have some logic","type":"custom-code-block-javascript","depth":0,"inlineStyleRanges":[],"entityRanges":[],"data":{}},{"key":"1hdbp","text":"//here it forces class to have one method with no arguments which return Observable ( which resolve to boolean in the end) or","type":"custom-code-block-javascript","depth":0,"inlineStyleRanges":[],"entityRanges":[],"data":{}},{"key":"2l3up","text":"// a Promise or just a boolean","type":"custom-code-block-javascript","depth":0,"inlineStyleRanges":[],"entityRanges":[],"data":{}},{"key":"3did9","text":"export interface CanComponentDeactivate {","type":"custom-code-block-javascript","depth":0,"inlineStyleRanges":[],"entityRanges":[],"data":{}},{"key":"bc10j","text":"  canDeactivate: () => Observables<boolean> | Promise<boolean> | boolean;","type":"custom-code-block-javascript","depth":0,"inlineStyleRanges":[],"entityRanges":[],"data":{}},{"key":"956q0","text":"}","type":"custom-code-block-javascript","depth":0,"inlineStyleRanges":[],"entityRanges":[],"data":{}},{"key":"9spuf","text":"","type":"custom-code-block-javascript","depth":0,"inlineStyleRanges":[],"entityRanges":[],"data":{}},{"key":"60bmq","text":"// CanDeactivate is generic type which implements our CanComponentDeactivate","type":"custom-code-block-javascript","depth":0,"inlineStyleRanges":[],"entityRanges":[],"data":{}},{"key":"81uei","text":"export CanDeactivateGuard implements CanDeactivate< CanComponentDeactivate > {","type":"custom-code-block-javascript","depth":0,"inlineStyleRanges":[],"entityRanges":[],"data":{}},{"key":"4eca1","text":"  //this is the canDeactivate that will be called by the angular when we try to leave our route","type":"custom-code-block-javascript","depth":0,"inlineStyleRanges":[],"entityRanges":[],"data":{}},{"key":"ev8f2","text":"  canDeactivate(component: CanComponentDeactivate,","type":"custom-code-block-javascript","depth":0,"inlineStyleRanges":[],"entityRanges":[],"data":{}},{"key":"acpc3","text":"    currentRoute: ActivatedRouteSnapshot,","type":"custom-code-block-javascript","depth":0,"inlineStyleRanges":[],"entityRanges":[],"data":{}},{"key":"8s1dj","text":"    currentState: RouterStateSnapshot,","type":"custom-code-block-javascript","depth":0,"inlineStyleRanges":[],"entityRanges":[],"data":{}},{"key":"bimdj","text":"    nextState?/*optional argumant*/: RouterStateSnapshot): Observables<boolean> | Promise<boolean> | boolean {","type":"custom-code-block-javascript","depth":0,"inlineStyleRanges":[],"entityRanges":[],"data":{}},{"key":"1nlvi","text":"      return component.canDeactivate(); //connection between our guard and component","type":"custom-code-block-javascript","depth":0,"inlineStyleRanges":[],"entityRanges":[],"data":{}},{"key":"dg1c2","text":"  }","type":"custom-code-block-javascript","depth":0,"inlineStyleRanges":[],"entityRanges":[],"data":{}},{"key":"21cd2","text":"}","type":"custom-code-block-javascript","depth":0,"inlineStyleRanges":[],"entityRanges":[],"data":{}},{"key":"9n3nr","text":"","type":"unstyled","depth":0,"inlineStyleRanges":[],"entityRanges":[],"data":{}},{"key":"mqp7","text":"now use it to control your route : ( Angular will run this guard whenever you want to leave this route ): ","type":"unstyled","depth":0,"inlineStyleRanges":[],"entityRanges":[],"data":{}},{"key":"cqvu7","text":"","type":"unstyled","depth":0,"inlineStyleRanges":[],"entityRanges":[],"data":{}},{"key":"f679q","text":"import { CanDeactivateGuard } from './servers/edit-server/can-deactivate-guard.service';","type":"custom-code-block-javascript","depth":0,"inlineStyleRanges":[{"offset":0,"length":88,"style":"BOLD"},{"offset":0,"length":88,"style":"ITALIC"}],"entityRanges":[],"data":{}},{"key":"dtje4","text":"","type":"custom-code-block-javascript","depth":0,"inlineStyleRanges":[],"entityRanges":[],"data":{}},{"key":"fle0e","text":"const appRoutes: Routes = [","type":"custom-code-block-javascript","depth":0,"inlineStyleRanges":[],"entityRanges":[],"data":{}},{"key":"dole","text":"  { path: \"\", component: HomeComponent },","type":"custom-code-block-javascript","depth":0,"inlineStyleRanges":[],"entityRanges":[],"data":{}},{"key":"765sk","text":"  {","type":"custom-code-block-javascript","depth":0,"inlineStyleRanges":[],"entityRanges":[],"data":{}},{"key":"329uq","text":"    path: \"users\", component: UsersComponent, children: [","type":"custom-code-block-javascript","depth":0,"inlineStyleRanges":[],"entityRanges":[],"data":{}},{"key":"b9pse","text":"      { path: \":id/:name\", component: UserComponent }","type":"custom-code-block-javascript","depth":0,"inlineStyleRanges":[],"entityRanges":[],"data":{}},{"key":"9u6oa","text":"    ]","type":"custom-code-block-javascript","depth":0,"inlineStyleRanges":[],"entityRanges":[],"data":{}},{"key":"2hsd6","text":"  },","type":"custom-code-block-javascript","depth":0,"inlineStyleRanges":[],"entityRanges":[],"data":{}},{"key":"4khfh","text":"  {","type":"custom-code-block-javascript","depth":0,"inlineStyleRanges":[],"entityRanges":[],"data":{}},{"key":"3h48a","text":"    path: \"servers\",","type":"custom-code-block-javascript","depth":0,"inlineStyleRanges":[],"entityRanges":[],"data":{}},{"key":"21nho","text":"    // canActivate: [AuthGuard], /* here you pass guards - it will automaticly guard your child routes */","type":"custom-code-block-javascript","depth":0,"inlineStyleRanges":[],"entityRanges":[],"data":{}},{"key":"1hib4","text":"    canActivateChild: [AuthGuard],","type":"custom-code-block-javascript","depth":0,"inlineStyleRanges":[],"entityRanges":[],"data":{}},{"key":"5t5fa","text":"    component: ServersComponent,","type":"custom-code-block-javascript","depth":0,"inlineStyleRanges":[],"entityRanges":[],"data":{}},{"key":"d2fc4","text":"    children: [","type":"custom-code-block-javascript","depth":0,"inlineStyleRanges":[],"entityRanges":[],"data":{}},{"key":"7dqri","text":"      { path: \":id\", component: ServerComponent },","type":"custom-code-block-javascript","depth":0,"inlineStyleRanges":[],"entityRanges":[],"data":{}},{"key":"bq43d","text":"      { path: \":id/edit\", component: EditServerComponent, canDeactivate: [CanDeactivateGuard] }","type":"custom-code-block-javascript","depth":0,"inlineStyleRanges":[{"offset":58,"length":35,"style":"BOLD"},{"offset":58,"length":35,"style":"ITALIC"}],"entityRanges":[],"data":{}},{"key":"85mg6","text":"    ]","type":"custom-code-block-javascript","depth":0,"inlineStyleRanges":[],"entityRanges":[],"data":{}},{"key":"5h642","text":"  },","type":"custom-code-block-javascript","depth":0,"inlineStyleRanges":[],"entityRanges":[],"data":{}},{"key":"en2pa","text":"  { path: \"page-not-found\", component: PageNotFoundComponent },","type":"custom-code-block-javascript","depth":0,"inlineStyleRanges":[],"entityRanges":[],"data":{}},{"key":"6td1j","text":"  { path: \"**\", redirectTo: \"page-not-found\" }","type":"custom-code-block-javascript","depth":0,"inlineStyleRanges":[],"entityRanges":[],"data":{}},{"key":"d2u7d","text":"];","type":"custom-code-block-javascript","depth":0,"inlineStyleRanges":[],"entityRanges":[],"data":{}},{"key":"sthn","text":"","type":"unstyled","depth":0,"inlineStyleRanges":[],"entityRanges":[],"data":{}},{"key":"7fefd","text":"-> to use this guard you need also to add it to providers in your app.module.ts file :","type":"unstyled","depth":0,"inlineStyleRanges":[],"entityRanges":[],"data":{}},{"key":"38g6g","text":"import { CanDeactivateGuard } from './servers/edit-server/can-deactivate-guard.service';","type":"custom-code-block-javascript","depth":0,"inlineStyleRanges":[],"entityRanges":[],"data":{}},{"key":"2c5gn","text":"providers: [ServersService, AuthService, AuthGuard, CanDeactivateGuard]","type":"custom-code-block-javascript","depth":0,"inlineStyleRanges":[{"offset":52,"length":18,"style":"BOLD"},{"offset":52,"length":18,"style":"ITALIC"}],"entityRanges":[],"data":{}},{"key":"81ufr","text":"","type":"unstyled","depth":0,"inlineStyleRanges":[],"entityRanges":[],"data":{}},{"key":"4edn2","text":"-> and the last piece we need to implement canDeactivate method in our component:","type":"unstyled","depth":0,"inlineStyleRanges":[],"entityRanges":[],"data":{}},{"key":"coae5","text":"","type":"unstyled","depth":0,"inlineStyleRanges":[],"entityRanges":[],"data":{}},{"key":"1lgk6","text":"import { Component, OnInit } from '@angular/core';","type":"custom-code-block-javascript","depth":0,"inlineStyleRanges":[],"entityRanges":[],"data":{}},{"key":"9h2fe","text":"import { ActivatedRoute, Params, Router } from '@angular/router';","type":"custom-code-block-javascript","depth":0,"inlineStyleRanges":[],"entityRanges":[],"data":{}},{"key":"5t985","text":"import { ServersService } from '../servers.service';","type":"custom-code-block-javascript","depth":0,"inlineStyleRanges":[],"entityRanges":[],"data":{}},{"key":"473fc","text":"import { CanComponentDeactivate } from './can-deactivate-guard.service'; //import","type":"custom-code-block-javascript","depth":0,"inlineStyleRanges":[{"offset":0,"length":81,"style":"BOLD"},{"offset":0,"length":81,"style":"ITALIC"}],"entityRanges":[],"data":{}},{"key":"c01sl","text":"import { Observable } from 'rxjs/Observable';","type":"custom-code-block-javascript","depth":0,"inlineStyleRanges":[{"offset":0,"length":45,"style":"BOLD"},{"offset":0,"length":45,"style":"ITALIC"}],"entityRanges":[],"data":{}},{"key":"5p44d","text":"","type":"custom-code-block-javascript","depth":0,"inlineStyleRanges":[],"entityRanges":[],"data":{}},{"key":"10bje","text":"@Component({","type":"custom-code-block-javascript","depth":0,"inlineStyleRanges":[],"entityRanges":[],"data":{}},{"key":"bdcki","text":"  selector: 'app-edit-server',","type":"custom-code-block-javascript","depth":0,"inlineStyleRanges":[],"entityRanges":[],"data":{}},{"key":"djsi0","text":"  templateUrl: './edit-server.component.html',","type":"custom-code-block-javascript","depth":0,"inlineStyleRanges":[],"entityRanges":[],"data":{}},{"key":"89j8v","text":"  styleUrls: ['./edit-server.component.css']","type":"custom-code-block-javascript","depth":0,"inlineStyleRanges":[],"entityRanges":[],"data":{}},{"key":"crhgn","text":"})","type":"custom-code-block-javascript","depth":0,"inlineStyleRanges":[],"entityRanges":[],"data":{}},{"key":"2vo3a","text":"export class EditServerComponent implements OnInit, CanComponentDeactivate {","type":"custom-code-block-javascript","depth":0,"inlineStyleRanges":[{"offset":33,"length":41,"style":"BOLD"},{"offset":33,"length":41,"style":"ITALIC"}],"entityRanges":[],"data":{}},{"key":"1momb","text":"  server: { id: number, name: string, status: string };","type":"custom-code-block-javascript","depth":0,"inlineStyleRanges":[],"entityRanges":[],"data":{}},{"key":"2vpe1","text":"  serverName = '';","type":"custom-code-block-javascript","depth":0,"inlineStyleRanges":[],"entityRanges":[],"data":{}},{"key":"20bie","text":"  serverStatus = '';","type":"custom-code-block-javascript","depth":0,"inlineStyleRanges":[],"entityRanges":[],"data":{}},{"key":"agiaa","text":"  allowEdit = false;","type":"custom-code-block-javascript","depth":0,"inlineStyleRanges":[],"entityRanges":[],"data":{}},{"key":"5rgt7","text":"  changesSaved = false;","type":"custom-code-block-javascript","depth":0,"inlineStyleRanges":[{"offset":0,"length":23,"style":"BOLD"},{"offset":0,"length":23,"style":"ITALIC"}],"entityRanges":[],"data":{}},{"key":"9mg1g","text":"","type":"custom-code-block-javascript","depth":0,"inlineStyleRanges":[],"entityRanges":[],"data":{}},{"key":"7pnm6","text":"  constructor(private serversService: ServersService,","type":"custom-code-block-javascript","depth":0,"inlineStyleRanges":[],"entityRanges":[],"data":{}},{"key":"341hl","text":"    private activatedRoute: ActivatedRoute,","type":"custom-code-block-javascript","depth":0,"inlineStyleRanges":[],"entityRanges":[],"data":{}},{"key":"e8l3t","text":"    private router: Router) { }","type":"custom-code-block-javascript","depth":0,"inlineStyleRanges":[],"entityRanges":[],"data":{}},{"key":"1bm56","text":"","type":"custom-code-block-javascript","depth":0,"inlineStyleRanges":[],"entityRanges":[],"data":{}},{"key":"bg652","text":"  ngOnInit() {","type":"custom-code-block-javascript","depth":0,"inlineStyleRanges":[],"entityRanges":[],"data":{}},{"key":"5dscj","text":"    const id = +this.activatedRoute.snapshot.params['id'];","type":"custom-code-block-javascript","depth":0,"inlineStyleRanges":[],"entityRanges":[],"data":{}},{"key":"1a3lo","text":"    this.server = this.serversService.getServer(id);","type":"custom-code-block-javascript","depth":0,"inlineStyleRanges":[],"entityRanges":[],"data":{}},{"key":"6m5q7","text":"    this.serverName = this.server.name;","type":"custom-code-block-javascript","depth":0,"inlineStyleRanges":[],"entityRanges":[],"data":{}},{"key":"6ged1","text":"    this.serverStatus = this.server.status;","type":"custom-code-block-javascript","depth":0,"inlineStyleRanges":[],"entityRanges":[],"data":{}},{"key":"1c21b","text":"    // console.log(this.activatedRoute.snapshot.queryParams);","type":"custom-code-block-javascript","depth":0,"inlineStyleRanges":[],"entityRanges":[],"data":{}},{"key":"b9hfk","text":"    // console.log(this.activatedRoute.snapshot.fragment);","type":"custom-code-block-javascript","depth":0,"inlineStyleRanges":[],"entityRanges":[],"data":{}},{"key":"6hvv7","text":"","type":"custom-code-block-javascript","depth":0,"inlineStyleRanges":[],"entityRanges":[],"data":{}},{"key":"bbh22","text":"    this.activatedRoute.queryParams.subscribe(","type":"custom-code-block-javascript","depth":0,"inlineStyleRanges":[],"entityRanges":[],"data":{}},{"key":"9k8n1","text":"      (queryParams: Params) => {","type":"custom-code-block-javascript","depth":0,"inlineStyleRanges":[],"entityRanges":[],"data":{}},{"key":"1kn6g","text":"        console.log(queryParams['allowEdit'])","type":"custom-code-block-javascript","depth":0,"inlineStyleRanges":[],"entityRanges":[],"data":{}},{"key":"7u3j4","text":"        this.allowEdit = queryParams.allowEdit === '1' ? true : false;","type":"custom-code-block-javascript","depth":0,"inlineStyleRanges":[],"entityRanges":[],"data":{}},{"key":"95ov1","text":"      }","type":"custom-code-block-javascript","depth":0,"inlineStyleRanges":[],"entityRanges":[],"data":{}},{"key":"2hkfc","text":"    );","type":"custom-code-block-javascript","depth":0,"inlineStyleRanges":[],"entityRanges":[],"data":{}},{"key":"f5qak","text":"  }","type":"custom-code-block-javascript","depth":0,"inlineStyleRanges":[],"entityRanges":[],"data":{}},{"key":"6akvi","text":"","type":"custom-code-block-javascript","depth":0,"inlineStyleRanges":[],"entityRanges":[],"data":{}},{"key":"ch7l","text":"  onUpdateServer() {","type":"custom-code-block-javascript","depth":0,"inlineStyleRanges":[],"entityRanges":[],"data":{}},{"key":"1udi7","text":"    this.serversService.updateServer(this.server.id, { name: this.serverName, status: this.serverStatus });","type":"custom-code-block-javascript","depth":0,"inlineStyleRanges":[],"entityRanges":[],"data":{}},{"key":"k115","text":"    this.changesSaved = true;","type":"custom-code-block-javascript","depth":0,"inlineStyleRanges":[],"entityRanges":[],"data":{}},{"key":"fsrbl","text":"    this.router.navigate(['../'], {","type":"custom-code-block-javascript","depth":0,"inlineStyleRanges":[],"entityRanges":[],"data":{}},{"key":"6p3a","text":"      relativeTo: this.activatedRoute","type":"custom-code-block-javascript","depth":0,"inlineStyleRanges":[],"entityRanges":[],"data":{}},{"key":"9r0km","text":"    });","type":"custom-code-block-javascript","depth":0,"inlineStyleRanges":[],"entityRanges":[],"data":{}},{"key":"2sdlu","text":"  }","type":"custom-code-block-javascript","depth":0,"inlineStyleRanges":[],"entityRanges":[],"data":{}},{"key":"20d25","text":"","type":"custom-code-block-javascript","depth":0,"inlineStyleRanges":[],"entityRanges":[],"data":{}},{"key":"3tnjd","text":"  //here we provide the actual logic deciding wheter we are allow to leave or not","type":"custom-code-block-javascript","depth":0,"inlineStyleRanges":[],"entityRanges":[],"data":{}},{"key":"a4v8f","text":"  // this logic will be called whenever the canDeactivate guard is check by the angular router","type":"custom-code-block-javascript","depth":0,"inlineStyleRanges":[],"entityRanges":[],"data":{}},{"key":"3ldul","text":"  canDeactivate(): Observables<boolean> | Promise<boolean> | boolean {","type":"custom-code-block-javascript","depth":0,"inlineStyleRanges":[{"offset":2,"length":68,"style":"BOLD"},{"offset":2,"length":68,"style":"ITALIC"}],"entityRanges":[],"data":{}},{"key":"cissg","text":"    if (!this.allowEdit) {","type":"custom-code-block-javascript","depth":0,"inlineStyleRanges":[{"offset":0,"length":26,"style":"BOLD"},{"offset":0,"length":26,"style":"ITALIC"}],"entityRanges":[],"data":{}},{"key":"f5j23","text":"      return true; //if you are not allow to edit you may leave","type":"custom-code-block-javascript","depth":0,"inlineStyleRanges":[{"offset":0,"length":63,"style":"BOLD"},{"offset":0,"length":63,"style":"ITALIC"}],"entityRanges":[],"data":{}},{"key":"6s3gp","text":"    }","type":"custom-code-block-javascript","depth":0,"inlineStyleRanges":[{"offset":0,"length":5,"style":"BOLD"},{"offset":0,"length":5,"style":"ITALIC"}],"entityRanges":[],"data":{}},{"key":"8asgp","text":"    if ((this.serverName !== this.server.name || this.serverStatus !== this.server.status) && !this.changesSaved) {","type":"custom-code-block-javascript","depth":0,"inlineStyleRanges":[{"offset":0,"length":115,"style":"BOLD"},{"offset":0,"length":115,"style":"ITALIC"}],"entityRanges":[],"data":{}},{"key":"egfd0","text":"      return confirm('Do you want to discard the changes?');","type":"custom-code-block-javascript","depth":0,"inlineStyleRanges":[{"offset":0,"length":60,"style":"BOLD"},{"offset":0,"length":60,"style":"ITALIC"}],"entityRanges":[],"data":{}},{"key":"5d0jv","text":"    } else {","type":"custom-code-block-javascript","depth":0,"inlineStyleRanges":[{"offset":0,"length":12,"style":"BOLD"},{"offset":0,"length":12,"style":"ITALIC"}],"entityRanges":[],"data":{}},{"key":"385jb","text":"      return true;","type":"custom-code-block-javascript","depth":0,"inlineStyleRanges":[{"offset":0,"length":18,"style":"BOLD"},{"offset":0,"length":18,"style":"ITALIC"}],"entityRanges":[],"data":{}},{"key":"6i2e7","text":"    }","type":"custom-code-block-javascript","depth":0,"inlineStyleRanges":[{"offset":0,"length":5,"style":"BOLD"},{"offset":0,"length":5,"style":"ITALIC"}],"entityRanges":[],"data":{}},{"key":"57l1l","text":"  }","type":"custom-code-block-javascript","depth":0,"inlineStyleRanges":[{"offset":0,"length":3,"style":"BOLD"},{"offset":0,"length":3,"style":"ITALIC"}],"entityRanges":[],"data":{}},{"key":"6kkpd","text":"}","type":"custom-code-block-javascript","depth":0,"inlineStyleRanges":[],"entityRanges":[],"data":{}}],"entityMap":{}},"tags":[]}