{"_id":"BJF_q22Ef","title":"Angular Cli","dateCreated":"2018-01-17T11:58:40.673Z","lastAccessed":"2018-03-12T22:18:26.011Z","lastUpdated":"2018-01-17T19:04:01.026Z","notebookId":"rySu93hVz","body":{"blocks":[{"key":"ag6qs","text":"Angular Cli","type":"header-one","depth":0,"inlineStyleRanges":[{"offset":0,"length":11,"style":"BOLD"}],"entityRanges":[],"data":{}},{"key":"7oe6v","text":"","type":"unstyled","depth":0,"inlineStyleRanges":[],"entityRanges":[],"data":{}},{"key":"ei2en","text":"1. First install angular Cli","type":"unstyled","depth":0,"inlineStyleRanges":[],"entityRanges":[],"data":{}},{"key":"8bl9q","text":"2. Set up the new project:","type":"unstyled","depth":0,"inlineStyleRanges":[],"entityRanges":[],"data":{}},{"key":"iron","text":"ng new my-first-app","type":"custom-code-block-bash","depth":0,"inlineStyleRanges":[],"entityRanges":[],"data":{}},{"key":"a3gbm","text":"","type":"unstyled","depth":0,"inlineStyleRanges":[],"entityRanges":[],"data":{}},{"key":"59kd9","text":"3. Run the project:","type":"unstyled","depth":0,"inlineStyleRanges":[],"entityRanges":[],"data":{}},{"key":"a8046","text":"ng serve","type":"custom-code-block-bash","depth":0,"inlineStyleRanges":[],"entityRanges":[],"data":{}},{"key":"a18jo","text":"","type":"unstyled","depth":0,"inlineStyleRanges":[],"entityRanges":[],"data":{}},{"key":"d5oll","text":"4. Angular Cli use webpack so as you want to use css framework bootstrap download it uses npm install, next go to angular-cli.json -> styles and add there the path to bootstrap module so: \"../node_modules/bootstrap/dist/css/bootstrap.min.css\"","type":"unstyled","depth":0,"inlineStyleRanges":[],"entityRanges":[],"data":{}},{"key":"8nsjk","text":"","type":"unstyled","depth":0,"inlineStyleRanges":[],"entityRanges":[],"data":{}},{"key":"5g48r","text":"","type":"unstyled","depth":0,"inlineStyleRanges":[],"entityRanges":[],"data":{}},{"key":"3fpfc","text":"","type":"unstyled","depth":0,"inlineStyleRanges":[],"entityRanges":[],"data":{}}],"entityMap":{}},"tags":[]}