{"_id":"BJKr_VUBf","title":"Component Lifecycle","dateCreated":"2018-01-24T16:45:53.202Z","lastAccessed":"2018-03-12T22:18:26.093Z","lastUpdated":"2018-01-24T17:17:08.581Z","notebookId":"rySu93hVz","body":{"blocks":[{"key":"ag6qs","text":"Component Lifecycle","type":"header-one","depth":0,"inlineStyleRanges":[],"entityRanges":[],"data":{}},{"key":"977do","text":"1. ngOnChanges -> Called after a bound input property changes //THE ONLY ONE THAT HAS AN ARGUMENT WITH CHANGES","type":"unstyled","depth":0,"inlineStyleRanges":[{"offset":62,"length":48,"style":"BOLD"}],"entityRanges":[],"data":{}},{"key":"73ofi","text":"  ngOnChanges(changes: SimpleChanges) {","type":"custom-code-block-javascript","depth":0,"inlineStyleRanges":[],"entityRanges":[],"data":{}},{"key":"elmci","text":"    console.log(changes);","type":"custom-code-block-javascript","depth":0,"inlineStyleRanges":[],"entityRanges":[],"data":{}},{"key":"dhp7q","text":"  }","type":"custom-code-block-javascript","depth":0,"inlineStyleRanges":[],"entityRanges":[],"data":{}},{"key":"5hbqh","text":"","type":"unstyled","depth":0,"inlineStyleRanges":[],"entityRanges":[],"data":{}},{"key":"cr8s8","text":"2. ngOnInit -> Called once the component is initialized","type":"unstyled","depth":0,"inlineStyleRanges":[],"entityRanges":[],"data":{}},{"key":"d209c","text":"3. ngDoCheck -> Called during every change detection run","type":"unstyled","depth":0,"inlineStyleRanges":[],"entityRanges":[],"data":{}},{"key":"2pf7f","text":"4. ngAfterContentInit -> Called after content (ng-content) has been projected into view","type":"unstyled","depth":0,"inlineStyleRanges":[],"entityRanges":[],"data":{}},{"key":"6amht","text":"5. ngAfterContentChecked -> Called every time the projected content has been checked","type":"unstyled","depth":0,"inlineStyleRanges":[],"entityRanges":[],"data":{}},{"key":"cm43r","text":"6. ngAfterViewInit -> Called after the component's view (and child views) has been initialized","type":"unstyled","depth":0,"inlineStyleRanges":[],"entityRanges":[],"data":{}},{"key":"4rqdl","text":"7. ngAfterViewChecked -> Called every time the view (and child views) have been checked","type":"unstyled","depth":0,"inlineStyleRanges":[],"entityRanges":[],"data":{}},{"key":"fsfg5","text":"8. ngOnDestroy -> Called once the component is about to be destryed","type":"unstyled","depth":0,"inlineStyleRanges":[],"entityRanges":[],"data":{}},{"key":"5iic4","text":"","type":"unstyled","depth":0,"inlineStyleRanges":[],"entityRanges":[],"data":{}},{"key":"59kd9","text":"","type":"unstyled","depth":0,"inlineStyleRanges":[],"entityRanges":[],"data":{}}],"entityMap":{}},"tags":[]}