{"_id":"Bk8CWNrrf","title":"Components & Databinding","dateCreated":"2018-01-23T22:06:06.386Z","lastAccessed":"2018-03-12T22:18:27.725Z","lastUpdated":"2018-01-26T21:57:23.882Z","notebookId":"rySu93hVz","body":{"blocks":[{"key":"ag6qs","text":"Components & Databinding","type":"header-one","depth":0,"inlineStyleRanges":[],"entityRanges":[],"data":{}},{"key":"3obq","text":"1. The rule is: from the parent component you don't have an access to the child component element. ","type":"unstyled","depth":0,"inlineStyleRanges":[],"entityRanges":[],"data":{}},{"key":"1u0gg","text":"!!! But you can get it when you add a special decorator @Input before the element in the child Component class:","type":"unstyled","depth":0,"inlineStyleRanges":[],"entityRanges":[],"data":{}},{"key":"eu6cp","text":"-> with this we exposing this element to the world. Each component hosting/implementing our component through selector its now able to bind to element","type":"unstyled","depth":0,"inlineStyleRanges":[],"entityRanges":[],"data":{}},{"key":"cka58","text":"import { Component, OnInit, Input } from '@angular/core'; //import decorator","type":"custom-code-block-javascript","depth":0,"inlineStyleRanges":[],"entityRanges":[],"data":{}},{"key":"cc8ok","text":"@Component({","type":"custom-code-block-javascript","depth":0,"inlineStyleRanges":[],"entityRanges":[],"data":{}},{"key":"5lddt","text":"  selector: 'app-server-element',","type":"custom-code-block-javascript","depth":0,"inlineStyleRanges":[],"entityRanges":[],"data":{}},{"key":"2ehap","text":"  templateUrl: './server-element.component.html',","type":"custom-code-block-javascript","depth":0,"inlineStyleRanges":[],"entityRanges":[],"data":{}},{"key":"9sil6","text":"  styleUrls: ['./server-element.component.css']","type":"custom-code-block-javascript","depth":0,"inlineStyleRanges":[],"entityRanges":[],"data":{}},{"key":"c6tq1","text":"})","type":"custom-code-block-javascript","depth":0,"inlineStyleRanges":[],"entityRanges":[],"data":{}},{"key":"emlbn","text":"export class ServerElementComponent implements OnInit {","type":"custom-code-block-javascript","depth":0,"inlineStyleRanges":[],"entityRanges":[],"data":{}},{"key":"c19m1","text":"  @Input() element: {type: string, name: string, content: string}; //decorator","type":"custom-code-block-javascript","depth":0,"inlineStyleRanges":[],"entityRanges":[],"data":{}},{"key":"1h99c","text":"  constructor() { }","type":"custom-code-block-javascript","depth":0,"inlineStyleRanges":[],"entityRanges":[],"data":{}},{"key":"6dkr6","text":"  ngOnInit() {","type":"custom-code-block-javascript","depth":0,"inlineStyleRanges":[],"entityRanges":[],"data":{}},{"key":"9l632","text":"  }","type":"custom-code-block-javascript","depth":0,"inlineStyleRanges":[],"entityRanges":[],"data":{}},{"key":"6bjrh","text":"}","type":"custom-code-block-javascript","depth":0,"inlineStyleRanges":[],"entityRanges":[],"data":{}},{"key":"cnoph","text":"","type":"unstyled","depth":0,"inlineStyleRanges":[],"entityRanges":[],"data":{}},{"key":"6vdo","text":"-> to access that component from outside: (bind with the html property)","type":"unstyled","depth":0,"inlineStyleRanges":[],"entityRanges":[],"data":{}},{"key":"c8ja2","text":"<div class=\"container\">","type":"custom-code-block-html","depth":0,"inlineStyleRanges":[],"entityRanges":[],"data":{}},{"key":"d7sfa","text":"  <app-cockpit></app-cockpit>","type":"custom-code-block-html","depth":0,"inlineStyleRanges":[],"entityRanges":[],"data":{}},{"key":"2pejg","text":"  <hr>","type":"custom-code-block-html","depth":0,"inlineStyleRanges":[],"entityRanges":[],"data":{}},{"key":"e7okl","text":"  <div class=\"row\">","type":"custom-code-block-html","depth":0,"inlineStyleRanges":[],"entityRanges":[],"data":{}},{"key":"a2nv6","text":"    <div class=\"col-xs-12\">","type":"custom-code-block-html","depth":0,"inlineStyleRanges":[],"entityRanges":[],"data":{}},{"key":"70ujb","text":"      <app-server-element","type":"custom-code-block-html","depth":0,"inlineStyleRanges":[],"entityRanges":[],"data":{}},{"key":"djk52","text":"        *ngFor=\"let serverElement of serverElements\"","type":"custom-code-block-html","depth":0,"inlineStyleRanges":[],"entityRanges":[],"data":{}},{"key":"12tp1","text":"        [element] = \"serverElement\" <!-- [name of the child component parameter ] -->","type":"custom-code-block-html","depth":0,"inlineStyleRanges":[],"entityRanges":[],"data":{}},{"key":"8p6c5","text":"          -->","type":"custom-code-block-html","depth":0,"inlineStyleRanges":[],"entityRanges":[],"data":{}},{"key":"e3jrl","text":"      ></app-server-element>","type":"custom-code-block-html","depth":0,"inlineStyleRanges":[],"entityRanges":[],"data":{}},{"key":"1qvai","text":"    </div>","type":"custom-code-block-html","depth":0,"inlineStyleRanges":[],"entityRanges":[],"data":{}},{"key":"2vjtm","text":"  </div>","type":"custom-code-block-html","depth":0,"inlineStyleRanges":[],"entityRanges":[],"data":{}},{"key":"1r9fk","text":"</div>","type":"custom-code-block-html","depth":0,"inlineStyleRanges":[],"entityRanges":[],"data":{}},{"key":"c3skb","text":"","type":"unstyled","depth":0,"inlineStyleRanges":[],"entityRanges":[],"data":{}},{"key":"1apje","text":"2. Name of the child component parameter can be different as in the component class. You can set an alias to it:","type":"unstyled","depth":0,"inlineStyleRanges":[],"entityRanges":[],"data":{}},{"key":"4lmrs","text":"","type":"unstyled","depth":0,"inlineStyleRanges":[],"entityRanges":[],"data":{}},{"key":"6q7td","text":"@Input('srvElement') element: {type: string, name: string, content: string}; //alias for element","type":"custom-code-block-javascript","depth":0,"inlineStyleRanges":[],"entityRanges":[],"data":{}},{"key":"8j4ar","text":"","type":"unstyled","depth":0,"inlineStyleRanges":[],"entityRanges":[],"data":{}},{"key":"2j9e2","text":"      <app-server-element *ngFor=\"let serverElement of serverElements\" [srvElement] = \"serverElement\" ></app-server-element>","type":"custom-code-block-javascript","depth":0,"inlineStyleRanges":[],"entityRanges":[],"data":{}},{"key":"997dt","text":"      ","type":"unstyled","depth":0,"inlineStyleRanges":[],"entityRanges":[],"data":{}},{"key":"5hu69","text":"3. Binding to custom events:","type":"unstyled","depth":0,"inlineStyleRanges":[{"offset":0,"length":28,"style":"BOLD"},{"offset":0,"length":28,"style":"ITALIC"}],"entityRanges":[],"data":{}},{"key":"13dtf","text":"-> When you have an output component where you need to get the data from the input component.","type":"unstyled","depth":0,"inlineStyleRanges":[],"entityRanges":[],"data":{}},{"key":"33adj","text":"    3.1. Add a event listener to your html code in your output component (like click, input):","type":"unstyled","depth":0,"inlineStyleRanges":[],"entityRanges":[],"data":{}},{"key":"feim2","text":"<div class=\"container\">","type":"custom-code-block-javascript","depth":0,"inlineStyleRanges":[],"entityRanges":[],"data":{}},{"key":"99fha","text":"  <app-cockpit (serverCreated) = \"onServerAdded($event)\" (blueprintCreated) = \"onBlueprintAdded($event)\"></app-cockpit>","type":"custom-code-block-javascript","depth":0,"inlineStyleRanges":[],"entityRanges":[],"data":{}},{"key":"fsa1e","text":"</div> ","type":"custom-code-block-javascript","depth":0,"inlineStyleRanges":[],"entityRanges":[],"data":{}},{"key":"4p647","text":"","type":"custom-code-block-javascript","depth":0,"inlineStyleRanges":[],"entityRanges":[],"data":{}},{"key":"79gor","text":"//(serverCreated) - event which we emit from the inner component","type":"custom-code-block-javascript","depth":0,"inlineStyleRanges":[],"entityRanges":[],"data":{}},{"key":"66pat","text":"    ","type":"unstyled","depth":0,"inlineStyleRanges":[],"entityRanges":[],"data":{}},{"key":"6esat","text":"    3.2. Add a methods, invoked when your events occurs:","type":"unstyled","depth":0,"inlineStyleRanges":[],"entityRanges":[],"data":{}},{"key":"8lfjm","text":"export class AppComponent {","type":"custom-code-block-javascript","depth":0,"inlineStyleRanges":[],"entityRanges":[],"data":{}},{"key":"cnjte","text":"  serverElements = [{type: 'server', name: 'Testserver', content: 'Just a test!'}];","type":"custom-code-block-javascript","depth":0,"inlineStyleRanges":[],"entityRanges":[],"data":{}},{"key":"bjug5","text":"","type":"custom-code-block-javascript","depth":0,"inlineStyleRanges":[],"entityRanges":[],"data":{}},{"key":"bjutv","text":"  onServerAdded(serverData: {serverName: string, serverContent: string}) {","type":"custom-code-block-javascript","depth":0,"inlineStyleRanges":[],"entityRanges":[],"data":{}},{"key":"1g463","text":"    this.serverElements.push({","type":"custom-code-block-javascript","depth":0,"inlineStyleRanges":[],"entityRanges":[],"data":{}},{"key":"asusn","text":"      type: 'server',","type":"custom-code-block-javascript","depth":0,"inlineStyleRanges":[],"entityRanges":[],"data":{}},{"key":"ekn4h","text":"      name: serverData.serverName,","type":"custom-code-block-javascript","depth":0,"inlineStyleRanges":[],"entityRanges":[],"data":{}},{"key":"fc2nh","text":"      content: serverData.serverContent","type":"custom-code-block-javascript","depth":0,"inlineStyleRanges":[],"entityRanges":[],"data":{}},{"key":"eq8ga","text":"    });","type":"custom-code-block-javascript","depth":0,"inlineStyleRanges":[],"entityRanges":[],"data":{}},{"key":"hua","text":"  }","type":"custom-code-block-javascript","depth":0,"inlineStyleRanges":[],"entityRanges":[],"data":{}},{"key":"2e9q1","text":"","type":"custom-code-block-javascript","depth":0,"inlineStyleRanges":[],"entityRanges":[],"data":{}},{"key":"37brm","text":"  onBlueprintAdded(blueprintData: {serverName: string, serverContent: string}) {","type":"custom-code-block-javascript","depth":0,"inlineStyleRanges":[],"entityRanges":[],"data":{}},{"key":"681c7","text":"    this.serverElements.push({","type":"custom-code-block-javascript","depth":0,"inlineStyleRanges":[],"entityRanges":[],"data":{}},{"key":"eidqc","text":"      type: 'blueprint',","type":"custom-code-block-javascript","depth":0,"inlineStyleRanges":[],"entityRanges":[],"data":{}},{"key":"3ecec","text":"      name: blueprintData.serverName,","type":"custom-code-block-javascript","depth":0,"inlineStyleRanges":[],"entityRanges":[],"data":{}},{"key":"4d2c9","text":"      content: blueprintData.serverContent","type":"custom-code-block-javascript","depth":0,"inlineStyleRanges":[],"entityRanges":[],"data":{}},{"key":"5b8sc","text":"    });","type":"custom-code-block-javascript","depth":0,"inlineStyleRanges":[],"entityRanges":[],"data":{}},{"key":"76itj","text":"  }","type":"custom-code-block-javascript","depth":0,"inlineStyleRanges":[],"entityRanges":[],"data":{}},{"key":"3evi0","text":"}","type":"custom-code-block-javascript","depth":0,"inlineStyleRanges":[],"entityRanges":[],"data":{}},{"key":"ap6hh","text":"","type":"custom-code-block-javascript","depth":0,"inlineStyleRanges":[],"entityRanges":[],"data":{}},{"key":"57tvh","text":"// onServerAdded(serverData: {serverName: string, serverContent: string})","type":"custom-code-block-javascript","depth":0,"inlineStyleRanges":[],"entityRanges":[],"data":{}},{"key":"374il","text":"// serverData is an object that will be passed here from inner component","type":"custom-code-block-javascript","depth":0,"inlineStyleRanges":[],"entityRanges":[],"data":{}},{"key":"hqgo","text":"      ","type":"unstyled","depth":0,"inlineStyleRanges":[],"entityRanges":[],"data":{}},{"key":"cdru9","text":"3.3. Add a properties to your inner component with particular names (here: serverCreated and blueprintCreated). ","type":"unstyled","depth":0,"inlineStyleRanges":[],"entityRanges":[],"data":{}},{"key":"8mqb3","text":"-> Declare them as an EventEmitter type objects with the data they will pass with them e.g. <{serverName: string, serverContent:         string}> and invoke the EventEmitter constructor to build your objects.","type":"unstyled","depth":0,"inlineStyleRanges":[],"entityRanges":[],"data":{}},{"key":"bhvlq","text":"-> add @Output() decorator to pass them outside this component (to the parent component) -> ONLY TO PARENT","type":"unstyled","depth":0,"inlineStyleRanges":[{"offset":92,"length":14,"style":"BOLD"}],"entityRanges":[],"data":{}},{"key":"2e1ju","text":"-> emit your new created events (e.g. when you click a button inside your inner component you will emit an event to your outside component and there your event will be caught and passed to TypeScript with particular data)","type":"unstyled","depth":0,"inlineStyleRanges":[],"entityRanges":[],"data":{}},{"key":"6a6f4","text":"import { Component, OnInit, EventEmitter, /* import */Output } from '@angular/core';","type":"custom-code-block-javascript","depth":0,"inlineStyleRanges":[],"entityRanges":[],"data":{}},{"key":"8l2id","text":"","type":"custom-code-block-javascript","depth":0,"inlineStyleRanges":[],"entityRanges":[],"data":{}},{"key":"9jm9f","text":"@Component({","type":"custom-code-block-javascript","depth":0,"inlineStyleRanges":[],"entityRanges":[],"data":{}},{"key":"4f4pl","text":"  selector: 'app-cockpit',","type":"custom-code-block-javascript","depth":0,"inlineStyleRanges":[],"entityRanges":[],"data":{}},{"key":"a9f1n","text":"  templateUrl: './cockpit.component.html',","type":"custom-code-block-javascript","depth":0,"inlineStyleRanges":[],"entityRanges":[],"data":{}},{"key":"589ug","text":"  styleUrls: ['./cockpit.component.css']","type":"custom-code-block-javascript","depth":0,"inlineStyleRanges":[],"entityRanges":[],"data":{}},{"key":"4j53g","text":"})","type":"custom-code-block-javascript","depth":0,"inlineStyleRanges":[],"entityRanges":[],"data":{}},{"key":"9epqi","text":"export class CockpitComponent implements OnInit {","type":"custom-code-block-javascript","depth":0,"inlineStyleRanges":[],"entityRanges":[],"data":{}},{"key":"allqc","text":"  @Output() serverCreated = new EventEmitter<{serverName: string, serverContent: string}>();","type":"custom-code-block-javascript","depth":0,"inlineStyleRanges":[],"entityRanges":[],"data":{}},{"key":"frjcj","text":"  @Output() blueprintCreated = new EventEmitter<{serverName: string, serverContent: string}>();","type":"custom-code-block-javascript","depth":0,"inlineStyleRanges":[],"entityRanges":[],"data":{}},{"key":"e3bv4","text":"  newServerName = '';","type":"custom-code-block-javascript","depth":0,"inlineStyleRanges":[],"entityRanges":[],"data":{}},{"key":"f06r3","text":"  newServerContent = '';","type":"custom-code-block-javascript","depth":0,"inlineStyleRanges":[],"entityRanges":[],"data":{}},{"key":"1khf4","text":"","type":"custom-code-block-javascript","depth":0,"inlineStyleRanges":[],"entityRanges":[],"data":{}},{"key":"cs137","text":"  constructor() { }","type":"custom-code-block-javascript","depth":0,"inlineStyleRanges":[],"entityRanges":[],"data":{}},{"key":"8pgcj","text":"","type":"custom-code-block-javascript","depth":0,"inlineStyleRanges":[],"entityRanges":[],"data":{}},{"key":"6obum","text":"  ngOnInit() {","type":"custom-code-block-javascript","depth":0,"inlineStyleRanges":[],"entityRanges":[],"data":{}},{"key":"1a15d","text":"  }","type":"custom-code-block-javascript","depth":0,"inlineStyleRanges":[],"entityRanges":[],"data":{}},{"key":"7n151","text":"","type":"custom-code-block-javascript","depth":0,"inlineStyleRanges":[],"entityRanges":[],"data":{}},{"key":"1p96","text":"  onAddServer() { //metod that will emit an event","type":"custom-code-block-javascript","depth":0,"inlineStyleRanges":[],"entityRanges":[],"data":{}},{"key":"e7se7","text":"    this.serverCreated.emit({ // emitting the event with particular data","type":"custom-code-block-javascript","depth":0,"inlineStyleRanges":[],"entityRanges":[],"data":{}},{"key":"21bsj","text":"      serverName: this.newServerName,","type":"custom-code-block-javascript","depth":0,"inlineStyleRanges":[],"entityRanges":[],"data":{}},{"key":"cgpmh","text":"      serverContent: this.newServerContent","type":"custom-code-block-javascript","depth":0,"inlineStyleRanges":[],"entityRanges":[],"data":{}},{"key":"5o043","text":"    });","type":"custom-code-block-javascript","depth":0,"inlineStyleRanges":[],"entityRanges":[],"data":{}},{"key":"43rtv","text":"  }","type":"custom-code-block-javascript","depth":0,"inlineStyleRanges":[],"entityRanges":[],"data":{}},{"key":"53iri","text":"","type":"custom-code-block-javascript","depth":0,"inlineStyleRanges":[],"entityRanges":[],"data":{}},{"key":"cc1k7","text":"  onAddBlueprint() {","type":"custom-code-block-javascript","depth":0,"inlineStyleRanges":[],"entityRanges":[],"data":{}},{"key":"9tl4u","text":"    this.blueprintCreated.emit({","type":"custom-code-block-javascript","depth":0,"inlineStyleRanges":[],"entityRanges":[],"data":{}},{"key":"7aas7","text":"      serverName: this.newServerName,","type":"custom-code-block-javascript","depth":0,"inlineStyleRanges":[],"entityRanges":[],"data":{}},{"key":"cggoc","text":"      serverContent: this.newServerContent","type":"custom-code-block-javascript","depth":0,"inlineStyleRanges":[],"entityRanges":[],"data":{}},{"key":"51dff","text":"    });","type":"custom-code-block-javascript","depth":0,"inlineStyleRanges":[],"entityRanges":[],"data":{}},{"key":"fs49m","text":"  }","type":"custom-code-block-javascript","depth":0,"inlineStyleRanges":[],"entityRanges":[],"data":{}},{"key":"5v910","text":"}","type":"custom-code-block-javascript","depth":0,"inlineStyleRanges":[],"entityRanges":[],"data":{}},{"key":"59kd9","text":"","type":"unstyled","depth":0,"inlineStyleRanges":[],"entityRanges":[],"data":{}},{"key":"fj698","text":"-> you can pass an alias also to you Output decorator. In your outside component where you listen for event you can use alias name then:","type":"unstyled","depth":0,"inlineStyleRanges":[],"entityRanges":[],"data":{}},{"key":"37ui6","text":"<app-cockpit (srCreated) = \"onServerAdded($event)\" (bpCreated) = \"onBlueprintAdded($event)\"></app-cockpit>","type":"custom-code-block-javascript","depth":0,"inlineStyleRanges":[],"entityRanges":[],"data":{}},{"key":"65vrg","text":"","type":"unstyled","depth":0,"inlineStyleRanges":[],"entityRanges":[],"data":{}},{"key":"94u0b","text":"@Output('srCreated') serverCreated = new EventEmitter<{serverName: string, serverContent: string}>();","type":"custom-code-block-javascript","depth":0,"inlineStyleRanges":[],"entityRanges":[],"data":{}},{"key":"7k7r5","text":"@Output('bpCreated') blueprintCreated = new EventEmitter<{serverName: string, serverContent: string}>();","type":"custom-code-block-javascript","depth":0,"inlineStyleRanges":[],"entityRanges":[],"data":{}}],"entityMap":{}},"tags":[]}