{"_id":"BkYlHArrf","title":"Local References in Templates (+ @ViewChild, @ContentChild)","dateCreated":"2018-01-24T09:42:09.364Z","lastAccessed":"2018-03-12T22:18:28.364Z","lastUpdated":"2018-02-06T19:36:03.168Z","notebookId":"rySu93hVz","body":{"blocks":[{"key":"ag6qs","text":"Local References in Templates (+ @ViewChild, @ContentChild)","type":"header-one","depth":0,"inlineStyleRanges":[],"entityRanges":[],"data":{}},{"key":"9qee4","text":"1. We can add a reference ( #Name ) to our html (ANY HTML ELEMENT) element and then use it inside our template (only there). So you can then pass it to your TypeScript code or render it for e.g.","type":"unstyled","depth":0,"inlineStyleRanges":[{"offset":26,"length":9,"style":"BOLD"},{"offset":48,"length":18,"style":"BOLD"},{"offset":88,"length":35,"style":"BOLD"}],"entityRanges":[],"data":{}},{"key":"4f651","text":"","type":"unstyled","depth":0,"inlineStyleRanges":[],"entityRanges":[],"data":{}},{"key":"9lvje","text":"-> In HTML:","type":"unstyled","depth":0,"inlineStyleRanges":[],"entityRanges":[],"data":{}},{"key":"59kd9","text":"<div class=\"row\">","type":"custom-code-block-javascript","depth":0,"inlineStyleRanges":[],"entityRanges":[],"data":{}},{"key":"fjt25","text":"  <div class=\"col-xs-12\">","type":"custom-code-block-javascript","depth":0,"inlineStyleRanges":[],"entityRanges":[],"data":{}},{"key":"25rdo","text":"    <p>Add new Servers or blueprints!</p>","type":"custom-code-block-javascript","depth":0,"inlineStyleRanges":[],"entityRanges":[],"data":{}},{"key":"9ikr2","text":"    <label>Server Name</label>","type":"custom-code-block-javascript","depth":0,"inlineStyleRanges":[],"entityRanges":[],"data":{}},{"key":"9esje","text":"    //<input type=\"text\" class=\"form-control\" [(ngModel)]=\"newServerName\">","type":"custom-code-block-javascript","depth":0,"inlineStyleRanges":[],"entityRanges":[],"data":{}},{"key":"3faeh","text":"    <input type=\"text\" class=\"form-control\" #serverNameInput> // #serverNameInput - our reference","type":"custom-code-block-javascript","depth":0,"inlineStyleRanges":[{"offset":44,"length":16,"style":"BOLD"},{"offset":44,"length":16,"style":"ITALIC"}],"entityRanges":[],"data":{}},{"key":"9urc1","text":"    // {{ serverNameInput.value }} - here is an example of rendering input value by reference","type":"custom-code-block-javascript","depth":0,"inlineStyleRanges":[],"entityRanges":[],"data":{}},{"key":"bq6mk","text":"    <label>Server Content</label>","type":"custom-code-block-javascript","depth":0,"inlineStyleRanges":[],"entityRanges":[],"data":{}},{"key":"8i2s9","text":"    <input type=\"text\" class=\"form-control\" [(ngModel)]=\"newServerContent\">","type":"custom-code-block-javascript","depth":0,"inlineStyleRanges":[],"entityRanges":[],"data":{}},{"key":"7iqik","text":"    <br>","type":"custom-code-block-javascript","depth":0,"inlineStyleRanges":[],"entityRanges":[],"data":{}},{"key":"auuia","text":"    <button ","type":"custom-code-block-javascript","depth":0,"inlineStyleRanges":[],"entityRanges":[],"data":{}},{"key":"7icpi","text":"        class=\"btn btn-primary\" ","type":"custom-code-block-javascript","depth":0,"inlineStyleRanges":[],"entityRanges":[],"data":{}},{"key":"at0ck","text":"        (click)=\"onAddServer(serverNameInput)\"> //here we can pass the HTMLInputElement object to         our Type Script code and there use it","type":"custom-code-block-javascript","depth":0,"inlineStyleRanges":[{"offset":8,"length":38,"style":"BOLD"},{"offset":8,"length":38,"style":"ITALIC"}],"entityRanges":[],"data":{}},{"key":"65c6o","text":"        Add Server","type":"custom-code-block-javascript","depth":0,"inlineStyleRanges":[],"entityRanges":[],"data":{}},{"key":"6p2p8","text":"    </button>","type":"custom-code-block-javascript","depth":0,"inlineStyleRanges":[],"entityRanges":[],"data":{}},{"key":"32k7v","text":"    <button ","type":"custom-code-block-javascript","depth":0,"inlineStyleRanges":[],"entityRanges":[],"data":{}},{"key":"aivj4","text":"        class=\"btn btn-primary\" ","type":"custom-code-block-javascript","depth":0,"inlineStyleRanges":[],"entityRanges":[],"data":{}},{"key":"39blv","text":"        (click)=\"onAddBlueprint(serverNameInput)\">","type":"custom-code-block-javascript","depth":0,"inlineStyleRanges":[],"entityRanges":[],"data":{}},{"key":"dk6ul","text":"        Add Server Blueprint","type":"custom-code-block-javascript","depth":0,"inlineStyleRanges":[],"entityRanges":[],"data":{}},{"key":"42apu","text":"    </button>","type":"custom-code-block-javascript","depth":0,"inlineStyleRanges":[],"entityRanges":[],"data":{}},{"key":"sfid","text":"  </div>","type":"custom-code-block-javascript","depth":0,"inlineStyleRanges":[],"entityRanges":[],"data":{}},{"key":"6qp0j","text":"</div>","type":"custom-code-block-javascript","depth":0,"inlineStyleRanges":[],"entityRanges":[],"data":{}},{"key":"17rtv","text":"","type":"unstyled","depth":0,"inlineStyleRanges":[],"entityRanges":[],"data":{}},{"key":"2cjpn","text":"- in TypeScript:","type":"unstyled","depth":0,"inlineStyleRanges":[],"entityRanges":[],"data":{}},{"key":"fiulj","text":"  onAddServer(serverNameInputTs: HTMLInputElement) { //passing our object here","type":"custom-code-block-javascript","depth":0,"inlineStyleRanges":[],"entityRanges":[],"data":{}},{"key":"a919q","text":"    this.serverCreated.emit({","type":"custom-code-block-javascript","depth":0,"inlineStyleRanges":[],"entityRanges":[],"data":{}},{"key":"3rudo","text":"      serverName: serverNameInputTs.value, //using our object here","type":"custom-code-block-javascript","depth":0,"inlineStyleRanges":[],"entityRanges":[],"data":{}},{"key":"3ib85","text":"      serverContent: this.newServerContent","type":"custom-code-block-javascript","depth":0,"inlineStyleRanges":[],"entityRanges":[],"data":{}},{"key":"ccmiv","text":"    });","type":"custom-code-block-javascript","depth":0,"inlineStyleRanges":[],"entityRanges":[],"data":{}},{"key":"847i6","text":"  }","type":"custom-code-block-javascript","depth":0,"inlineStyleRanges":[],"entityRanges":[],"data":{}},{"key":"d9mse","text":"","type":"unstyled","depth":0,"inlineStyleRanges":[],"entityRanges":[],"data":{}},{"key":"4maap","text":"2. You can also have access to this reference not only when you pass it through method parameter. You can get access to the Template and DOM using @ViewChild decorator:","type":"unstyled","depth":0,"inlineStyleRanges":[],"entityRanges":[],"data":{}},{"key":"9rarb","text":"import { Component, OnInit, EventEmitter, Output, /* import */ ViewChild, ElementRef } from '@angular/core';","type":"custom-code-block-javascript","depth":0,"inlineStyleRanges":[],"entityRanges":[],"data":{}},{"key":"d37ob","text":"","type":"custom-code-block-javascript","depth":0,"inlineStyleRanges":[],"entityRanges":[],"data":{}},{"key":"3j8ub","text":"@Component({","type":"custom-code-block-javascript","depth":0,"inlineStyleRanges":[],"entityRanges":[],"data":{}},{"key":"2g2ah","text":"  selector: 'app-cockpit',","type":"custom-code-block-javascript","depth":0,"inlineStyleRanges":[],"entityRanges":[],"data":{}},{"key":"b3t23","text":"  templateUrl: './cockpit.component.html',","type":"custom-code-block-javascript","depth":0,"inlineStyleRanges":[],"entityRanges":[],"data":{}},{"key":"etqui","text":"  styleUrls: ['./cockpit.component.css']","type":"custom-code-block-javascript","depth":0,"inlineStyleRanges":[],"entityRanges":[],"data":{}},{"key":"2bpm1","text":"})","type":"custom-code-block-javascript","depth":0,"inlineStyleRanges":[],"entityRanges":[],"data":{}},{"key":"dfb27","text":"export class CockpitComponent implements OnInit {","type":"custom-code-block-javascript","depth":0,"inlineStyleRanges":[],"entityRanges":[],"data":{}},{"key":"695hc","text":"  @Output('srCreated') serverCreated = new EventEmitter<{serverName: string, serverContent: string}>();","type":"custom-code-block-javascript","depth":0,"inlineStyleRanges":[],"entityRanges":[],"data":{}},{"key":"6nua1","text":"  @Output('bpCreated') blueprintCreated = new EventEmitter<{serverName: string, serverContent: string}>();","type":"custom-code-block-javascript","depth":0,"inlineStyleRanges":[],"entityRanges":[],"data":{}},{"key":"7fei6","text":"  ","type":"custom-code-block-javascript","depth":0,"inlineStyleRanges":[],"entityRanges":[],"data":{}},{"key":"fi3js","text":"  @ViewChild('serverContentInput') serverContentInput: ElementRef; //type ElementRef - Angular type","type":"custom-code-block-javascript","depth":0,"inlineStyleRanges":[],"entityRanges":[],"data":{}},{"key":"19aio","text":"    // serverContentInput -> our reference to html element (the selector)","type":"custom-code-block-javascript","depth":0,"inlineStyleRanges":[],"entityRanges":[],"data":{}},{"key":"1tnoa","text":"    // this.serverContentInput.nativeElement - access to the native element html object","type":"custom-code-block-javascript","depth":0,"inlineStyleRanges":[],"entityRanges":[],"data":{}},{"key":"1ho29","text":"    ","type":"custom-code-block-javascript","depth":0,"inlineStyleRanges":[],"entityRanges":[],"data":{}},{"key":"9g1jt","text":"  constructor() { }","type":"custom-code-block-javascript","depth":0,"inlineStyleRanges":[],"entityRanges":[],"data":{}},{"key":"4odm3","text":"  ngOnInit() {","type":"custom-code-block-javascript","depth":0,"inlineStyleRanges":[],"entityRanges":[],"data":{}},{"key":"aci48","text":"  }","type":"custom-code-block-javascript","depth":0,"inlineStyleRanges":[],"entityRanges":[],"data":{}},{"key":"6q06n","text":"  onAddServer(serverNameInput: HTMLInputElement) {","type":"custom-code-block-javascript","depth":0,"inlineStyleRanges":[],"entityRanges":[],"data":{}},{"key":"fk3dv","text":"    this.serverCreated.emit({","type":"custom-code-block-javascript","depth":0,"inlineStyleRanges":[],"entityRanges":[],"data":{}},{"key":"8119k","text":"      serverName: serverNameInput.value,","type":"custom-code-block-javascript","depth":0,"inlineStyleRanges":[],"entityRanges":[],"data":{}},{"key":"4smbi","text":"      serverContent: this.serverContentInput.nativeElement.value //using our new property","type":"custom-code-block-javascript","depth":0,"inlineStyleRanges":[],"entityRanges":[],"data":{}},{"key":"6ik51","text":"    });","type":"custom-code-block-javascript","depth":0,"inlineStyleRanges":[],"entityRanges":[],"data":{}},{"key":"vlo4","text":"  }","type":"custom-code-block-javascript","depth":0,"inlineStyleRanges":[],"entityRanges":[],"data":{}},{"key":"aa3o1","text":"  onAddBlueprint(serverNameInput: HTMLInputElement) {","type":"custom-code-block-javascript","depth":0,"inlineStyleRanges":[],"entityRanges":[],"data":{}},{"key":"5pd72","text":"    this.blueprintCreated.emit({","type":"custom-code-block-javascript","depth":0,"inlineStyleRanges":[],"entityRanges":[],"data":{}},{"key":"a108b","text":"      serverName: serverNameInput.value,","type":"custom-code-block-javascript","depth":0,"inlineStyleRanges":[],"entityRanges":[],"data":{}},{"key":"e9b9b","text":"      serverContent: this.serverContentInput.nativeElement.value","type":"custom-code-block-javascript","depth":0,"inlineStyleRanges":[],"entityRanges":[],"data":{}},{"key":"7d1cl","text":"    });","type":"custom-code-block-javascript","depth":0,"inlineStyleRanges":[],"entityRanges":[],"data":{}},{"key":"2u78a","text":"  }","type":"custom-code-block-javascript","depth":0,"inlineStyleRanges":[],"entityRanges":[],"data":{}},{"key":"22ilg","text":"}","type":"custom-code-block-javascript","depth":0,"inlineStyleRanges":[],"entityRanges":[],"data":{}},{"key":"dqnmr","text":"","type":"unstyled","depth":0,"inlineStyleRanges":[],"entityRanges":[],"data":{}},{"key":"1665e","text":"","type":"unstyled","depth":0,"inlineStyleRanges":[],"entityRanges":[],"data":{}},{"key":"400am","text":"3. When you use ng-content in your component the @ViewChild decorator won't work to access this reference in your inner TypeScript component ( where you use ng-content ), then you have to use @ContentChild :","type":"unstyled","depth":0,"inlineStyleRanges":[],"entityRanges":[],"data":{}},{"key":"csslg","text":"import { ContentChild } from '@angular/core';","type":"custom-code-block-javascript","depth":0,"inlineStyleRanges":[],"entityRanges":[],"data":{}},{"key":"3gh2q","text":" ","type":"custom-code-block-javascript","depth":0,"inlineStyleRanges":[],"entityRanges":[],"data":{}},{"key":"6sg7e","text":"@ContentChild('paragraph') paragraph: ElementRef;","type":"custom-code-block-javascript","depth":0,"inlineStyleRanges":[],"entityRanges":[],"data":{}},{"key":"98u7v","text":"","type":"custom-code-block-javascript","depth":0,"inlineStyleRanges":[],"entityRanges":[],"data":{}},{"key":"69sph","text":"//in your html file just make a reference #paragraph","type":"custom-code-block-javascript","depth":0,"inlineStyleRanges":[],"entityRanges":[],"data":{}},{"key":"5kr3i","text":"","type":"unstyled","depth":0,"inlineStyleRanges":[],"entityRanges":[],"data":{}},{"key":"9idt3","text":"","type":"unstyled","depth":0,"inlineStyleRanges":[],"entityRanges":[],"data":{}},{"key":"1rs1i","text":"","type":"unstyled","depth":0,"inlineStyleRanges":[],"entityRanges":[],"data":{}}],"entityMap":{}},"tags":[]}