{"_id":"H13Dr6jHG","title":"Services & Dependency Injection","dateCreated":"2018-01-28T21:49:24.018Z","lastAccessed":"2018-03-12T22:18:29.760Z","lastUpdated":"2018-01-29T18:59:47.918Z","notebookId":"rySu93hVz","body":{"blocks":[{"key":"ag6qs","text":"Services & Dependency Injection","type":"header-one","depth":0,"inlineStyleRanges":[],"entityRanges":[],"data":{}},{"key":"59kd9","text":"-> We use services simply to not repeat our code.","type":"unstyled","depth":0,"inlineStyleRanges":[{"offset":0,"length":49,"style":"BOLD"}],"entityRanges":[],"data":{}},{"key":"6thqf","text":"-> We use them also to store our app data","type":"unstyled","depth":0,"inlineStyleRanges":[{"offset":0,"length":41,"style":"BOLD"}],"entityRanges":[],"data":{}},{"key":"fqo60","text":"-> The HIERARCHICAL INJECTOR: -> when we want to use our service we have to rememebr that it'll be only avaliable below our component in the tree. So when we add it to providers array in parent component we can't add it ( to providers array ) in a child component ( if we add it there it will create another instance of our service and override our service instance from parent component ). SO WHEN YOU WANT THE SAME INSTANCE OF SERVICE IN THE PARENT AND CHILD COMPONENT ADD IT TO THE PROVIDERS ARRAY ONLY IN PARENT COMPONENT!","type":"unstyled","depth":0,"inlineStyleRanges":[{"offset":0,"length":526,"style":"BOLD"}],"entityRanges":[],"data":{}},{"key":"erij4","text":"-> The highest possible hierarchy is app.module.ts","type":"unstyled","depth":0,"inlineStyleRanges":[{"offset":0,"length":50,"style":"BOLD"}],"entityRanges":[],"data":{}},{"key":"dm825","text":"","type":"unstyled","depth":0,"inlineStyleRanges":[],"entityRanges":[],"data":{}},{"key":"6r95j","text":"1. Add a new file for e.g. logging.service.ts ","type":"unstyled","depth":0,"inlineStyleRanges":[],"entityRanges":[],"data":{}},{"key":"rimo","text":"-> a service is simply a TypeScript class:","type":"unstyled","depth":0,"inlineStyleRanges":[],"entityRanges":[],"data":{}},{"key":"coe5g","text":"export class LoggingService {","type":"custom-code-block-javascript","depth":0,"inlineStyleRanges":[],"entityRanges":[],"data":{}},{"key":"d9rqa","text":"  logStatusChange(status: string) {","type":"custom-code-block-javascript","depth":0,"inlineStyleRanges":[],"entityRanges":[],"data":{}},{"key":"9fr0t","text":"    console.log(\"A server status changed, new status: \" + status);","type":"custom-code-block-javascript","depth":0,"inlineStyleRanges":[],"entityRanges":[],"data":{}},{"key":"dg76c","text":"  }","type":"custom-code-block-javascript","depth":0,"inlineStyleRanges":[],"entityRanges":[],"data":{}},{"key":"1inan","text":"}","type":"custom-code-block-javascript","depth":0,"inlineStyleRanges":[],"entityRanges":[],"data":{}},{"key":"9s9il","text":"","type":"unstyled","depth":0,"inlineStyleRanges":[],"entityRanges":[],"data":{}},{"key":"bubcq","text":"2. Than we can use our service in the component:","type":"unstyled","depth":0,"inlineStyleRanges":[],"entityRanges":[],"data":{}},{"key":"1cha8","text":"----it's better that angular builds our service just to stay on angular echo system--- (because you can also just add property and sign to it the new LoggingService, but this is not the best way).","type":"unstyled","depth":0,"inlineStyleRanges":[],"entityRanges":[],"data":{}},{"key":"5992f","text":"import { Component, EventEmitter, Input, Output } from '@angular/core';","type":"custom-code-block-javascript","depth":0,"inlineStyleRanges":[],"entityRanges":[],"data":{}},{"key":"eslt4","text":"import { LoggingService } from '../logging.service'; //firstly we must import our service","type":"custom-code-block-javascript","depth":0,"inlineStyleRanges":[{"offset":0,"length":89,"style":"BOLD"},{"offset":0,"length":89,"style":"ITALIC"}],"entityRanges":[],"data":{}},{"key":"5gmtq","text":"","type":"custom-code-block-javascript","depth":0,"inlineStyleRanges":[],"entityRanges":[],"data":{}},{"key":"5uhv4","text":"@Component({","type":"custom-code-block-javascript","depth":0,"inlineStyleRanges":[],"entityRanges":[],"data":{}},{"key":"40v3k","text":"  selector: 'app-account',","type":"custom-code-block-javascript","depth":0,"inlineStyleRanges":[],"entityRanges":[],"data":{}},{"key":"7n03u","text":"  templateUrl: './account.component.html',","type":"custom-code-block-javascript","depth":0,"inlineStyleRanges":[],"entityRanges":[],"data":{}},{"key":"9pr4d","text":"  styleUrls: ['./account.component.css'],","type":"custom-code-block-javascript","depth":0,"inlineStyleRanges":[],"entityRanges":[],"data":{}},{"key":"aqocg","text":"  providers: [LoggingService] //here we provide the service - simply tell angular how to create it","type":"custom-code-block-javascript","depth":0,"inlineStyleRanges":[{"offset":1,"length":97,"style":"BOLD"},{"offset":1,"length":97,"style":"ITALIC"}],"entityRanges":[],"data":{}},{"key":"4kodt","text":"})","type":"custom-code-block-javascript","depth":0,"inlineStyleRanges":[],"entityRanges":[],"data":{}},{"key":"7onj1","text":"export class AccountComponent {","type":"custom-code-block-javascript","depth":0,"inlineStyleRanges":[],"entityRanges":[],"data":{}},{"key":"oqgk","text":"  @Input() account: {name: string, status: string};","type":"custom-code-block-javascript","depth":0,"inlineStyleRanges":[],"entityRanges":[],"data":{}},{"key":"cvnu9","text":"  @Input() id: number;","type":"custom-code-block-javascript","depth":0,"inlineStyleRanges":[],"entityRanges":[],"data":{}},{"key":"9nvnr","text":"  @Output() statusChanged = new EventEmitter<{id: number, newStatus: string}>();","type":"custom-code-block-javascript","depth":0,"inlineStyleRanges":[],"entityRanges":[],"data":{}},{"key":"1d855","text":"","type":"custom-code-block-javascript","depth":0,"inlineStyleRanges":[],"entityRanges":[],"data":{}},{"key":"7j155","text":"  constructor(private LoggingService: LoggingService) {} //here we inform angular that we'll need an instance of this loggingService","type":"custom-code-block-javascript","depth":0,"inlineStyleRanges":[{"offset":0,"length":132,"style":"BOLD"},{"offset":0,"length":132,"style":"ITALIC"}],"entityRanges":[],"data":{}},{"key":"ehgut","text":"","type":"custom-code-block-javascript","depth":0,"inlineStyleRanges":[],"entityRanges":[],"data":{}},{"key":"3f3kk","text":"  onSetTo(status: string) {","type":"custom-code-block-javascript","depth":0,"inlineStyleRanges":[],"entityRanges":[],"data":{}},{"key":"k4i3","text":"    this.statusChanged.emit({id: this.id, newStatus: status});","type":"custom-code-block-javascript","depth":0,"inlineStyleRanges":[],"entityRanges":[],"data":{}},{"key":"ajh3","text":"    this.LoggingService.logStatusChange(status); //here we can access our LoggingService method","type":"custom-code-block-javascript","depth":0,"inlineStyleRanges":[{"offset":4,"length":91,"style":"BOLD"},{"offset":4,"length":91,"style":"ITALIC"}],"entityRanges":[],"data":{}},{"key":"3qon5","text":"  }","type":"custom-code-block-javascript","depth":0,"inlineStyleRanges":[],"entityRanges":[],"data":{}},{"key":"3sbfd","text":"}","type":"custom-code-block-javascript","depth":0,"inlineStyleRanges":[],"entityRanges":[],"data":{}},{"key":"269gt","text":"","type":"unstyled","depth":0,"inlineStyleRanges":[],"entityRanges":[],"data":{}},{"key":"93rbu","text":"----------------------------------------------------------------------------------------------------","type":"unstyled","depth":0,"inlineStyleRanges":[],"entityRanges":[],"data":{}},{"key":"87n2q","text":"","type":"unstyled","depth":0,"inlineStyleRanges":[],"entityRanges":[],"data":{}},{"key":"62a3c","text":"3. Injecting services into services:","type":"unstyled","depth":0,"inlineStyleRanges":[{"offset":0,"length":36,"style":"BOLD"}],"entityRanges":[],"data":{}},{"key":"1a7tm","text":"-> firsty we have to add our services to app.module.ts ( only there it'll be possible ) providers array ( then they'll be avaliable in whole app ):","type":"unstyled","depth":0,"inlineStyleRanges":[{"offset":41,"length":46,"style":"BOLD"}],"entityRanges":[],"data":{}},{"key":"78ute","text":"","type":"unstyled","depth":0,"inlineStyleRanges":[],"entityRanges":[],"data":{}},{"key":"2hnsk","text":"import { BrowserModule } from '@angular/platform-browser';","type":"custom-code-block-javascript","depth":0,"inlineStyleRanges":[],"entityRanges":[],"data":{}},{"key":"1rkqn","text":"import { NgModule } from '@angular/core';","type":"custom-code-block-javascript","depth":0,"inlineStyleRanges":[],"entityRanges":[],"data":{}},{"key":"f0aoa","text":"import { FormsModule } from '@angular/forms';","type":"custom-code-block-javascript","depth":0,"inlineStyleRanges":[],"entityRanges":[],"data":{}},{"key":"bhq9l","text":"import { HttpModule } from '@angular/http';","type":"custom-code-block-javascript","depth":0,"inlineStyleRanges":[],"entityRanges":[],"data":{}},{"key":"e3o15","text":"","type":"custom-code-block-javascript","depth":0,"inlineStyleRanges":[],"entityRanges":[],"data":{}},{"key":"773uu","text":"import { AppComponent } from './app.component';","type":"custom-code-block-javascript","depth":0,"inlineStyleRanges":[],"entityRanges":[],"data":{}},{"key":"152qe","text":"import { AccountComponent } from './account/account.component';","type":"custom-code-block-javascript","depth":0,"inlineStyleRanges":[],"entityRanges":[],"data":{}},{"key":"fcu9m","text":"import { NewAccountComponent } from './new-account/new-account.component';","type":"custom-code-block-javascript","depth":0,"inlineStyleRanges":[],"entityRanges":[],"data":{}},{"key":"13cj3","text":"import { AccountsService } from \"./accounts.service\";","type":"custom-code-block-javascript","depth":0,"inlineStyleRanges":[{"offset":0,"length":53,"style":"BOLD"},{"offset":0,"length":53,"style":"ITALIC"}],"entityRanges":[],"data":{}},{"key":"9mv88","text":"import { LoggingService } from './logging.service';","type":"custom-code-block-javascript","depth":0,"inlineStyleRanges":[{"offset":0,"length":51,"style":"BOLD"},{"offset":0,"length":51,"style":"ITALIC"}],"entityRanges":[],"data":{}},{"key":"bkheb","text":"","type":"custom-code-block-javascript","depth":0,"inlineStyleRanges":[],"entityRanges":[],"data":{}},{"key":"ekilb","text":"@NgModule({","type":"custom-code-block-javascript","depth":0,"inlineStyleRanges":[],"entityRanges":[],"data":{}},{"key":"88v09","text":"  declarations: [","type":"custom-code-block-javascript","depth":0,"inlineStyleRanges":[],"entityRanges":[],"data":{}},{"key":"aiiar","text":"    AppComponent,","type":"custom-code-block-javascript","depth":0,"inlineStyleRanges":[],"entityRanges":[],"data":{}},{"key":"3dkj1","text":"    AccountComponent,","type":"custom-code-block-javascript","depth":0,"inlineStyleRanges":[],"entityRanges":[],"data":{}},{"key":"fq2t4","text":"    NewAccountComponent","type":"custom-code-block-javascript","depth":0,"inlineStyleRanges":[],"entityRanges":[],"data":{}},{"key":"5lo6m","text":"  ],","type":"custom-code-block-javascript","depth":0,"inlineStyleRanges":[],"entityRanges":[],"data":{}},{"key":"b6g25","text":"  imports: [","type":"custom-code-block-javascript","depth":0,"inlineStyleRanges":[],"entityRanges":[],"data":{}},{"key":"fslth","text":"    BrowserModule,","type":"custom-code-block-javascript","depth":0,"inlineStyleRanges":[],"entityRanges":[],"data":{}},{"key":"6784t","text":"    FormsModule,","type":"custom-code-block-javascript","depth":0,"inlineStyleRanges":[],"entityRanges":[],"data":{}},{"key":"fblkt","text":"    HttpModule","type":"custom-code-block-javascript","depth":0,"inlineStyleRanges":[],"entityRanges":[],"data":{}},{"key":"7dhro","text":"  ],","type":"custom-code-block-javascript","depth":0,"inlineStyleRanges":[],"entityRanges":[],"data":{}},{"key":"b20gf","text":"  providers: [AccountsService, LoggingService],","type":"custom-code-block-javascript","depth":0,"inlineStyleRanges":[{"offset":2,"length":45,"style":"ITALIC"},{"offset":2,"length":45,"style":"BOLD"}],"entityRanges":[],"data":{}},{"key":"2dt0r","text":"  bootstrap: [AppComponent]","type":"custom-code-block-javascript","depth":0,"inlineStyleRanges":[],"entityRanges":[],"data":{}},{"key":"87tbs","text":"})","type":"custom-code-block-javascript","depth":0,"inlineStyleRanges":[],"entityRanges":[],"data":{}},{"key":"4c6c5","text":"export class AppModule { }","type":"custom-code-block-javascript","depth":0,"inlineStyleRanges":[],"entityRanges":[],"data":{}},{"key":"3ug0l","text":"","type":"unstyled","depth":0,"inlineStyleRanges":[],"entityRanges":[],"data":{}},{"key":"ao63v","text":"-> secondly in your service file:","type":"unstyled","depth":0,"inlineStyleRanges":[],"entityRanges":[],"data":{}},{"key":"buel1","text":"import { Injectable } from '@angular/core';","type":"custom-code-block-javascript","depth":0,"inlineStyleRanges":[{"offset":0,"length":43,"style":"BOLD"},{"offset":0,"length":43,"style":"ITALIC"}],"entityRanges":[],"data":{}},{"key":"860bg","text":"import { LoggingService } from './logging.service';","type":"custom-code-block-javascript","depth":0,"inlineStyleRanges":[{"offset":0,"length":51,"style":"BOLD"},{"offset":0,"length":51,"style":"ITALIC"}],"entityRanges":[],"data":{}},{"key":"54qca","text":"","type":"custom-code-block-javascript","depth":0,"inlineStyleRanges":[],"entityRanges":[],"data":{}},{"key":"bl9oj","text":"@Injectable()","type":"custom-code-block-javascript","depth":0,"inlineStyleRanges":[{"offset":0,"length":13,"style":"ITALIC"},{"offset":0,"length":13,"style":"BOLD"}],"entityRanges":[],"data":{}},{"key":"8t21i","text":"// @Injectable() -> a special angular metadata informs angular that there will be injected another service. (Don't use it in the service that you are injecting here!)","type":"custom-code-block-javascript","depth":0,"inlineStyleRanges":[{"offset":0,"length":166,"style":"ITALIC"},{"offset":0,"length":166,"style":"BOLD"}],"entityRanges":[],"data":{}},{"key":"9ivc3","text":"","type":"custom-code-block-javascript","depth":0,"inlineStyleRanges":[],"entityRanges":[],"data":{}},{"key":"dlvs3","text":"export class AccountsService {","type":"custom-code-block-javascript","depth":0,"inlineStyleRanges":[],"entityRanges":[],"data":{}},{"key":"eelnt","text":"  accounts = [","type":"custom-code-block-javascript","depth":0,"inlineStyleRanges":[],"entityRanges":[],"data":{}},{"key":"68au9","text":"    {","type":"custom-code-block-javascript","depth":0,"inlineStyleRanges":[],"entityRanges":[],"data":{}},{"key":"7mner","text":"      name: 'Master Account',","type":"custom-code-block-javascript","depth":0,"inlineStyleRanges":[],"entityRanges":[],"data":{}},{"key":"354kh","text":"      status: 'active'","type":"custom-code-block-javascript","depth":0,"inlineStyleRanges":[],"entityRanges":[],"data":{}},{"key":"dr5vs","text":"    },","type":"custom-code-block-javascript","depth":0,"inlineStyleRanges":[],"entityRanges":[],"data":{}},{"key":"6d6m2","text":"    {","type":"custom-code-block-javascript","depth":0,"inlineStyleRanges":[],"entityRanges":[],"data":{}},{"key":"95pbo","text":"      name: 'Testaccount',","type":"custom-code-block-javascript","depth":0,"inlineStyleRanges":[],"entityRanges":[],"data":{}},{"key":"e4oj0","text":"      status: 'inactive'","type":"custom-code-block-javascript","depth":0,"inlineStyleRanges":[],"entityRanges":[],"data":{}},{"key":"fj3ur","text":"    },","type":"custom-code-block-javascript","depth":0,"inlineStyleRanges":[],"entityRanges":[],"data":{}},{"key":"9994t","text":"    {","type":"custom-code-block-javascript","depth":0,"inlineStyleRanges":[],"entityRanges":[],"data":{}},{"key":"a74o4","text":"      name: 'Hidden Account',","type":"custom-code-block-javascript","depth":0,"inlineStyleRanges":[],"entityRanges":[],"data":{}},{"key":"cauqf","text":"      status: 'unknown'","type":"custom-code-block-javascript","depth":0,"inlineStyleRanges":[],"entityRanges":[],"data":{}},{"key":"6pglo","text":"    }","type":"custom-code-block-javascript","depth":0,"inlineStyleRanges":[],"entityRanges":[],"data":{}},{"key":"eic9n","text":"  ];","type":"custom-code-block-javascript","depth":0,"inlineStyleRanges":[],"entityRanges":[],"data":{}},{"key":"96ke3","text":"","type":"custom-code-block-javascript","depth":0,"inlineStyleRanges":[],"entityRanges":[],"data":{}},{"key":"estpj","text":"  constructor(private loggingService: LoggingService) {} //injecting our service there as always","type":"custom-code-block-javascript","depth":0,"inlineStyleRanges":[{"offset":0,"length":96,"style":"ITALIC"},{"offset":0,"length":96,"style":"BOLD"}],"entityRanges":[],"data":{}},{"key":"f5n95","text":"","type":"custom-code-block-javascript","depth":0,"inlineStyleRanges":[],"entityRanges":[],"data":{}},{"key":"8k4rt","text":"  addAccount(name: string, status: string) {","type":"custom-code-block-javascript","depth":0,"inlineStyleRanges":[],"entityRanges":[],"data":{}},{"key":"5vnmo","text":"    this.accounts.push({name: name, status: status});","type":"custom-code-block-javascript","depth":0,"inlineStyleRanges":[],"entityRanges":[],"data":{}},{"key":"alv2g","text":"    this.loggingService.logStatusChange(status);","type":"custom-code-block-javascript","depth":0,"inlineStyleRanges":[],"entityRanges":[],"data":{}},{"key":"7399e","text":"  }","type":"custom-code-block-javascript","depth":0,"inlineStyleRanges":[],"entityRanges":[],"data":{}},{"key":"bp2od","text":"","type":"custom-code-block-javascript","depth":0,"inlineStyleRanges":[],"entityRanges":[],"data":{}},{"key":"8cd44","text":"  updateStatus(id: number, status: string) {","type":"custom-code-block-javascript","depth":0,"inlineStyleRanges":[],"entityRanges":[],"data":{}},{"key":"elsuh","text":"    this.accounts[id].status = status;","type":"custom-code-block-javascript","depth":0,"inlineStyleRanges":[],"entityRanges":[],"data":{}},{"key":"6oovo","text":"    this.loggingService.logStatusChange(status);","type":"custom-code-block-javascript","depth":0,"inlineStyleRanges":[],"entityRanges":[],"data":{}},{"key":"4np1i","text":"  }","type":"custom-code-block-javascript","depth":0,"inlineStyleRanges":[],"entityRanges":[],"data":{}},{"key":"27dug","text":"}","type":"custom-code-block-javascript","depth":0,"inlineStyleRanges":[],"entityRanges":[],"data":{}},{"key":"d6hpb","text":"","type":"unstyled","depth":0,"inlineStyleRanges":[],"entityRanges":[],"data":{}},{"key":"e57t6","text":"--------------------------------------------------------------------------------------------------","type":"unstyled","depth":0,"inlineStyleRanges":[],"entityRanges":[],"data":{}},{"key":"68dh3","text":"","type":"unstyled","depth":0,"inlineStyleRanges":[],"entityRanges":[],"data":{}},{"key":"71udg","text":"4. Using Services for Cross-Component Communication:","type":"unstyled","depth":0,"inlineStyleRanges":[{"offset":0,"length":52,"style":"BOLD"}],"entityRanges":[],"data":{}},{"key":"b4r5t","text":"-> using services you don't have to create output/input chain to share information between components. ","type":"unstyled","depth":0,"inlineStyleRanges":[{"offset":0,"length":103,"style":"BOLD"}],"entityRanges":[],"data":{}},{"key":"3fsbe","text":"To emit information from one component to another:","type":"unstyled","depth":0,"inlineStyleRanges":[{"offset":0,"length":50,"style":"BOLD"}],"entityRanges":[],"data":{}},{"key":"9sjpu","text":"","type":"unstyled","depth":0,"inlineStyleRanges":[],"entityRanges":[],"data":{}},{"key":"d8k9g","text":"1. Add a property to your service of class EventEmitter:","type":"unstyled","depth":0,"inlineStyleRanges":[],"entityRanges":[],"data":{}},{"key":"aggq","text":"import { Injectable, EventEmitter } from '@angular/core';","type":"custom-code-block-javascript","depth":0,"inlineStyleRanges":[],"entityRanges":[],"data":{}},{"key":"d0h4e","text":"import { LoggingService } from './logging.service';","type":"custom-code-block-javascript","depth":0,"inlineStyleRanges":[],"entityRanges":[],"data":{}},{"key":"357ab","text":"","type":"custom-code-block-javascript","depth":0,"inlineStyleRanges":[],"entityRanges":[],"data":{}},{"key":"cb8ko","text":"@Injectable()","type":"custom-code-block-javascript","depth":0,"inlineStyleRanges":[],"entityRanges":[],"data":{}},{"key":"fg11m","text":"export class AccountsService {","type":"custom-code-block-javascript","depth":0,"inlineStyleRanges":[],"entityRanges":[],"data":{}},{"key":"chf4a","text":"  accounts = [","type":"custom-code-block-javascript","depth":0,"inlineStyleRanges":[],"entityRanges":[],"data":{}},{"key":"88e2c","text":"    {","type":"custom-code-block-javascript","depth":0,"inlineStyleRanges":[],"entityRanges":[],"data":{}},{"key":"aob8d","text":"      name: 'Master Account',","type":"custom-code-block-javascript","depth":0,"inlineStyleRanges":[],"entityRanges":[],"data":{}},{"key":"fn2ve","text":"      status: 'active'","type":"custom-code-block-javascript","depth":0,"inlineStyleRanges":[],"entityRanges":[],"data":{}},{"key":"9j11v","text":"    },","type":"custom-code-block-javascript","depth":0,"inlineStyleRanges":[],"entityRanges":[],"data":{}},{"key":"79fm9","text":"    {","type":"custom-code-block-javascript","depth":0,"inlineStyleRanges":[],"entityRanges":[],"data":{}},{"key":"6m8lt","text":"      name: 'Testaccount',","type":"custom-code-block-javascript","depth":0,"inlineStyleRanges":[],"entityRanges":[],"data":{}},{"key":"4n4hi","text":"      status: 'inactive'","type":"custom-code-block-javascript","depth":0,"inlineStyleRanges":[],"entityRanges":[],"data":{}},{"key":"38egm","text":"    },","type":"custom-code-block-javascript","depth":0,"inlineStyleRanges":[],"entityRanges":[],"data":{}},{"key":"13ntv","text":"    {","type":"custom-code-block-javascript","depth":0,"inlineStyleRanges":[],"entityRanges":[],"data":{}},{"key":"8uniu","text":"      name: 'Hidden Account',","type":"custom-code-block-javascript","depth":0,"inlineStyleRanges":[],"entityRanges":[],"data":{}},{"key":"1dtel","text":"      status: 'unknown'","type":"custom-code-block-javascript","depth":0,"inlineStyleRanges":[],"entityRanges":[],"data":{}},{"key":"9ickk","text":"    }","type":"custom-code-block-javascript","depth":0,"inlineStyleRanges":[],"entityRanges":[],"data":{}},{"key":"bur7j","text":"  ];","type":"custom-code-block-javascript","depth":0,"inlineStyleRanges":[],"entityRanges":[],"data":{}},{"key":"1rnif","text":"","type":"custom-code-block-javascript","depth":0,"inlineStyleRanges":[],"entityRanges":[],"data":{}},{"key":"6av1h","text":"  statusUpdated = new EventEmitter<string>(); // new property to emit status information","type":"custom-code-block-javascript","depth":0,"inlineStyleRanges":[{"offset":2,"length":86,"style":"BOLD"},{"offset":2,"length":86,"style":"ITALIC"}],"entityRanges":[],"data":{}},{"key":"1spg4","text":"","type":"custom-code-block-javascript","depth":0,"inlineStyleRanges":[],"entityRanges":[],"data":{}},{"key":"8l18c","text":"  constructor(private loggingService: LoggingService) {}","type":"custom-code-block-javascript","depth":0,"inlineStyleRanges":[],"entityRanges":[],"data":{}},{"key":"8m1nl","text":"","type":"custom-code-block-javascript","depth":0,"inlineStyleRanges":[],"entityRanges":[],"data":{}},{"key":"6cf0p","text":"  addAccount(name: string, status: string) {","type":"custom-code-block-javascript","depth":0,"inlineStyleRanges":[],"entityRanges":[],"data":{}},{"key":"5jrir","text":"    this.accounts.push({name: name, status: status});","type":"custom-code-block-javascript","depth":0,"inlineStyleRanges":[],"entityRanges":[],"data":{}},{"key":"3ih90","text":"    this.loggingService.logStatusChange(status);","type":"custom-code-block-javascript","depth":0,"inlineStyleRanges":[],"entityRanges":[],"data":{}},{"key":"i0jo","text":"  }","type":"custom-code-block-javascript","depth":0,"inlineStyleRanges":[],"entityRanges":[],"data":{}},{"key":"cekg1","text":"","type":"custom-code-block-javascript","depth":0,"inlineStyleRanges":[],"entityRanges":[],"data":{}},{"key":"52iia","text":"  updateStatus(id: number, status: string) {","type":"custom-code-block-javascript","depth":0,"inlineStyleRanges":[],"entityRanges":[],"data":{}},{"key":"7ufac","text":"    this.accounts[id].status = status;","type":"custom-code-block-javascript","depth":0,"inlineStyleRanges":[],"entityRanges":[],"data":{}},{"key":"fumfk","text":"    this.loggingService.logStatusChange(status);","type":"custom-code-block-javascript","depth":0,"inlineStyleRanges":[],"entityRanges":[],"data":{}},{"key":"ei343","text":"  }","type":"custom-code-block-javascript","depth":0,"inlineStyleRanges":[],"entityRanges":[],"data":{}},{"key":"bmeik","text":"}","type":"custom-code-block-javascript","depth":0,"inlineStyleRanges":[],"entityRanges":[],"data":{}},{"key":"dbqut","text":"","type":"unstyled","depth":0,"inlineStyleRanges":[],"entityRanges":[],"data":{}},{"key":"94i4v","text":"2. Use your service in a component where you can emit event with particular status:","type":"unstyled","depth":0,"inlineStyleRanges":[],"entityRanges":[],"data":{}},{"key":"4osp2","text":"import { Component, Input } from '@angular/core';","type":"custom-code-block-javascript","depth":0,"inlineStyleRanges":[],"entityRanges":[],"data":{}},{"key":"86hr2","text":"import { LoggingService } from '../logging.service';","type":"custom-code-block-javascript","depth":0,"inlineStyleRanges":[],"entityRanges":[],"data":{}},{"key":"eqv3v","text":"import { AccountsService } from \"../accounts.service\";","type":"custom-code-block-javascript","depth":0,"inlineStyleRanges":[],"entityRanges":[],"data":{}},{"key":"3pp0b","text":"","type":"custom-code-block-javascript","depth":0,"inlineStyleRanges":[],"entityRanges":[],"data":{}},{"key":"9b5um","text":"@Component({","type":"custom-code-block-javascript","depth":0,"inlineStyleRanges":[],"entityRanges":[],"data":{}},{"key":"e1ikj","text":"  selector: 'app-account',","type":"custom-code-block-javascript","depth":0,"inlineStyleRanges":[],"entityRanges":[],"data":{}},{"key":"95ud0","text":"  templateUrl: './account.component.html',","type":"custom-code-block-javascript","depth":0,"inlineStyleRanges":[],"entityRanges":[],"data":{}},{"key":"flknk","text":"  styleUrls: ['./account.component.css']","type":"custom-code-block-javascript","depth":0,"inlineStyleRanges":[],"entityRanges":[],"data":{}},{"key":"67tdu","text":"})","type":"custom-code-block-javascript","depth":0,"inlineStyleRanges":[],"entityRanges":[],"data":{}},{"key":"1j17h","text":"export class AccountComponent {","type":"custom-code-block-javascript","depth":0,"inlineStyleRanges":[],"entityRanges":[],"data":{}},{"key":"a35rh","text":"  @Input() account: { name: string, status: string };","type":"custom-code-block-javascript","depth":0,"inlineStyleRanges":[],"entityRanges":[],"data":{}},{"key":"ecg4i","text":"  @Input() id: number;","type":"custom-code-block-javascript","depth":0,"inlineStyleRanges":[],"entityRanges":[],"data":{}},{"key":"fnjfg","text":"","type":"custom-code-block-javascript","depth":0,"inlineStyleRanges":[],"entityRanges":[],"data":{}},{"key":"7out","text":"  constructor(private LoggingService: LoggingService,","type":"custom-code-block-javascript","depth":0,"inlineStyleRanges":[],"entityRanges":[],"data":{}},{"key":"6p3hn","text":"    private accountsService: AccountsService) {}","type":"custom-code-block-javascript","depth":0,"inlineStyleRanges":[],"entityRanges":[],"data":{}},{"key":"flieb","text":"","type":"custom-code-block-javascript","depth":0,"inlineStyleRanges":[],"entityRanges":[],"data":{}},{"key":"v2jb","text":"  onSetTo(status: string) {","type":"custom-code-block-javascript","depth":0,"inlineStyleRanges":[],"entityRanges":[],"data":{}},{"key":"14k2d","text":"    this.accountsService.updateStatus(this.id, status)","type":"custom-code-block-javascript","depth":0,"inlineStyleRanges":[],"entityRanges":[],"data":{}},{"key":"cs328","text":"    this.accountsService.statusUpdated.emit(status); //emit our status","type":"custom-code-block-javascript","depth":0,"inlineStyleRanges":[{"offset":4,"length":66,"style":"BOLD"},{"offset":4,"length":66,"style":"ITALIC"}],"entityRanges":[],"data":{}},{"key":"6m5hd","text":"  }","type":"custom-code-block-javascript","depth":0,"inlineStyleRanges":[],"entityRanges":[],"data":{}},{"key":"1lv7c","text":"}","type":"custom-code-block-javascript","depth":0,"inlineStyleRanges":[],"entityRanges":[],"data":{}},{"key":"ds1ok","text":"","type":"unstyled","depth":0,"inlineStyleRanges":[],"entityRanges":[],"data":{}},{"key":"5668c","text":"3. Catch it in another component: ( here  you have to inject your service also! )","type":"unstyled","depth":0,"inlineStyleRanges":[],"entityRanges":[],"data":{}},{"key":"77mpb","text":"-> subscribe to catch emitted status","type":"unstyled","depth":0,"inlineStyleRanges":[],"entityRanges":[],"data":{}},{"key":"apk05","text":"import { Component } from '@angular/core';","type":"custom-code-block-javascript","depth":0,"inlineStyleRanges":[],"entityRanges":[],"data":{}},{"key":"10mj0","text":"import { LoggingService } from '../logging.service';","type":"custom-code-block-javascript","depth":0,"inlineStyleRanges":[],"entityRanges":[],"data":{}},{"key":"dl093","text":"import { AccountsService } from \"../accounts.service\";","type":"custom-code-block-javascript","depth":0,"inlineStyleRanges":[],"entityRanges":[],"data":{}},{"key":"f7llc","text":"","type":"custom-code-block-javascript","depth":0,"inlineStyleRanges":[],"entityRanges":[],"data":{}},{"key":"co4ak","text":"@Component({","type":"custom-code-block-javascript","depth":0,"inlineStyleRanges":[],"entityRanges":[],"data":{}},{"key":"3tgr9","text":"  selector: 'app-new-account',","type":"custom-code-block-javascript","depth":0,"inlineStyleRanges":[],"entityRanges":[],"data":{}},{"key":"e3qnl","text":"  templateUrl: './new-account.component.html',","type":"custom-code-block-javascript","depth":0,"inlineStyleRanges":[],"entityRanges":[],"data":{}},{"key":"983p4","text":"  styleUrls: ['./new-account.component.css']","type":"custom-code-block-javascript","depth":0,"inlineStyleRanges":[],"entityRanges":[],"data":{}},{"key":"fjvkp","text":"})","type":"custom-code-block-javascript","depth":0,"inlineStyleRanges":[],"entityRanges":[],"data":{}},{"key":"3b5t5","text":"export class NewAccountComponent {","type":"custom-code-block-javascript","depth":0,"inlineStyleRanges":[],"entityRanges":[],"data":{}},{"key":"ltbr","text":"  constructor(private LoggingService: LoggingService,","type":"custom-code-block-javascript","depth":0,"inlineStyleRanges":[],"entityRanges":[],"data":{}},{"key":"8ac59","text":"    private accountsService: AccountsService) {","type":"custom-code-block-javascript","depth":0,"inlineStyleRanges":[],"entityRanges":[],"data":{}},{"key":"1q024","text":"      this.accountsService.statusUpdated.subscribe(","type":"custom-code-block-javascript","depth":0,"inlineStyleRanges":[{"offset":0,"length":51,"style":"BOLD"},{"offset":0,"length":51,"style":"ITALIC"}],"entityRanges":[],"data":{}},{"key":"c6bva","text":"        (status: string) => alert(\"The status www: \" + status)","type":"custom-code-block-javascript","depth":0,"inlineStyleRanges":[{"offset":0,"length":62,"style":"BOLD"},{"offset":0,"length":62,"style":"ITALIC"}],"entityRanges":[],"data":{}},{"key":"63gov","text":"      );","type":"custom-code-block-javascript","depth":0,"inlineStyleRanges":[{"offset":0,"length":8,"style":"BOLD"},{"offset":0,"length":8,"style":"ITALIC"}],"entityRanges":[],"data":{}},{"key":"2vutu","text":"  }","type":"custom-code-block-javascript","depth":0,"inlineStyleRanges":[],"entityRanges":[],"data":{}},{"key":"74fv9","text":"","type":"custom-code-block-javascript","depth":0,"inlineStyleRanges":[],"entityRanges":[],"data":{}},{"key":"2mlgv","text":"  onCreateAccount(accountName: string, accountStatus: string) {","type":"custom-code-block-javascript","depth":0,"inlineStyleRanges":[],"entityRanges":[],"data":{}},{"key":"fblqh","text":"    this.accountsService.addAccount(accountName, accountStatus);","type":"custom-code-block-javascript","depth":0,"inlineStyleRanges":[],"entityRanges":[],"data":{}},{"key":"1bmga","text":"  }","type":"custom-code-block-javascript","depth":0,"inlineStyleRanges":[],"entityRanges":[],"data":{}},{"key":"47hk0","text":"}","type":"custom-code-block-javascript","depth":0,"inlineStyleRanges":[],"entityRanges":[],"data":{}},{"key":"78k9o","text":"","type":"unstyled","depth":0,"inlineStyleRanges":[],"entityRanges":[],"data":{}},{"key":"e7bmj","text":"","type":"unstyled","depth":0,"inlineStyleRanges":[],"entityRanges":[],"data":{}},{"key":"ff8su","text":"","type":"unstyled","depth":0,"inlineStyleRanges":[],"entityRanges":[],"data":{}},{"key":"8rnti","text":"","type":"unstyled","depth":0,"inlineStyleRanges":[],"entityRanges":[],"data":{}},{"key":"agliq","text":"","type":"unstyled","depth":0,"inlineStyleRanges":[],"entityRanges":[],"data":{}},{"key":"3to5g","text":"","type":"unstyled","depth":0,"inlineStyleRanges":[],"entityRanges":[],"data":{}},{"key":"7rs2m","text":"","type":"unstyled","depth":0,"inlineStyleRanges":[],"entityRanges":[],"data":{}},{"key":"5u61a","text":"","type":"unstyled","depth":0,"inlineStyleRanges":[],"entityRanges":[],"data":{}}],"entityMap":{}},"tags":[]}