{"_id":"H1M38pxHf","title":"Directives","dateCreated":"2018-01-20T13:39:54.490Z","lastAccessed":"2018-03-12T22:18:32.633Z","lastUpdated":"2018-01-28T21:53:38.472Z","notebookId":"rySu93hVz","body":{"blocks":[{"key":"ag6qs","text":"Directives","type":"header-one","depth":0,"inlineStyleRanges":[],"entityRanges":[],"data":{}},{"key":"27onu","text":"1. Directives -> are instructions in the DOM","type":"unstyled","depth":0,"inlineStyleRanges":[],"entityRanges":[],"data":{}},{"key":"4a6qq","text":"2. Typically we use directives as html attributes selector","type":"unstyled","depth":0,"inlineStyleRanges":[],"entityRanges":[],"data":{}},{"key":"7js6d","text":"3. The *ngIf directive -> IF -> STRUCTURAL DIRECTIVE \"*\" , WE CAN HAVE ONLY ONE STRUCTURAL DIRECTIVE ON AN ELEMENT","type":"unstyled","depth":0,"inlineStyleRanges":[{"offset":32,"length":82,"style":"BOLD"}],"entityRanges":[],"data":{}},{"key":"db50r","text":"<p *ngIf=\"serverEnabled\">The server has been created. Server name is: {{ serverName }}</p>","type":"custom-code-block-html","depth":0,"inlineStyleRanges":[],"entityRanges":[],"data":{}},{"key":"52csd","text":"//serverEnabled -> has to be expression converted to boolean","type":"custom-code-block-html","depth":0,"inlineStyleRanges":[],"entityRanges":[],"data":{}},{"key":"59kd9","text":"","type":"unstyled","depth":0,"inlineStyleRanges":[],"entityRanges":[],"data":{}},{"key":"4rj6p","text":"3.1. Structural directives behind the scene: (it is wrapped by ng-template with default directive)","type":"unstyled","depth":0,"inlineStyleRanges":[],"entityRanges":[],"data":{}},{"key":"lro8","text":"<ng-template [ngIf]=\"serverEnabled\">","type":"custom-code-block-html","depth":0,"inlineStyleRanges":[],"entityRanges":[],"data":{}},{"key":"3snk3","text":"    <p>The server has been created. Server name is: {{ serverName }}</p>","type":"custom-code-block-html","depth":0,"inlineStyleRanges":[],"entityRanges":[],"data":{}},{"key":"efd5v","text":"</ng-template>","type":"custom-code-block-html","depth":0,"inlineStyleRanges":[],"entityRanges":[],"data":{}},{"key":"f5msv","text":"","type":"unstyled","depth":0,"inlineStyleRanges":[],"entityRanges":[],"data":{}},{"key":"1h4j4","text":"4. IF ELSE : ","type":"unstyled","depth":0,"inlineStyleRanges":[],"entityRanges":[],"data":{}},{"key":"e3pma","text":"<p *ngIf=\"serverEnabled; else noServer\">The server has been created. Server name is: {{ serverName }}</p>","type":"custom-code-block-html","depth":0,"inlineStyleRanges":[],"entityRanges":[],"data":{}},{"key":"ab5a9","text":"<ng-template #noServer>","type":"custom-code-block-html","depth":0,"inlineStyleRanges":[],"entityRanges":[],"data":{}},{"key":"8pbis","text":"  <p>","type":"custom-code-block-html","depth":0,"inlineStyleRanges":[],"entityRanges":[],"data":{}},{"key":"4no35","text":"    Server was not created!","type":"custom-code-block-html","depth":0,"inlineStyleRanges":[],"entityRanges":[],"data":{}},{"key":"48v8a","text":"  </p>","type":"custom-code-block-html","depth":0,"inlineStyleRanges":[],"entityRanges":[],"data":{}},{"key":"2frub","text":"</ng-template>","type":"custom-code-block-html","depth":0,"inlineStyleRanges":[],"entityRanges":[],"data":{}},{"key":"34hub","text":"","type":"unstyled","depth":0,"inlineStyleRanges":[],"entityRanges":[],"data":{}},{"key":"9jun9","text":"","type":"unstyled","depth":0,"inlineStyleRanges":[],"entityRanges":[],"data":{}},{"key":"fa2m","text":"5. ngStyle -> ATTRIBUTE DIRECTIVE","type":"unstyled","depth":0,"inlineStyleRanges":[{"offset":14,"length":19,"style":"BOLD"}],"entityRanges":[],"data":{}},{"key":"5sfbs","text":"","type":"unstyled","depth":0,"inlineStyleRanges":[],"entityRanges":[],"data":{}},{"key":"qa0l","text":"//inside html file:","type":"custom-code-block-javascript","depth":0,"inlineStyleRanges":[{"offset":0,"length":19,"style":"BOLD"}],"entityRanges":[],"data":{}},{"key":"4lsri","text":"<p [ngStyle]=\"{color:getColor()}\">This is the server number: {{ number }} and status is: {{ getServerStatus() }}</p>","type":"custom-code-block-javascript","depth":0,"inlineStyleRanges":[],"entityRanges":[],"data":{}},{"key":"65som","text":"","type":"custom-code-block-javascript","depth":0,"inlineStyleRanges":[],"entityRanges":[],"data":{}},{"key":"blug3","text":"//inside component:","type":"custom-code-block-javascript","depth":0,"inlineStyleRanges":[],"entityRanges":[],"data":{}},{"key":"oe8p","text":"getColor() {","type":"custom-code-block-javascript","depth":0,"inlineStyleRanges":[],"entityRanges":[],"data":{}},{"key":"1g2ok","text":"  return this.status === \"offline\" ? \"red\" : \"green\";","type":"custom-code-block-javascript","depth":0,"inlineStyleRanges":[],"entityRanges":[],"data":{}},{"key":"43kej","text":"}","type":"custom-code-block-javascript","depth":0,"inlineStyleRanges":[],"entityRanges":[],"data":{}},{"key":"e415v","text":"","type":"unstyled","depth":0,"inlineStyleRanges":[],"entityRanges":[],"data":{}},{"key":"de42t","text":"6. ngClass -> ATTRIBUTE DIRECTIVE","type":"unstyled","depth":0,"inlineStyleRanges":[{"offset":14,"length":19,"style":"BOLD"}],"entityRanges":[],"data":{}},{"key":"9l4as","text":"<p","type":"custom-code-block-javascript","depth":0,"inlineStyleRanges":[{"offset":0,"length":2,"style":"BOLD"}],"entityRanges":[],"data":{}},{"key":"56mto","text":"  [ngStyle] = \"{backgroundColor:getColor()}\"","type":"custom-code-block-javascript","depth":0,"inlineStyleRanges":[{"offset":0,"length":44,"style":"BOLD"}],"entityRanges":[],"data":{}},{"key":"cj9mn","text":"  [ngClass] = \"{online: status === 'online'}\">","type":"custom-code-block-javascript","depth":0,"inlineStyleRanges":[{"offset":0,"length":46,"style":"BOLD"}],"entityRanges":[],"data":{}},{"key":"b8jk9","text":"  This is the server number: {{ number }} and status is: {{ getServerStatus() }}","type":"custom-code-block-javascript","depth":0,"inlineStyleRanges":[{"offset":0,"length":80,"style":"BOLD"}],"entityRanges":[],"data":{}},{"key":"684td","text":"</p>","type":"custom-code-block-javascript","depth":0,"inlineStyleRanges":[{"offset":0,"length":4,"style":"BOLD"}],"entityRanges":[],"data":{}},{"key":"99tgu","text":"// online -> css Class","type":"custom-code-block-javascript","depth":0,"inlineStyleRanges":[{"offset":0,"length":22,"style":"BOLD"}],"entityRanges":[],"data":{}},{"key":"4h0pn","text":"// status === 'online' statement that gives us true or false","type":"custom-code-block-javascript","depth":0,"inlineStyleRanges":[{"offset":0,"length":60,"style":"BOLD"}],"entityRanges":[],"data":{}},{"key":"9njan","text":"","type":"unstyled","depth":0,"inlineStyleRanges":[],"entityRanges":[],"data":{}},{"key":"aghac","text":"7. ngFor -> STRUCTURAL DIRECTIVE \"*\"","type":"unstyled","depth":0,"inlineStyleRanges":[{"offset":12,"length":24,"style":"BOLD"}],"entityRanges":[],"data":{}},{"key":"60u2g","text":"<app-server *ngFor = \"let server of servers\"></app-server> //servers is an array in our component","type":"custom-code-block-javascript","depth":0,"inlineStyleRanges":[],"entityRanges":[],"data":{}},{"key":"2u0og","text":"","type":"unstyled","depth":0,"inlineStyleRanges":[],"entityRanges":[],"data":{}},{"key":"afog1","text":"<li *ngFor=\"let click of allClicks; let i = index\"> // let i = index -> getting the for loop index","type":"custom-code-block-javascript","depth":0,"inlineStyleRanges":[],"entityRanges":[],"data":{}},{"key":"4bqi7","text":"","type":"unstyled","depth":0,"inlineStyleRanges":[],"entityRanges":[],"data":{}},{"key":"7k4e5","text":"inside our servers component:","type":"unstyled","depth":0,"inlineStyleRanges":[],"entityRanges":[],"data":{}},{"key":"bup7i","text":"  servers = ['servername', 'servername2'];","type":"custom-code-block-javascript","depth":0,"inlineStyleRanges":[],"entityRanges":[],"data":{}},{"key":"55bq4","text":"","type":"custom-code-block-javascript","depth":0,"inlineStyleRanges":[],"entityRanges":[],"data":{}},{"key":"153h2","text":"  onServerCreation() {","type":"custom-code-block-javascript","depth":0,"inlineStyleRanges":[],"entityRanges":[],"data":{}},{"key":"6pqkf","text":"      this.servers.push('servernameDef');","type":"custom-code-block-javascript","depth":0,"inlineStyleRanges":[],"entityRanges":[],"data":{}},{"key":"dsr4f","text":"  }","type":"custom-code-block-javascript","depth":0,"inlineStyleRanges":[],"entityRanges":[],"data":{}},{"key":"4bv47","text":"","type":"unstyled","depth":0,"inlineStyleRanges":[],"entityRanges":[],"data":{}},{"key":"fffkv","text":"","type":"unstyled","depth":0,"inlineStyleRanges":[],"entityRanges":[],"data":{}},{"key":"igib","text":"8. ngSwitch -> STRUCTURAL DIRECTIVE \"*\"","type":"unstyled","depth":0,"inlineStyleRanges":[{"offset":15,"length":24,"style":"BOLD"}],"entityRanges":[],"data":{}},{"key":"bv40r","text":"      <div [ngSwitch]=\"value\"> <!-- value comes from our component TypeScript for e.g. -->","type":"custom-code-block-html","depth":0,"inlineStyleRanges":[],"entityRanges":[],"data":{}},{"key":"8g033","text":"        <p *ngSwitchCase=\"5\">Value is 5</p>","type":"custom-code-block-html","depth":0,"inlineStyleRanges":[],"entityRanges":[],"data":{}},{"key":"1oc84","text":"        <p *ngSwitchCase=\"10\">Value is 10</p>","type":"custom-code-block-html","depth":0,"inlineStyleRanges":[],"entityRanges":[],"data":{}},{"key":"55lsi","text":"        <p *ngSwitchCase=\"100\">Value is 100</p>","type":"custom-code-block-html","depth":0,"inlineStyleRanges":[],"entityRanges":[],"data":{}},{"key":"ekh0f","text":"        <p *ngSwitchDefault>Value is default</p>","type":"custom-code-block-html","depth":0,"inlineStyleRanges":[],"entityRanges":[],"data":{}},{"key":"590kk","text":"      </div>","type":"custom-code-block-html","depth":0,"inlineStyleRanges":[],"entityRanges":[],"data":{}},{"key":"3t3ke","text":"","type":"unstyled","depth":0,"inlineStyleRanges":[],"entityRanges":[],"data":{}},{"key":"3cieb","text":"-----------------------------------------------------------","type":"unstyled","depth":0,"inlineStyleRanges":[],"entityRanges":[],"data":{}},{"key":"65kc9","text":"WE CAN CREATE OUR OWN DIRECTIVES:","type":"unstyled","depth":0,"inlineStyleRanges":[],"entityRanges":[],"data":{}},{"key":"d7des","text":"","type":"unstyled","depth":0,"inlineStyleRanges":[],"entityRanges":[],"data":{}},{"key":"ej2l2","text":"1. Create a new file e.g. basic-highlight.directive.ts - there we'll define our new directive:","type":"unstyled","depth":0,"inlineStyleRanges":[],"entityRanges":[],"data":{}},{"key":"3q9t","text":"import { Directive, ElementRef, OnInit } from \"@angular/core\";","type":"custom-code-block-javascript","depth":0,"inlineStyleRanges":[],"entityRanges":[],"data":{}},{"key":"855o5","text":"","type":"custom-code-block-javascript","depth":0,"inlineStyleRanges":[],"entityRanges":[],"data":{}},{"key":"am69p","text":"@Directive({ //special decorator","type":"custom-code-block-javascript","depth":0,"inlineStyleRanges":[],"entityRanges":[],"data":{}},{"key":"2t3m8","text":"  selector: \"[appBasicHighlight]\" //selector for our new directive","type":"custom-code-block-javascript","depth":0,"inlineStyleRanges":[],"entityRanges":[],"data":{}},{"key":"9u1l","text":"})","type":"custom-code-block-javascript","depth":0,"inlineStyleRanges":[],"entityRanges":[],"data":{}},{"key":"aupte","text":"","type":"custom-code-block-javascript","depth":0,"inlineStyleRanges":[],"entityRanges":[],"data":{}},{"key":"4drv9","text":"export class BasicHighlightDirective implements OnInit {","type":"custom-code-block-javascript","depth":0,"inlineStyleRanges":[],"entityRanges":[],"data":{}},{"key":"mnf","text":"  constructor(private elementRef: ElementRef) {} //here Angular gives as access to the html element                             object. Type of the object is the same as we used in @ViewChild -> ElementRef","type":"custom-code-block-javascript","depth":0,"inlineStyleRanges":[],"entityRanges":[],"data":{}},{"key":"4id8u","text":"  ","type":"custom-code-block-javascript","depth":0,"inlineStyleRanges":[],"entityRanges":[],"data":{}},{"key":"etigr","text":"  //THIS IS NOT THE BEST SOLUTION TO ACCESS THE HTML DOM OBJECT","type":"custom-code-block-javascript","depth":0,"inlineStyleRanges":[],"entityRanges":[],"data":{}},{"key":"9p4t7","text":"  ","type":"custom-code-block-javascript","depth":0,"inlineStyleRanges":[],"entityRanges":[],"data":{}},{"key":"ftlog","text":"  ngOnInit () { //ngOnInit is better place to add style than constructor","type":"custom-code-block-javascript","depth":0,"inlineStyleRanges":[],"entityRanges":[],"data":{}},{"key":"18ch8","text":"    this.elementRef.nativeElement.style.backgroundColor = \"green\"; //here we add a new style to the                 html element","type":"custom-code-block-javascript","depth":0,"inlineStyleRanges":[],"entityRanges":[],"data":{}},{"key":"28r2r","text":"  }","type":"custom-code-block-javascript","depth":0,"inlineStyleRanges":[],"entityRanges":[],"data":{}},{"key":"fpgot","text":"}","type":"custom-code-block-javascript","depth":0,"inlineStyleRanges":[],"entityRanges":[],"data":{}},{"key":"fgvr7","text":"","type":"unstyled","depth":0,"inlineStyleRanges":[],"entityRanges":[],"data":{}},{"key":"369a5","text":"2. Declare a new directive in app.module.ts :","type":"unstyled","depth":0,"inlineStyleRanges":[],"entityRanges":[],"data":{}},{"key":"ac401","text":"import { BrowserModule } from '@angular/platform-browser';","type":"custom-code-block-javascript","depth":0,"inlineStyleRanges":[],"entityRanges":[],"data":{}},{"key":"1dn5v","text":"import { NgModule } from '@angular/core';","type":"custom-code-block-javascript","depth":0,"inlineStyleRanges":[],"entityRanges":[],"data":{}},{"key":"evh5p","text":"import { FormsModule } from '@angular/forms';","type":"custom-code-block-javascript","depth":0,"inlineStyleRanges":[],"entityRanges":[],"data":{}},{"key":"3d62a","text":"import { HttpModule } from '@angular/http';","type":"custom-code-block-javascript","depth":0,"inlineStyleRanges":[],"entityRanges":[],"data":{}},{"key":"3cqoc","text":"import { AppComponent } from './app.component';","type":"custom-code-block-javascript","depth":0,"inlineStyleRanges":[],"entityRanges":[],"data":{}},{"key":"96urd","text":"import { BasicHighlightDirective } from './basic-highlight/basic-highlight.directive'; //import it","type":"custom-code-block-javascript","depth":0,"inlineStyleRanges":[],"entityRanges":[],"data":{}},{"key":"8lqal","text":"","type":"custom-code-block-javascript","depth":0,"inlineStyleRanges":[],"entityRanges":[],"data":{}},{"key":"4qmkr","text":"@NgModule({","type":"custom-code-block-javascript","depth":0,"inlineStyleRanges":[],"entityRanges":[],"data":{}},{"key":"16q96","text":"  declarations: [","type":"custom-code-block-javascript","depth":0,"inlineStyleRanges":[],"entityRanges":[],"data":{}},{"key":"bhk0m","text":"    AppComponent,","type":"custom-code-block-javascript","depth":0,"inlineStyleRanges":[],"entityRanges":[],"data":{}},{"key":"1adog","text":"    BasicHighlightDirective //declaration","type":"custom-code-block-javascript","depth":0,"inlineStyleRanges":[],"entityRanges":[],"data":{}},{"key":"buj7j","text":"  ],","type":"custom-code-block-javascript","depth":0,"inlineStyleRanges":[],"entityRanges":[],"data":{}},{"key":"an1ks","text":"  imports: [","type":"custom-code-block-javascript","depth":0,"inlineStyleRanges":[],"entityRanges":[],"data":{}},{"key":"84csn","text":"    BrowserModule,","type":"custom-code-block-javascript","depth":0,"inlineStyleRanges":[],"entityRanges":[],"data":{}},{"key":"2sknh","text":"    FormsModule,","type":"custom-code-block-javascript","depth":0,"inlineStyleRanges":[],"entityRanges":[],"data":{}},{"key":"9oti8","text":"    HttpModule","type":"custom-code-block-javascript","depth":0,"inlineStyleRanges":[],"entityRanges":[],"data":{}},{"key":"d6s5r","text":"  ],","type":"custom-code-block-javascript","depth":0,"inlineStyleRanges":[],"entityRanges":[],"data":{}},{"key":"9ki3u","text":"  providers: [],","type":"custom-code-block-javascript","depth":0,"inlineStyleRanges":[],"entityRanges":[],"data":{}},{"key":"5qt07","text":"  bootstrap: [AppComponent]","type":"custom-code-block-javascript","depth":0,"inlineStyleRanges":[],"entityRanges":[],"data":{}},{"key":"enshe","text":"})","type":"custom-code-block-javascript","depth":0,"inlineStyleRanges":[],"entityRanges":[],"data":{}},{"key":"1qee9","text":"export class AppModule { }","type":"custom-code-block-javascript","depth":0,"inlineStyleRanges":[],"entityRanges":[],"data":{}},{"key":"87bmk","text":"","type":"unstyled","depth":0,"inlineStyleRanges":[],"entityRanges":[],"data":{}},{"key":"c8d7l","text":"3. Now we can use it:","type":"unstyled","depth":0,"inlineStyleRanges":[],"entityRanges":[],"data":{}},{"key":"7je2e","text":"<p appBasicHighlight >Here i'm using my new directive</p>","type":"custom-code-block-html","depth":0,"inlineStyleRanges":[],"entityRanges":[],"data":{}},{"key":"7cr5n","text":"","type":"unstyled","depth":0,"inlineStyleRanges":[],"entityRanges":[],"data":{}},{"key":"72aio","text":"THE BETTER PRACTICE IS TO  USE RENDERER ANGULAR OBEJCT ( than you can use it even if you don't have access to the DOM objects )","type":"unstyled","depth":0,"inlineStyleRanges":[{"offset":0,"length":127,"style":"BOLD"}],"entityRanges":[],"data":{}},{"key":"71asf","text":"","type":"unstyled","depth":0,"inlineStyleRanges":[],"entityRanges":[],"data":{}},{"key":"fjhbs","text":"4. This approach use Renderer2 Angular object: ","type":"unstyled","depth":0,"inlineStyleRanges":[{"offset":0,"length":47,"style":"BOLD"}],"entityRanges":[],"data":{}},{"key":"37pn2","text":"-> more info about Renderer class here: https://angular.io/api/core/Renderer2","type":"unstyled","depth":0,"inlineStyleRanges":[{"offset":0,"length":3,"style":"BOLD"},{"offset":40,"length":37,"style":"ITALIC"}],"entityRanges":[{"offset":40,"length":37,"key":0}],"data":{}},{"key":"6pa2f","text":"import { Directive, OnInit, ElementRef, Renderer2 } from '@angular/core';","type":"custom-code-block-javascript","depth":0,"inlineStyleRanges":[],"entityRanges":[],"data":{}},{"key":"daf5b","text":"","type":"custom-code-block-javascript","depth":0,"inlineStyleRanges":[],"entityRanges":[],"data":{}},{"key":"gmhp","text":"@Directive({","type":"custom-code-block-javascript","depth":0,"inlineStyleRanges":[],"entityRanges":[],"data":{}},{"key":"4s0ni","text":"  selector: '[appBetterHightlight]'","type":"custom-code-block-javascript","depth":0,"inlineStyleRanges":[],"entityRanges":[],"data":{}},{"key":"1rhmb","text":"})","type":"custom-code-block-javascript","depth":0,"inlineStyleRanges":[],"entityRanges":[],"data":{}},{"key":"1jdkh","text":"export class BetterHightlightDirective implements OnInit {","type":"custom-code-block-javascript","depth":0,"inlineStyleRanges":[],"entityRanges":[],"data":{}},{"key":"eftd7","text":"  constructor(private elemRef: ElementRef, private renderer: Renderer2) {}","type":"custom-code-block-javascript","depth":0,"inlineStyleRanges":[],"entityRanges":[],"data":{}},{"key":"3v3q9","text":"  // elemRef -> our object ","type":"custom-code-block-javascript","depth":0,"inlineStyleRanges":[],"entityRanges":[],"data":{}},{"key":"3gnna","text":"  // private renderer: Renderer2 -> angular object that has many methods e.g. setStyle","type":"custom-code-block-javascript","depth":0,"inlineStyleRanges":[],"entityRanges":[],"data":{}},{"key":"54t7l","text":"  ","type":"custom-code-block-javascript","depth":0,"inlineStyleRanges":[],"entityRanges":[],"data":{}},{"key":"arepd","text":"  ngOnInit() {","type":"custom-code-block-javascript","depth":0,"inlineStyleRanges":[],"entityRanges":[],"data":{}},{"key":"4se00","text":"    this.renderer.setStyle(this.elemRef.nativeElement, \"background-color\", \"blue\");","type":"custom-code-block-javascript","depth":0,"inlineStyleRanges":[],"entityRanges":[],"data":{}},{"key":"3p3m0","text":"    // (html object, style, value, flag); //flag is something but I don't now what it is;D","type":"custom-code-block-javascript","depth":0,"inlineStyleRanges":[],"entityRanges":[],"data":{}},{"key":"db9ht","text":"  }","type":"custom-code-block-javascript","depth":0,"inlineStyleRanges":[],"entityRanges":[],"data":{}},{"key":"12jjr","text":"}","type":"custom-code-block-javascript","depth":0,"inlineStyleRanges":[],"entityRanges":[],"data":{}},{"key":"3mcco","text":"","type":"unstyled","depth":0,"inlineStyleRanges":[],"entityRanges":[],"data":{}},{"key":"98hh8","text":"The rest is the same.","type":"unstyled","depth":0,"inlineStyleRanges":[],"entityRanges":[],"data":{}},{"key":"1i5ev","text":"","type":"unstyled","depth":0,"inlineStyleRanges":[],"entityRanges":[],"data":{}},{"key":"7k03i","text":"","type":"unstyled","depth":0,"inlineStyleRanges":[],"entityRanges":[],"data":{}},{"key":"d5fto","text":"5. USING HOSTLISTENER to listen to Host Events !!!","type":"unstyled","depth":0,"inlineStyleRanges":[{"offset":0,"length":50,"style":"BOLD"}],"entityRanges":[],"data":{}},{"key":"abg4f","text":"","type":"unstyled","depth":0,"inlineStyleRanges":[],"entityRanges":[],"data":{}},{"key":"9i560","text":"import { Directive, OnInit, ElementRef, Renderer2, HostListener } from '@angular/core';","type":"custom-code-block-javascript","depth":0,"inlineStyleRanges":[],"entityRanges":[],"data":{}},{"key":"ca4gt","text":"@Directive({","type":"custom-code-block-javascript","depth":0,"inlineStyleRanges":[],"entityRanges":[],"data":{}},{"key":"c8fpl","text":"  selector: '[appBetterHightlight]'","type":"custom-code-block-javascript","depth":0,"inlineStyleRanges":[],"entityRanges":[],"data":{}},{"key":"8siea","text":"})","type":"custom-code-block-javascript","depth":0,"inlineStyleRanges":[],"entityRanges":[],"data":{}},{"key":"811ma","text":"export class BetterHightlightDirective implements OnInit {","type":"custom-code-block-javascript","depth":0,"inlineStyleRanges":[],"entityRanges":[],"data":{}},{"key":"71nkl","text":"  constructor(private elemRef: ElementRef, private renderer: Renderer2) {}","type":"custom-code-block-javascript","depth":0,"inlineStyleRanges":[],"entityRanges":[],"data":{}},{"key":"adplu","text":"  ngOnInit() {","type":"custom-code-block-javascript","depth":0,"inlineStyleRanges":[],"entityRanges":[],"data":{}},{"key":"deqsi","text":"    // this.renderer.setStyle(this.elemRef.nativeElement, \"background-color\", \"blue\");","type":"custom-code-block-javascript","depth":0,"inlineStyleRanges":[],"entityRanges":[],"data":{}},{"key":"4nvg0","text":"  }","type":"custom-code-block-javascript","depth":0,"inlineStyleRanges":[],"entityRanges":[],"data":{}},{"key":"7danh","text":"","type":"custom-code-block-javascript","depth":0,"inlineStyleRanges":[],"entityRanges":[],"data":{}},{"key":"b2n00","text":"  @HostListener('mouseenter') mouseover(eventData: Event) {","type":"custom-code-block-javascript","depth":0,"inlineStyleRanges":[],"entityRanges":[],"data":{}},{"key":"e5ont","text":"    this.renderer.setStyle(this.elemRef.nativeElement, \"background-color\", \"blue\");","type":"custom-code-block-javascript","depth":0,"inlineStyleRanges":[],"entityRanges":[],"data":{}},{"key":"9abkm","text":"  }","type":"custom-code-block-javascript","depth":0,"inlineStyleRanges":[],"entityRanges":[],"data":{}},{"key":"e69k0","text":"  ","type":"custom-code-block-javascript","depth":0,"inlineStyleRanges":[],"entityRanges":[],"data":{}},{"key":"eisi7","text":"  // @HostListener -> listen to Host Events","type":"custom-code-block-javascript","depth":0,"inlineStyleRanges":[{"offset":22,"length":21,"style":"BOLD"}],"entityRanges":[],"data":{}},{"key":"con6a","text":"  // mouseover -> the method we want to execute when event (@HostListener('mouseenter')) occurs","type":"custom-code-block-javascript","depth":0,"inlineStyleRanges":[],"entityRanges":[],"data":{}},{"key":"37prb","text":"  // @HostListener('mouseenter') -> the argument here is an event e.g. mouseenter, mouseleave, click","type":"custom-code-block-javascript","depth":0,"inlineStyleRanges":[],"entityRanges":[],"data":{}},{"key":"6a302","text":"  // etc. We've got the same events taht on eventBinding before ","type":"custom-code-block-javascript","depth":0,"inlineStyleRanges":[],"entityRanges":[],"data":{}},{"key":"flq2m","text":"","type":"custom-code-block-javascript","depth":0,"inlineStyleRanges":[],"entityRanges":[],"data":{}},{"key":"7emkh","text":"  @HostListener('mouseleave') mouseleave(eventData: Event) {","type":"custom-code-block-javascript","depth":0,"inlineStyleRanges":[],"entityRanges":[],"data":{}},{"key":"49rbn","text":"    this.renderer.setStyle(this.elemRef.nativeElement, \"background-color\", \"transparent\");","type":"custom-code-block-javascript","depth":0,"inlineStyleRanges":[],"entityRanges":[],"data":{}},{"key":"bdvo9","text":"  }","type":"custom-code-block-javascript","depth":0,"inlineStyleRanges":[],"entityRanges":[],"data":{}},{"key":"8rd1h","text":"}","type":"custom-code-block-javascript","depth":0,"inlineStyleRanges":[],"entityRanges":[],"data":{}},{"key":"f7e6f","text":"","type":"unstyled","depth":0,"inlineStyleRanges":[],"entityRanges":[],"data":{}},{"key":"2uciv","text":"","type":"unstyled","depth":0,"inlineStyleRanges":[],"entityRanges":[],"data":{}},{"key":"e3vun","text":"6. Using HOSTBINDING to bind html object property to our object property in our TypeScript code:","type":"unstyled","depth":0,"inlineStyleRanges":[],"entityRanges":[],"data":{}},{"key":"7c9tf","text":"","type":"unstyled","depth":0,"inlineStyleRanges":[],"entityRanges":[],"data":{}},{"key":"9qlrr","text":"import { Directive, OnInit, ElementRef, Renderer2, HostListener, HostBinding } from '@angular/core';","type":"custom-code-block-javascript","depth":0,"inlineStyleRanges":[],"entityRanges":[],"data":{}},{"key":"f558d","text":"@Directive({","type":"custom-code-block-javascript","depth":0,"inlineStyleRanges":[],"entityRanges":[],"data":{}},{"key":"8r3s","text":"  selector: '[appBetterHightlight]'","type":"custom-code-block-javascript","depth":0,"inlineStyleRanges":[],"entityRanges":[],"data":{}},{"key":"6oc09","text":"})","type":"custom-code-block-javascript","depth":0,"inlineStyleRanges":[],"entityRanges":[],"data":{}},{"key":"3pbna","text":"export class BetterHightlightDirective implements OnInit {","type":"custom-code-block-javascript","depth":0,"inlineStyleRanges":[],"entityRanges":[],"data":{}},{"key":"8k3gj","text":"","type":"custom-code-block-javascript","depth":0,"inlineStyleRanges":[],"entityRanges":[],"data":{}},{"key":"2vu18","text":"  @HostBinding('style.backgroundColor') backgroundColor: string = \"transparent\";","type":"custom-code-block-javascript","depth":0,"inlineStyleRanges":[],"entityRanges":[],"data":{}},{"key":"2n8el","text":"  // bind html object property to our object property ","type":"custom-code-block-javascript","depth":0,"inlineStyleRanges":[],"entityRanges":[],"data":{}},{"key":"53tih","text":"  //  @HostBinding('style.backgroundColor') -> argument - which property of hosting element we want to bind","type":"custom-code-block-javascript","depth":0,"inlineStyleRanges":[],"entityRanges":[],"data":{}},{"key":"d0f5e","text":"    ","type":"custom-code-block-javascript","depth":0,"inlineStyleRanges":[],"entityRanges":[],"data":{}},{"key":"a1uvp","text":"  constructor(private elemRef: ElementRef, private renderer: Renderer2) {}","type":"custom-code-block-javascript","depth":0,"inlineStyleRanges":[],"entityRanges":[],"data":{}},{"key":"7nsd2","text":"  ","type":"custom-code-block-javascript","depth":0,"inlineStyleRanges":[],"entityRanges":[],"data":{}},{"key":"36lr0","text":"  @HostListener('mouseenter') mouseover(eventData: Event) {","type":"custom-code-block-javascript","depth":0,"inlineStyleRanges":[],"entityRanges":[],"data":{}},{"key":"frpom","text":"    // this.renderer.setStyle(this.elemRef.nativeElement, \"background-color\", \"blue\");","type":"custom-code-block-javascript","depth":0,"inlineStyleRanges":[],"entityRanges":[],"data":{}},{"key":"165uh","text":"    this.backgroundColor = \"blue\";","type":"custom-code-block-javascript","depth":0,"inlineStyleRanges":[],"entityRanges":[],"data":{}},{"key":"2c81k","text":"  }","type":"custom-code-block-javascript","depth":0,"inlineStyleRanges":[],"entityRanges":[],"data":{}},{"key":"6gfd0","text":"","type":"custom-code-block-javascript","depth":0,"inlineStyleRanges":[],"entityRanges":[],"data":{}},{"key":"4qlh0","text":"  @HostListener('mouseleave') mouseleave(eventData: Event) {","type":"custom-code-block-javascript","depth":0,"inlineStyleRanges":[],"entityRanges":[],"data":{}},{"key":"dbcd8","text":"    // this.renderer.setStyle(this.elemRef.nativeElement, \"background-color\", \"transparent\");","type":"custom-code-block-javascript","depth":0,"inlineStyleRanges":[],"entityRanges":[],"data":{}},{"key":"4bmp9","text":"    this.backgroundColor = \"transparent\";","type":"custom-code-block-javascript","depth":0,"inlineStyleRanges":[],"entityRanges":[],"data":{}},{"key":"9gvoh","text":"  }","type":"custom-code-block-javascript","depth":0,"inlineStyleRanges":[],"entityRanges":[],"data":{}},{"key":"26cjm","text":"}","type":"custom-code-block-javascript","depth":0,"inlineStyleRanges":[],"entityRanges":[],"data":{}},{"key":"da111","text":"","type":"unstyled","depth":0,"inlineStyleRanges":[],"entityRanges":[],"data":{}},{"key":"cvbur","text":"","type":"unstyled","depth":0,"inlineStyleRanges":[],"entityRanges":[],"data":{}},{"key":"845n0","text":"","type":"unstyled","depth":0,"inlineStyleRanges":[],"entityRanges":[],"data":{}},{"key":"aubfj","text":"--------------------------------------------------------","type":"unstyled","depth":0,"inlineStyleRanges":[],"entityRanges":[],"data":{}},{"key":"v23n","text":"STRUCTURAL DIRECTIVE:","type":"unstyled","depth":0,"inlineStyleRanges":[],"entityRanges":[],"data":{}},{"key":"16ufb","text":"","type":"unstyled","depth":0,"inlineStyleRanges":[],"entityRanges":[],"data":{}},{"key":"7mn72","text":"1. Create a new direcitve using ng g d unless :","type":"unstyled","depth":0,"inlineStyleRanges":[],"entityRanges":[],"data":{}},{"key":"8pja","text":"import { Directive, Input, TemplateRef, ViewContainerRef } from '@angular/core';","type":"custom-code-block-javascript","depth":0,"inlineStyleRanges":[],"entityRanges":[],"data":{}},{"key":"emmvu","text":"","type":"custom-code-block-javascript","depth":0,"inlineStyleRanges":[],"entityRanges":[],"data":{}},{"key":"95qlj","text":"@Directive({","type":"custom-code-block-javascript","depth":0,"inlineStyleRanges":[],"entityRanges":[],"data":{}},{"key":"1uioi","text":"  selector: '[appUnless]'","type":"custom-code-block-javascript","depth":0,"inlineStyleRanges":[],"entityRanges":[],"data":{}},{"key":"8sst","text":"})","type":"custom-code-block-javascript","depth":0,"inlineStyleRanges":[],"entityRanges":[],"data":{}},{"key":"1cm2t","text":"export class UnlessDirective {","type":"custom-code-block-javascript","depth":0,"inlineStyleRanges":[],"entityRanges":[],"data":{}},{"key":"8qkus","text":"","type":"custom-code-block-javascript","depth":0,"inlineStyleRanges":[],"entityRanges":[],"data":{}},{"key":"72jip","text":"  @Input() set appUnless(condition: boolean) { //the same name as our selector","type":"custom-code-block-javascript","depth":0,"inlineStyleRanges":[],"entityRanges":[],"data":{}},{"key":"l483","text":"    if (!condition) {","type":"custom-code-block-javascript","depth":0,"inlineStyleRanges":[],"entityRanges":[],"data":{}},{"key":"e6nol","text":"      this.vcRef.createEmbeddedView(this.templateRef);","type":"custom-code-block-javascript","depth":0,"inlineStyleRanges":[],"entityRanges":[],"data":{}},{"key":"9fo6r","text":"    } else {","type":"custom-code-block-javascript","depth":0,"inlineStyleRanges":[],"entityRanges":[],"data":{}},{"key":"dn0le","text":"      this.vcRef.clear();","type":"custom-code-block-javascript","depth":0,"inlineStyleRanges":[],"entityRanges":[],"data":{}},{"key":"9p3qq","text":"    }","type":"custom-code-block-javascript","depth":0,"inlineStyleRanges":[],"entityRanges":[],"data":{}},{"key":"3kamv","text":"  }","type":"custom-code-block-javascript","depth":0,"inlineStyleRanges":[],"entityRanges":[],"data":{}},{"key":"cf0av","text":"  constructor(private templateRef: TemplateRef<any>, private vcRef: ViewContainerRef) { }","type":"custom-code-block-javascript","depth":0,"inlineStyleRanges":[],"entityRanges":[],"data":{}},{"key":"92hib","text":"}","type":"custom-code-block-javascript","depth":0,"inlineStyleRanges":[],"entityRanges":[],"data":{}},{"key":"7ddaf","text":"","type":"unstyled","depth":0,"inlineStyleRanges":[],"entityRanges":[],"data":{}},{"key":"9vu6l","text":"2.  Use it at html:","type":"unstyled","depth":0,"inlineStyleRanges":[],"entityRanges":[],"data":{}},{"key":"e2dod","text":"        <ng-template [appUnless]=\"onlyOdd\"> <!-- using ng-template is one approach -->","type":"custom-code-block-html","depth":0,"inlineStyleRanges":[],"entityRanges":[],"data":{}},{"key":"9u3dp","text":"          <div> <!-- using *ngIf=\"onlyOdd\" is another approach -->","type":"custom-code-block-html","depth":0,"inlineStyleRanges":[],"entityRanges":[],"data":{}},{"key":"esk8l","text":"            <li class=\"list-group-item\" *ngFor=\"let even of evenNumbers\">","type":"custom-code-block-html","depth":0,"inlineStyleRanges":[],"entityRanges":[],"data":{}},{"key":"a6l0l","text":"              {{ even }}","type":"custom-code-block-html","depth":0,"inlineStyleRanges":[],"entityRanges":[],"data":{}},{"key":"3lgim","text":"            </li>","type":"custom-code-block-html","depth":0,"inlineStyleRanges":[],"entityRanges":[],"data":{}},{"key":"61tjq","text":"          </div>","type":"custom-code-block-html","depth":0,"inlineStyleRanges":[],"entityRanges":[],"data":{}},{"key":"5boae","text":"        </ng-template>","type":"custom-code-block-html","depth":0,"inlineStyleRanges":[],"entityRanges":[],"data":{}},{"key":"56v91","text":"","type":"unstyled","depth":0,"inlineStyleRanges":[],"entityRanges":[],"data":{}},{"key":"2veuj","text":"","type":"unstyled","depth":0,"inlineStyleRanges":[],"entityRanges":[],"data":{}}],"entityMap":{"0":{"type":"LINK","mutability":"MUTABLE","data":"https://angular.io/api/core/Renderer2"}}},"tags":[]}