{"_id":"HJLCgvX8M","title":"Passing parameters to routes","dateCreated":"2018-02-03T16:18:21.520Z","lastAccessed":"2018-03-12T22:18:34.347Z","lastUpdated":"2018-02-03T17:36:59.502Z","notebookId":"rySu93hVz","body":{"blocks":[{"key":"ag6qs","text":"Passing parameters to routes","type":"header-one","depth":0,"inlineStyleRanges":[{"offset":0,"length":28,"style":"BOLD"}],"entityRanges":[],"data":{}},{"key":"92h34","text":"->  params are observables ( can be subscribed )","type":"unstyled","depth":0,"inlineStyleRanges":[{"offset":0,"length":48,"style":"BOLD"}],"entityRanges":[],"data":{}},{"key":"ccgkt","text":"","type":"unstyled","depth":0,"inlineStyleRanges":[],"entityRanges":[],"data":{}},{"key":"2bi1n","text":"1. Add it tou your appRoutes array:","type":"unstyled","depth":0,"inlineStyleRanges":[],"entityRanges":[],"data":{}},{"key":"d5ms5","text":"const appRoutes: Routes = [","type":"custom-code-block-javascript","depth":0,"inlineStyleRanges":[],"entityRanges":[],"data":{}},{"key":"8vchl","text":"  { path: \"\", component: HomeComponent },","type":"custom-code-block-javascript","depth":0,"inlineStyleRanges":[],"entityRanges":[],"data":{}},{"key":"7hvmc","text":"  { path: \"users\", component: UsersComponent },","type":"custom-code-block-javascript","depth":0,"inlineStyleRanges":[],"entityRanges":[],"data":{}},{"key":"7l4g0","text":"  { path: \"users/:id\", component: UserComponent }, //id is your parameter","type":"custom-code-block-javascript","depth":0,"inlineStyleRanges":[{"offset":0,"length":73,"style":"BOLD"},{"offset":0,"length":73,"style":"ITALIC"}],"entityRanges":[],"data":{}},{"key":"a5rbk","text":"  { path: \"servers\", component: ServersComponent }","type":"custom-code-block-javascript","depth":0,"inlineStyleRanges":[],"entityRanges":[],"data":{}},{"key":"4j8d1","text":"];","type":"custom-code-block-javascript","depth":0,"inlineStyleRanges":[],"entityRanges":[],"data":{}},{"key":"cln3d","text":"","type":"unstyled","depth":0,"inlineStyleRanges":[],"entityRanges":[],"data":{}},{"key":"d8v9i","text":"2. Retrieve it from ActivatedRoute object:","type":"unstyled","depth":0,"inlineStyleRanges":[],"entityRanges":[],"data":{}},{"key":"6a06a","text":"import { Component, OnInit } from '@angular/core';","type":"custom-code-block-javascript","depth":0,"inlineStyleRanges":[],"entityRanges":[],"data":{}},{"key":"3i2i6","text":"import { ActivatedRoute } from '@angular/router'; //import it","type":"custom-code-block-javascript","depth":0,"inlineStyleRanges":[{"offset":0,"length":61,"style":"BOLD"},{"offset":0,"length":61,"style":"ITALIC"}],"entityRanges":[],"data":{}},{"key":"cfts7","text":"@Component({","type":"custom-code-block-javascript","depth":0,"inlineStyleRanges":[],"entityRanges":[],"data":{}},{"key":"bald0","text":"  selector: 'app-user',","type":"custom-code-block-javascript","depth":0,"inlineStyleRanges":[],"entityRanges":[],"data":{}},{"key":"1cdq1","text":"  templateUrl: './user.component.html',","type":"custom-code-block-javascript","depth":0,"inlineStyleRanges":[],"entityRanges":[],"data":{}},{"key":"6b0d1","text":"  styleUrls: ['./user.component.css']","type":"custom-code-block-javascript","depth":0,"inlineStyleRanges":[],"entityRanges":[],"data":{}},{"key":"672io","text":"})","type":"custom-code-block-javascript","depth":0,"inlineStyleRanges":[],"entityRanges":[],"data":{}},{"key":"batb7","text":"export class UserComponent implements OnInit {","type":"custom-code-block-javascript","depth":0,"inlineStyleRanges":[],"entityRanges":[],"data":{}},{"key":"elh10","text":"  user: {id: number, name: string};","type":"custom-code-block-javascript","depth":0,"inlineStyleRanges":[],"entityRanges":[],"data":{}},{"key":"fm1hc","text":"  constructor(private activatedRoute: ActivatedRoute) { } //add it","type":"custom-code-block-javascript","depth":0,"inlineStyleRanges":[{"offset":2,"length":64,"style":"BOLD"},{"offset":2,"length":64,"style":"ITALIC"}],"entityRanges":[],"data":{}},{"key":"djjmg","text":"  ngOnInit() {","type":"custom-code-block-javascript","depth":0,"inlineStyleRanges":[],"entityRanges":[],"data":{}},{"key":"5gpom","text":"    // console.log(this.activatedRoute);","type":"custom-code-block-javascript","depth":0,"inlineStyleRanges":[],"entityRanges":[],"data":{}},{"key":"74bv9","text":"    this.user = {","type":"custom-code-block-javascript","depth":0,"inlineStyleRanges":[{"offset":0,"length":17,"style":"BOLD"},{"offset":0,"length":17,"style":"ITALIC"}],"entityRanges":[],"data":{}},{"key":"6ja94","text":"      id: this.activatedRoute.snapshot.params.id, //use route params here","type":"custom-code-block-javascript","depth":0,"inlineStyleRanges":[{"offset":0,"length":73,"style":"BOLD"},{"offset":0,"length":73,"style":"ITALIC"}],"entityRanges":[],"data":{}},{"key":"agr9g","text":"      name: this.activatedRoute.snapshot.params.name","type":"custom-code-block-javascript","depth":0,"inlineStyleRanges":[{"offset":0,"length":52,"style":"BOLD"},{"offset":0,"length":52,"style":"ITALIC"}],"entityRanges":[],"data":{}},{"key":"f5dan","text":"    }","type":"custom-code-block-javascript","depth":0,"inlineStyleRanges":[{"offset":0,"length":5,"style":"BOLD"},{"offset":0,"length":5,"style":"ITALIC"}],"entityRanges":[],"data":{}},{"key":"5c2gp","text":"  }","type":"custom-code-block-javascript","depth":0,"inlineStyleRanges":[],"entityRanges":[],"data":{}},{"key":"32bi1","text":"}","type":"custom-code-block-javascript","depth":0,"inlineStyleRanges":[],"entityRanges":[],"data":{}},{"key":"9o4r8","text":"","type":"unstyled","depth":0,"inlineStyleRanges":[],"entityRanges":[],"data":{}},{"key":"9tvsm","text":"3. WHEN YOU WANT TO RELOAD DATA IN YOU COMPONENT each time someone clicks a button or something to display another piece of data, you can subscribe for params in your ActivatedRoute object. Params are observable, so you can subscribe for change and whenever it'd change your faunction will be called.","type":"unstyled","depth":0,"inlineStyleRanges":[{"offset":3,"length":45,"style":"BOLD"},{"offset":167,"length":23,"style":"BOLD"},{"offset":167,"length":23,"style":"ITALIC"}],"entityRanges":[],"data":{}},{"key":"8b828","text":"import { Component, OnInit } from '@angular/core';","type":"custom-code-block-javascript","depth":0,"inlineStyleRanges":[{"offset":0,"length":50,"style":"BOLD"},{"offset":0,"length":50,"style":"ITALIC"}],"entityRanges":[],"data":{}},{"key":"8po12","text":"import { ActivatedRoute, Params } from '@angular/router'; //Params module","type":"custom-code-block-javascript","depth":0,"inlineStyleRanges":[{"offset":0,"length":73,"style":"BOLD"},{"offset":0,"length":73,"style":"ITALIC"}],"entityRanges":[],"data":{}},{"key":"9hmpn","text":"@Component({","type":"custom-code-block-javascript","depth":0,"inlineStyleRanges":[],"entityRanges":[],"data":{}},{"key":"b7vq8","text":"  selector: 'app-user',","type":"custom-code-block-javascript","depth":0,"inlineStyleRanges":[],"entityRanges":[],"data":{}},{"key":"4e9u0","text":"  templateUrl: './user.component.html',","type":"custom-code-block-javascript","depth":0,"inlineStyleRanges":[],"entityRanges":[],"data":{}},{"key":"1h93c","text":"  styleUrls: ['./user.component.css']","type":"custom-code-block-javascript","depth":0,"inlineStyleRanges":[],"entityRanges":[],"data":{}},{"key":"9hr9s","text":"})","type":"custom-code-block-javascript","depth":0,"inlineStyleRanges":[],"entityRanges":[],"data":{}},{"key":"fp6l","text":"export class UserComponent implements OnInit {","type":"custom-code-block-javascript","depth":0,"inlineStyleRanges":[],"entityRanges":[],"data":{}},{"key":"fq3qa","text":"  user: {id: number, name: string};","type":"custom-code-block-javascript","depth":0,"inlineStyleRanges":[],"entityRanges":[],"data":{}},{"key":"daop","text":"  constructor(private activatedRoute: ActivatedRoute) { }","type":"custom-code-block-javascript","depth":0,"inlineStyleRanges":[],"entityRanges":[],"data":{}},{"key":"4n2fh","text":"  ngOnInit() {","type":"custom-code-block-javascript","depth":0,"inlineStyleRanges":[],"entityRanges":[],"data":{}},{"key":"72ct8","text":"    this.user = {","type":"custom-code-block-javascript","depth":0,"inlineStyleRanges":[],"entityRanges":[],"data":{}},{"key":"fhnh","text":"      id: this.activatedRoute.snapshot.params.id,","type":"custom-code-block-javascript","depth":0,"inlineStyleRanges":[],"entityRanges":[],"data":{}},{"key":"fnona","text":"      name: this.activatedRoute.snapshot.params.name","type":"custom-code-block-javascript","depth":0,"inlineStyleRanges":[],"entityRanges":[],"data":{}},{"key":"2eb47","text":"    }","type":"custom-code-block-javascript","depth":0,"inlineStyleRanges":[],"entityRanges":[],"data":{}},{"key":"1ivoc","text":"    this.activatedRoute.params.subscribe(","type":"custom-code-block-javascript","depth":0,"inlineStyleRanges":[{"offset":0,"length":41,"style":"BOLD"},{"offset":0,"length":41,"style":"ITALIC"}],"entityRanges":[],"data":{}},{"key":"clrl2","text":"      (params: Params) => { //here it will pass a new params","type":"custom-code-block-javascript","depth":0,"inlineStyleRanges":[{"offset":0,"length":60,"style":"BOLD"},{"offset":0,"length":60,"style":"ITALIC"}],"entityRanges":[],"data":{}},{"key":"ceuhl","text":"        this.user.id = params.id; //here you sign a new param to your property","type":"custom-code-block-javascript","depth":0,"inlineStyleRanges":[{"offset":0,"length":78,"style":"BOLD"},{"offset":0,"length":78,"style":"ITALIC"}],"entityRanges":[],"data":{}},{"key":"d5h2l","text":"        this.user.name = params.name;","type":"custom-code-block-javascript","depth":0,"inlineStyleRanges":[{"offset":0,"length":37,"style":"BOLD"},{"offset":0,"length":37,"style":"ITALIC"}],"entityRanges":[],"data":{}},{"key":"92aj","text":"      }","type":"custom-code-block-javascript","depth":0,"inlineStyleRanges":[{"offset":0,"length":7,"style":"BOLD"},{"offset":0,"length":7,"style":"ITALIC"}],"entityRanges":[],"data":{}},{"key":"845ih","text":"    )","type":"custom-code-block-javascript","depth":0,"inlineStyleRanges":[{"offset":0,"length":5,"style":"BOLD"},{"offset":0,"length":5,"style":"ITALIC"}],"entityRanges":[],"data":{}},{"key":"aa6kj","text":"  }","type":"custom-code-block-javascript","depth":0,"inlineStyleRanges":[],"entityRanges":[],"data":{}},{"key":"akkh0","text":"}","type":"custom-code-block-javascript","depth":0,"inlineStyleRanges":[],"entityRanges":[],"data":{}},{"key":"75o37","text":"","type":"unstyled","depth":0,"inlineStyleRanges":[],"entityRanges":[],"data":{}},{"key":"eapto","text":"","type":"unstyled","depth":0,"inlineStyleRanges":[],"entityRanges":[],"data":{}}],"entityMap":{}},"tags":[]}