{"_id":"HJlUC6rrG","title":"View Encapsulation","dateCreated":"2018-01-24T09:13:44.311Z","lastAccessed":"2018-03-12T22:18:35.542Z","lastUpdated":"2018-01-24T09:30:53.489Z","notebookId":"rySu93hVz","body":{"blocks":[{"key":"ag6qs","text":"View Encapsulation","type":"header-one","depth":0,"inlineStyleRanges":[],"entityRanges":[],"data":{}},{"key":"k41r","text":"1. Angular by default add diffrent attribut to each component. That's why you have to add particular style in your component css file and it won't affect other components styles. ","type":"unstyled","depth":0,"inlineStyleRanges":[{"offset":11,"length":10,"style":"BOLD"}],"entityRanges":[],"data":{}},{"key":"59kd9","text":"e.g.    _ngcontent-c2=\"\"","type":"unstyled","depth":0,"inlineStyleRanges":[],"entityRanges":[],"data":{}},{"key":"3gbes","text":"<div _ngcontent-c2=\"\" class=\"panel-heading\">Testserver</div>","type":"custom-code-block-html","depth":0,"inlineStyleRanges":[],"entityRanges":[],"data":{}},{"key":"bed2n","text":"","type":"unstyled","depth":0,"inlineStyleRanges":[],"entityRanges":[],"data":{}},{"key":"acqhd","text":"2. BUT you can change it and don't use that encapsulation approach:","type":"unstyled","depth":0,"inlineStyleRanges":[{"offset":3,"length":4,"style":"BOLD"}],"entityRanges":[],"data":{}},{"key":"e9ups","text":"    -> firstly import ViewEncapsulation","type":"unstyled","depth":0,"inlineStyleRanges":[],"entityRanges":[],"data":{}},{"key":"2ohil","text":"    -> encapsulation: ViewEncapsulation.None - it will disabled the angular encapsulation","type":"unstyled","depth":0,"inlineStyleRanges":[],"entityRanges":[],"data":{}},{"key":"bjcun","text":"    -> encapsulation: ViewEncapsulation.Emulated - this is the same as default - so it will add encapsulation","type":"unstyled","depth":0,"inlineStyleRanges":[],"entityRanges":[],"data":{}},{"key":"1bm5t","text":"    -> encapsulation: ViewEncapsulation.Native - it will use the browser shadow DOM technology (not supported in older browsers)","type":"unstyled","depth":0,"inlineStyleRanges":[],"entityRanges":[],"data":{}},{"key":"fjimd","text":"import { Component, OnInit, Input, /* import */ ViewEncapsulation } from '@angular/core';","type":"custom-code-block-javascript","depth":0,"inlineStyleRanges":[],"entityRanges":[],"data":{}},{"key":"9t2nl","text":"@Component({","type":"custom-code-block-javascript","depth":0,"inlineStyleRanges":[],"entityRanges":[],"data":{}},{"key":"20k0e","text":"  selector: 'app-server-element',","type":"custom-code-block-javascript","depth":0,"inlineStyleRanges":[],"entityRanges":[],"data":{}},{"key":"b4nb3","text":"  templateUrl: './server-element.component.html',","type":"custom-code-block-javascript","depth":0,"inlineStyleRanges":[],"entityRanges":[],"data":{}},{"key":"cg4f6","text":"  styleUrls: ['./server-element.component.css'],","type":"custom-code-block-javascript","depth":0,"inlineStyleRanges":[],"entityRanges":[],"data":{}},{"key":"84psv","text":"  encapsulation: ViewEncapsulation.None","type":"custom-code-block-javascript","depth":0,"inlineStyleRanges":[],"entityRanges":[],"data":{}},{"key":"44b2m","text":"})","type":"custom-code-block-javascript","depth":0,"inlineStyleRanges":[],"entityRanges":[],"data":{}},{"key":"2g87v","text":"export class ServerElementComponent implements OnInit {","type":"custom-code-block-javascript","depth":0,"inlineStyleRanges":[],"entityRanges":[],"data":{}},{"key":"77het","text":"  @Input('srvElement') element: {type: string, name: string, content: string};","type":"custom-code-block-javascript","depth":0,"inlineStyleRanges":[],"entityRanges":[],"data":{}},{"key":"1njh1","text":"  constructor() { }","type":"custom-code-block-javascript","depth":0,"inlineStyleRanges":[],"entityRanges":[],"data":{}},{"key":"esrat","text":"  ngOnInit() { }","type":"custom-code-block-javascript","depth":0,"inlineStyleRanges":[],"entityRanges":[],"data":{}},{"key":"d23tf","text":"}","type":"custom-code-block-javascript","depth":0,"inlineStyleRanges":[],"entityRanges":[],"data":{}},{"key":"1i4ku","text":"","type":"unstyled","depth":0,"inlineStyleRanges":[],"entityRanges":[],"data":{}},{"key":"890k1","text":"","type":"unstyled","depth":0,"inlineStyleRanges":[],"entityRanges":[],"data":{}},{"key":"f2nq0","text":"","type":"unstyled","depth":0,"inlineStyleRanges":[],"entityRanges":[],"data":{}},{"key":"vmb2","text":"","type":"unstyled","depth":0,"inlineStyleRanges":[],"entityRanges":[],"data":{}}],"entityMap":{}},"tags":[]}