{"_id":"HJnakNOPG","title":"Ngrx/effects","dateCreated":"2018-02-19T11:06:44.237Z","lastAccessed":"2018-03-12T22:18:35.708Z","lastUpdated":"2018-02-19T12:30:02.355Z","notebookId":"rySu93hVz","body":{"blocks":[{"key":"ag6qs","text":"Ngrx/effects","type":"header-one","depth":0,"inlineStyleRanges":[],"entityRanges":[],"data":{}},{"key":"66art","text":"-> Library - Side effect model for @ngrx/store - mainly asynchronous tasks","type":"unstyled","depth":0,"inlineStyleRanges":[{"offset":48,"length":26,"style":"BOLD"}],"entityRanges":[],"data":{}},{"key":"59kd9","text":"","type":"unstyled","depth":0,"inlineStyleRanges":[],"entityRanges":[],"data":{}},{"key":"9sf0j","text":"1. Install it:","type":"unstyled","depth":0,"inlineStyleRanges":[{"offset":0,"length":14,"style":"BOLD"}],"entityRanges":[],"data":{}},{"key":"1lmbm","text":"npm install @ngrx/effects --save","type":"custom-code-block-bash","depth":0,"inlineStyleRanges":[],"entityRanges":[],"data":{}},{"key":"b3sc2","text":"","type":"unstyled","depth":0,"inlineStyleRanges":[],"entityRanges":[],"data":{}},{"key":"cnu96","text":"2. Create a new file for e.g. auth.effects.ts:","type":"unstyled","depth":0,"inlineStyleRanges":[],"entityRanges":[],"data":{}},{"key":"huo5","text":"-> here only a basic setup","type":"unstyled","depth":0,"inlineStyleRanges":[],"entityRanges":[],"data":{}},{"key":"5384l","text":"import { Effect, Actions } from '@ngrx/effects';","type":"custom-code-block-javascript","depth":0,"inlineStyleRanges":[],"entityRanges":[],"data":{}},{"key":"fmdi2","text":"import { Injectable } from '@angular/core';","type":"custom-code-block-javascript","depth":0,"inlineStyleRanges":[],"entityRanges":[],"data":{}},{"key":"7ob2d","text":"","type":"custom-code-block-javascript","depth":0,"inlineStyleRanges":[],"entityRanges":[],"data":{}},{"key":"ch6a5","text":"@Injectable() // needed to inject actions","type":"custom-code-block-javascript","depth":0,"inlineStyleRanges":[],"entityRanges":[],"data":{}},{"key":"6gb2t","text":"export class AuthEffects {","type":"custom-code-block-javascript","depth":0,"inlineStyleRanges":[],"entityRanges":[],"data":{}},{"key":"1f920","text":"  @Effect() // it will register this property in the ngrx world and ngrx will be watching this property","type":"custom-code-block-javascript","depth":0,"inlineStyleRanges":[],"entityRanges":[],"data":{}},{"key":"co3cm","text":"  authSignup;","type":"custom-code-block-javascript","depth":0,"inlineStyleRanges":[],"entityRanges":[],"data":{}},{"key":"6l3bj","text":"","type":"custom-code-block-javascript","depth":0,"inlineStyleRanges":[],"entityRanges":[],"data":{}},{"key":"37nai","text":"  // ngrx effects package is able to automatically retrieve actions from the application state","type":"custom-code-block-javascript","depth":0,"inlineStyleRanges":[],"entityRanges":[],"data":{}},{"key":"3ssj1","text":"  // $ this sign inform Angular that it is Observable","type":"custom-code-block-javascript","depth":0,"inlineStyleRanges":[],"entityRanges":[],"data":{}},{"key":"4jbgq","text":"  constructor(private actions$: Actions) {}","type":"custom-code-block-javascript","depth":0,"inlineStyleRanges":[],"entityRanges":[],"data":{}},{"key":"cgaup","text":"}","type":"custom-code-block-javascript","depth":0,"inlineStyleRanges":[],"entityRanges":[],"data":{}},{"key":"9g7bu","text":"","type":"unstyled","depth":0,"inlineStyleRanges":[],"entityRanges":[],"data":{}},{"key":"3crd2","text":"3. Register it in app.module.ts:","type":"unstyled","depth":0,"inlineStyleRanges":[],"entityRanges":[],"data":{}},{"key":"e55rn","text":"import { BrowserModule } from '@angular/platform-browser';","type":"custom-code-block-javascript","depth":0,"inlineStyleRanges":[],"entityRanges":[],"data":{}},{"key":"9jgk2","text":"import { NgModule } from '@angular/core';","type":"custom-code-block-javascript","depth":0,"inlineStyleRanges":[],"entityRanges":[],"data":{}},{"key":"ceq52","text":"import { HttpClientModule } from '@angular/common/http';","type":"custom-code-block-javascript","depth":0,"inlineStyleRanges":[],"entityRanges":[],"data":{}},{"key":"dokp8","text":"import { StoreModule } from '@ngrx/store';","type":"custom-code-block-javascript","depth":0,"inlineStyleRanges":[],"entityRanges":[],"data":{}},{"key":"4keug","text":"","type":"custom-code-block-javascript","depth":0,"inlineStyleRanges":[],"entityRanges":[],"data":{}},{"key":"1oikj","text":"import { AppComponent } from './app.component';","type":"custom-code-block-javascript","depth":0,"inlineStyleRanges":[],"entityRanges":[],"data":{}},{"key":"5vo5h","text":"import { CoreModule } from './core/core.module';","type":"custom-code-block-javascript","depth":0,"inlineStyleRanges":[],"entityRanges":[],"data":{}},{"key":"6vrmr","text":"","type":"custom-code-block-javascript","depth":0,"inlineStyleRanges":[],"entityRanges":[],"data":{}},{"key":"8hcpe","text":"import { AppRoutingModule } from './app-routing.module';","type":"custom-code-block-javascript","depth":0,"inlineStyleRanges":[],"entityRanges":[],"data":{}},{"key":"mt0j","text":"import { ReactiveFormsModule } from '@angular/forms';","type":"custom-code-block-javascript","depth":0,"inlineStyleRanges":[],"entityRanges":[],"data":{}},{"key":"2qpbc","text":"import { SharedModule } from './shared/shared.module';","type":"custom-code-block-javascript","depth":0,"inlineStyleRanges":[],"entityRanges":[],"data":{}},{"key":"ce4hm","text":"import { ShoppingListModule } from './shopping-list/shopping-list.module';","type":"custom-code-block-javascript","depth":0,"inlineStyleRanges":[],"entityRanges":[],"data":{}},{"key":"19seb","text":"import { AuthModule } from './auth/auth.module';","type":"custom-code-block-javascript","depth":0,"inlineStyleRanges":[],"entityRanges":[],"data":{}},{"key":"81qgj","text":"import { reducers } from './store/app.reducers';","type":"custom-code-block-javascript","depth":0,"inlineStyleRanges":[],"entityRanges":[],"data":{}},{"key":"3j99a","text":"import { EffectsModule } from '@ngrx/effects';","type":"custom-code-block-javascript","depth":0,"inlineStyleRanges":[{"offset":0,"length":46,"style":"BOLD"},{"offset":0,"length":46,"style":"ITALIC"}],"entityRanges":[],"data":{}},{"key":"9lka0","text":"import { AuthEffects } from './auth/store/auth.effects';","type":"custom-code-block-javascript","depth":0,"inlineStyleRanges":[{"offset":0,"length":56,"style":"BOLD"},{"offset":0,"length":56,"style":"ITALIC"}],"entityRanges":[],"data":{}},{"key":"d7ksl","text":"","type":"custom-code-block-javascript","depth":0,"inlineStyleRanges":[],"entityRanges":[],"data":{}},{"key":"4qsej","text":"@NgModule({","type":"custom-code-block-javascript","depth":0,"inlineStyleRanges":[],"entityRanges":[],"data":{}},{"key":"biiib","text":"  declarations: [","type":"custom-code-block-javascript","depth":0,"inlineStyleRanges":[],"entityRanges":[],"data":{}},{"key":"4jtjc","text":"    AppComponent","type":"custom-code-block-javascript","depth":0,"inlineStyleRanges":[],"entityRanges":[],"data":{}},{"key":"ejn7b","text":"  ],","type":"custom-code-block-javascript","depth":0,"inlineStyleRanges":[],"entityRanges":[],"data":{}},{"key":"74srq","text":"  imports: [","type":"custom-code-block-javascript","depth":0,"inlineStyleRanges":[],"entityRanges":[],"data":{}},{"key":"668fv","text":"    BrowserModule,","type":"custom-code-block-javascript","depth":0,"inlineStyleRanges":[],"entityRanges":[],"data":{}},{"key":"fg27v","text":"    HttpClientModule,","type":"custom-code-block-javascript","depth":0,"inlineStyleRanges":[],"entityRanges":[],"data":{}},{"key":"c8ihl","text":"    AppRoutingModule,","type":"custom-code-block-javascript","depth":0,"inlineStyleRanges":[],"entityRanges":[],"data":{}},{"key":"5thip","text":"    SharedModule,","type":"custom-code-block-javascript","depth":0,"inlineStyleRanges":[],"entityRanges":[],"data":{}},{"key":"5odqk","text":"    ShoppingListModule,","type":"custom-code-block-javascript","depth":0,"inlineStyleRanges":[],"entityRanges":[],"data":{}},{"key":"8viak","text":"    AuthModule,","type":"custom-code-block-javascript","depth":0,"inlineStyleRanges":[],"entityRanges":[],"data":{}},{"key":"16qq4","text":"    CoreModule,","type":"custom-code-block-javascript","depth":0,"inlineStyleRanges":[],"entityRanges":[],"data":{}},{"key":"1aoku","text":"    StoreModule.forRoot(reducers),","type":"custom-code-block-javascript","depth":0,"inlineStyleRanges":[],"entityRanges":[],"data":{}},{"key":"a9pc9","text":"    EffectsModule.forRoot([AuthEffects])","type":"custom-code-block-javascript","depth":0,"inlineStyleRanges":[{"offset":0,"length":40,"style":"BOLD"},{"offset":0,"length":40,"style":"ITALIC"}],"entityRanges":[],"data":{}},{"key":"du6p0","text":"  ],","type":"custom-code-block-javascript","depth":0,"inlineStyleRanges":[],"entityRanges":[],"data":{}},{"key":"fbfn5","text":"  bootstrap: [AppComponent]","type":"custom-code-block-javascript","depth":0,"inlineStyleRanges":[],"entityRanges":[],"data":{}},{"key":"ai6f1","text":"})","type":"custom-code-block-javascript","depth":0,"inlineStyleRanges":[],"entityRanges":[],"data":{}},{"key":"2gaud","text":"export class AppModule { }","type":"custom-code-block-javascript","depth":0,"inlineStyleRanges":[],"entityRanges":[],"data":{}},{"key":"2l9pb","text":"","type":"custom-code-block-javascript","depth":0,"inlineStyleRanges":[],"entityRanges":[],"data":{}},{"key":"are41","text":"","type":"unstyled","depth":0,"inlineStyleRanges":[],"entityRanges":[],"data":{}},{"key":"36u86","text":"4. Configure your effects to work with a particular actions:","type":"unstyled","depth":0,"inlineStyleRanges":[],"entityRanges":[],"data":{}},{"key":"961gd","text":"-> firstly add an action that fix your effect:","type":"unstyled","depth":0,"inlineStyleRanges":[],"entityRanges":[],"data":{}},{"key":"4e5qf","text":"export class TrySignup implements Action {","type":"custom-code-block-javascript","depth":0,"inlineStyleRanges":[],"entityRanges":[],"data":{}},{"key":"3i9cv","text":"  readonly type = TRY_SIGNUP;","type":"custom-code-block-javascript","depth":0,"inlineStyleRanges":[],"entityRanges":[],"data":{}},{"key":"72ev4","text":"  constructor(public payload: {username: string, password: string});","type":"custom-code-block-javascript","depth":0,"inlineStyleRanges":[],"entityRanges":[],"data":{}},{"key":"cakuq","text":"}","type":"custom-code-block-javascript","depth":0,"inlineStyleRanges":[],"entityRanges":[],"data":{}},{"key":"1m8dv","text":"","type":"unstyled","depth":0,"inlineStyleRanges":[],"entityRanges":[],"data":{}},{"key":"2pkrj","text":"-> next configure your effect:","type":"unstyled","depth":0,"inlineStyleRanges":[],"entityRanges":[],"data":{}},{"key":"akmbf","text":"import { Effect, Actions } from '@ngrx/effects';","type":"custom-code-block-javascript","depth":0,"inlineStyleRanges":[],"entityRanges":[],"data":{}},{"key":"ve9p","text":"import { Injectable } from '@angular/core';","type":"custom-code-block-javascript","depth":0,"inlineStyleRanges":[],"entityRanges":[],"data":{}},{"key":"bjb3k","text":"import * as AuthActions from './auth.actions';","type":"custom-code-block-javascript","depth":0,"inlineStyleRanges":[],"entityRanges":[],"data":{}},{"key":"7qquu","text":"","type":"custom-code-block-javascript","depth":0,"inlineStyleRanges":[],"entityRanges":[],"data":{}},{"key":"brra0","text":"@Injectable() // needed to inject actions","type":"custom-code-block-javascript","depth":0,"inlineStyleRanges":[],"entityRanges":[],"data":{}},{"key":"dj6mu","text":"export class AuthEffects {","type":"custom-code-block-javascript","depth":0,"inlineStyleRanges":[],"entityRanges":[],"data":{}},{"key":"1bdl6","text":"  @Effect() // it will register this property in the ngrx world and ngrx will be watching this property","type":"custom-code-block-javascript","depth":0,"inlineStyleRanges":[],"entityRanges":[],"data":{}},{"key":"e4d6v","text":"","type":"custom-code-block-javascript","depth":0,"inlineStyleRanges":[],"entityRanges":[],"data":{}},{"key":"5v44f","text":"  // to this property (which is marked by @Effect() decorator like) we will sign a value","type":"custom-code-block-javascript","depth":0,"inlineStyleRanges":[],"entityRanges":[],"data":{}},{"key":"7tdqp","text":"  // there we can watch on particular action to occur","type":"custom-code-block-javascript","depth":0,"inlineStyleRanges":[],"entityRanges":[],"data":{}},{"key":"7ol1f","text":"  // ofType - allows as check if the action that occure is of special type","type":"custom-code-block-javascript","depth":0,"inlineStyleRanges":[],"entityRanges":[],"data":{}},{"key":"b02o2","text":"  authSignup = this.actions$.ofType(AuthActions.TRY_SIGNUP);","type":"custom-code-block-javascript","depth":0,"inlineStyleRanges":[],"entityRanges":[],"data":{}},{"key":"actql","text":"","type":"custom-code-block-javascript","depth":0,"inlineStyleRanges":[],"entityRanges":[],"data":{}},{"key":"8jir0","text":"  // ngrx effects package is able to automatically retrieve actions from the application state","type":"custom-code-block-javascript","depth":0,"inlineStyleRanges":[],"entityRanges":[],"data":{}},{"key":"74du2","text":"  // $ this sign inform Angular that it is Observable","type":"custom-code-block-javascript","depth":0,"inlineStyleRanges":[],"entityRanges":[],"data":{}},{"key":"645qn","text":"  // $ the actions$ property has all actions from our whole app","type":"custom-code-block-javascript","depth":0,"inlineStyleRanges":[],"entityRanges":[],"data":{}},{"key":"73dk9","text":"  constructor(private actions$: Actions) {}","type":"custom-code-block-javascript","depth":0,"inlineStyleRanges":[],"entityRanges":[],"data":{}},{"key":"ebo69","text":"}","type":"custom-code-block-javascript","depth":0,"inlineStyleRanges":[],"entityRanges":[],"data":{}},{"key":"f87tm","text":"","type":"unstyled","depth":0,"inlineStyleRanges":[],"entityRanges":[],"data":{}},{"key":"3g4fj","text":"-> then dispatch this action somewhere in your app -> your ngrx effect is listening for it:","type":"unstyled","depth":0,"inlineStyleRanges":[],"entityRanges":[],"data":{}},{"key":"amkbc","text":"import { Component, OnInit } from '@angular/core';","type":"custom-code-block-javascript","depth":0,"inlineStyleRanges":[],"entityRanges":[],"data":{}},{"key":"672bs","text":"import { NgForm } from '@angular/forms';","type":"custom-code-block-javascript","depth":0,"inlineStyleRanges":[],"entityRanges":[],"data":{}},{"key":"74mli","text":"import { Store } from '@ngrx/store';","type":"custom-code-block-javascript","depth":0,"inlineStyleRanges":[{"offset":0,"length":36,"style":"BOLD"},{"offset":0,"length":36,"style":"ITALIC"}],"entityRanges":[],"data":{}},{"key":"enrn6","text":"import * as AuthActions from '../store/auth.actions';","type":"custom-code-block-javascript","depth":0,"inlineStyleRanges":[{"offset":0,"length":53,"style":"BOLD"},{"offset":0,"length":53,"style":"ITALIC"}],"entityRanges":[],"data":{}},{"key":"9nfpm","text":"import * as fromApp from '../../store/app.reducers';","type":"custom-code-block-javascript","depth":0,"inlineStyleRanges":[{"offset":0,"length":52,"style":"BOLD"},{"offset":0,"length":52,"style":"ITALIC"}],"entityRanges":[],"data":{}},{"key":"d02lv","text":"","type":"custom-code-block-javascript","depth":0,"inlineStyleRanges":[],"entityRanges":[],"data":{}},{"key":"1t4fi","text":"@Component({","type":"custom-code-block-javascript","depth":0,"inlineStyleRanges":[],"entityRanges":[],"data":{}},{"key":"da33s","text":"  selector: 'app-signup',","type":"custom-code-block-javascript","depth":0,"inlineStyleRanges":[],"entityRanges":[],"data":{}},{"key":"13vp2","text":"  templateUrl: './signup.component.html',","type":"custom-code-block-javascript","depth":0,"inlineStyleRanges":[],"entityRanges":[],"data":{}},{"key":"2turp","text":"  styleUrls: ['./signup.component.css']","type":"custom-code-block-javascript","depth":0,"inlineStyleRanges":[],"entityRanges":[],"data":{}},{"key":"4ahou","text":"})","type":"custom-code-block-javascript","depth":0,"inlineStyleRanges":[],"entityRanges":[],"data":{}},{"key":"feko4","text":"export class SignupComponent implements OnInit {","type":"custom-code-block-javascript","depth":0,"inlineStyleRanges":[],"entityRanges":[],"data":{}},{"key":"cl94s","text":"  constructor(private store: Store<fromApp.AppState>) { }","type":"custom-code-block-javascript","depth":0,"inlineStyleRanges":[{"offset":14,"length":38,"style":"BOLD"},{"offset":14,"length":38,"style":"ITALIC"}],"entityRanges":[],"data":{}},{"key":"cphu5","text":"","type":"custom-code-block-javascript","depth":0,"inlineStyleRanges":[],"entityRanges":[],"data":{}},{"key":"88bu2","text":"  ngOnInit() {","type":"custom-code-block-javascript","depth":0,"inlineStyleRanges":[],"entityRanges":[],"data":{}},{"key":"aa4k6","text":"  }","type":"custom-code-block-javascript","depth":0,"inlineStyleRanges":[],"entityRanges":[],"data":{}},{"key":"62r5c","text":"  onSignup(form: NgForm) {","type":"custom-code-block-javascript","depth":0,"inlineStyleRanges":[],"entityRanges":[],"data":{}},{"key":"kon7","text":"    const email = form.value.email;","type":"custom-code-block-javascript","depth":0,"inlineStyleRanges":[],"entityRanges":[],"data":{}},{"key":"8bc22","text":"    const password = form.value.password;","type":"custom-code-block-javascript","depth":0,"inlineStyleRanges":[],"entityRanges":[],"data":{}},{"key":"334va","text":"    this.store.dispatch(new AuthActions.TrySignup({username: email, password: password}));","type":"custom-code-block-javascript","depth":0,"inlineStyleRanges":[{"offset":1,"length":89,"style":"BOLD"},{"offset":1,"length":89,"style":"ITALIC"}],"entityRanges":[],"data":{}},{"key":"1nb0e","text":"  }","type":"custom-code-block-javascript","depth":0,"inlineStyleRanges":[],"entityRanges":[],"data":{}},{"key":"d55i4","text":"}","type":"custom-code-block-javascript","depth":0,"inlineStyleRanges":[],"entityRanges":[],"data":{}},{"key":"eg79d","text":"","type":"unstyled","depth":0,"inlineStyleRanges":[],"entityRanges":[],"data":{}},{"key":"4urkm","text":"5. Example how you can operate your data using rxjs operators:","type":"unstyled","depth":0,"inlineStyleRanges":[],"entityRanges":[],"data":{}},{"key":"a71uf","text":"-> at the end of your effects chain you typically dispatch a new effect","type":"unstyled","depth":0,"inlineStyleRanges":[{"offset":0,"length":71,"style":"BOLD"}],"entityRanges":[],"data":{}},{"key":"9mvee","text":"if you don't do this add configuration to @Effect({ dispatch: false }) and then you can't return anything","type":"unstyled","depth":0,"inlineStyleRanges":[{"offset":0,"length":105,"style":"BOLD"}],"entityRanges":[],"data":{}},{"key":"511iu","text":"-> return one action with map operator or multiple actions with mergeMap oparator","type":"unstyled","depth":0,"inlineStyleRanges":[{"offset":0,"length":81,"style":"BOLD"}],"entityRanges":[],"data":{}},{"key":"p2as","text":"import { Effect, Actions } from '@ngrx/effects';","type":"custom-code-block-javascript","depth":0,"inlineStyleRanges":[{"offset":0,"length":48,"style":"BOLD"}],"entityRanges":[],"data":{}},{"key":"43rge","text":"import { Injectable } from '@angular/core';","type":"custom-code-block-javascript","depth":0,"inlineStyleRanges":[{"offset":0,"length":43,"style":"BOLD"}],"entityRanges":[],"data":{}},{"key":"fs3ta","text":"import * as AuthActions from './auth.actions';","type":"custom-code-block-javascript","depth":0,"inlineStyleRanges":[{"offset":0,"length":46,"style":"BOLD"}],"entityRanges":[],"data":{}},{"key":"7n1gg","text":"import 'rxjs/add/oparator/map';","type":"custom-code-block-javascript","depth":0,"inlineStyleRanges":[{"offset":0,"length":31,"style":"BOLD"}],"entityRanges":[],"data":{}},{"key":"741fk","text":"import 'rxjs/add/oparator/switchMap';","type":"custom-code-block-javascript","depth":0,"inlineStyleRanges":[{"offset":0,"length":37,"style":"BOLD"}],"entityRanges":[],"data":{}},{"key":"a0g8c","text":"import 'rxjs/add/oparator/mergeMap';","type":"custom-code-block-javascript","depth":0,"inlineStyleRanges":[{"offset":0,"length":36,"style":"BOLD"}],"entityRanges":[],"data":{}},{"key":"2r2qr","text":"import { fromPromise } from 'rxjs/observable/fromPromise'; // it allows to convert Promise into Observable","type":"custom-code-block-javascript","depth":0,"inlineStyleRanges":[{"offset":0,"length":106,"style":"BOLD"}],"entityRanges":[],"data":{}},{"key":"b0fok","text":"import * as firebase from 'firebase';","type":"custom-code-block-javascript","depth":0,"inlineStyleRanges":[{"offset":0,"length":37,"style":"BOLD"}],"entityRanges":[],"data":{}},{"key":"87pu9","text":"","type":"custom-code-block-javascript","depth":0,"inlineStyleRanges":[],"entityRanges":[],"data":{}},{"key":"2v06j","text":"@Injectable() // needed to inject actions","type":"custom-code-block-javascript","depth":0,"inlineStyleRanges":[{"offset":0,"length":41,"style":"BOLD"}],"entityRanges":[],"data":{}},{"key":"dvhhs","text":"export class AuthEffects {","type":"custom-code-block-javascript","depth":0,"inlineStyleRanges":[{"offset":0,"length":26,"style":"BOLD"}],"entityRanges":[],"data":{}},{"key":"4p3mu","text":"  // it expects to get observable","type":"custom-code-block-javascript","depth":0,"inlineStyleRanges":[{"offset":0,"length":33,"style":"BOLD"}],"entityRanges":[],"data":{}},{"key":"5q47o","text":"  @Effect() // it will register this property in the ngrx world and ngrx will be watching this property","type":"custom-code-block-javascript","depth":0,"inlineStyleRanges":[{"offset":0,"length":103,"style":"BOLD"}],"entityRanges":[],"data":{}},{"key":"am9v7","text":"","type":"custom-code-block-javascript","depth":0,"inlineStyleRanges":[],"entityRanges":[],"data":{}},{"key":"9pgm2","text":"  // to this property (which is marked by @Effect() decorator like) we will sign a value","type":"custom-code-block-javascript","depth":0,"inlineStyleRanges":[{"offset":0,"length":88,"style":"BOLD"}],"entityRanges":[],"data":{}},{"key":"33e1g","text":"  // there we can watch on particular action to occur","type":"custom-code-block-javascript","depth":0,"inlineStyleRanges":[{"offset":0,"length":53,"style":"BOLD"}],"entityRanges":[],"data":{}},{"key":"ae5h","text":"  // ofType - allows as check if the action that occure is of special type","type":"custom-code-block-javascript","depth":0,"inlineStyleRanges":[{"offset":0,"length":74,"style":"BOLD"}],"entityRanges":[],"data":{}},{"key":"9k3uk","text":"  authSignup = this.actions$.ofType(AuthActions.TRY_SIGNUP)","type":"custom-code-block-javascript","depth":0,"inlineStyleRanges":[{"offset":0,"length":59,"style":"BOLD"}],"entityRanges":[],"data":{}},{"key":"5eufp","text":"  .map((action: AuthActions.TrySignup) => {","type":"custom-code-block-javascript","depth":0,"inlineStyleRanges":[{"offset":0,"length":43,"style":"BOLD"}],"entityRanges":[],"data":{}},{"key":"8oqbk","text":"    return action.payload;","type":"custom-code-block-javascript","depth":0,"inlineStyleRanges":[{"offset":0,"length":26,"style":"BOLD"}],"entityRanges":[],"data":{}},{"key":"en43k","text":"  })","type":"custom-code-block-javascript","depth":0,"inlineStyleRanges":[{"offset":0,"length":4,"style":"BOLD"}],"entityRanges":[],"data":{}},{"key":"631ho","text":"  .switchMap((authData: {username: string, password: string}) => {","type":"custom-code-block-javascript","depth":0,"inlineStyleRanges":[{"offset":0,"length":66,"style":"BOLD"}],"entityRanges":[],"data":{}},{"key":"7g7j9","text":"    return fromPromise(firebase.auth().createUserWithEmailAndPassword(","type":"custom-code-block-javascript","depth":0,"inlineStyleRanges":[{"offset":0,"length":70,"style":"BOLD"}],"entityRanges":[],"data":{}},{"key":"5tcgr","text":"      authData.username,","type":"custom-code-block-javascript","depth":0,"inlineStyleRanges":[{"offset":0,"length":24,"style":"BOLD"}],"entityRanges":[],"data":{}},{"key":"38qj1","text":"      authData.password","type":"custom-code-block-javascript","depth":0,"inlineStyleRanges":[{"offset":0,"length":23,"style":"BOLD"}],"entityRanges":[],"data":{}},{"key":"331ti","text":"    ));","type":"custom-code-block-javascript","depth":0,"inlineStyleRanges":[{"offset":0,"length":7,"style":"BOLD"}],"entityRanges":[],"data":{}},{"key":"2hu08","text":"  })","type":"custom-code-block-javascript","depth":0,"inlineStyleRanges":[{"offset":0,"length":4,"style":"BOLD"}],"entityRanges":[],"data":{}},{"key":"3m988","text":"  .switchMap(() => {","type":"custom-code-block-javascript","depth":0,"inlineStyleRanges":[{"offset":0,"length":20,"style":"BOLD"}],"entityRanges":[],"data":{}},{"key":"4frtu","text":"    return fromPromise(firebase.auth().currentUser.getIdToken());","type":"custom-code-block-javascript","depth":0,"inlineStyleRanges":[{"offset":0,"length":65,"style":"BOLD"}],"entityRanges":[],"data":{}},{"key":"e790p","text":"  })","type":"custom-code-block-javascript","depth":0,"inlineStyleRanges":[{"offset":0,"length":4,"style":"BOLD"}],"entityRanges":[],"data":{}},{"key":"4eaag","text":"  .mergeMap((token: string) => {","type":"custom-code-block-javascript","depth":0,"inlineStyleRanges":[{"offset":0,"length":32,"style":"BOLD"}],"entityRanges":[],"data":{}},{"key":"3fk4k","text":"    return [","type":"custom-code-block-javascript","depth":0,"inlineStyleRanges":[{"offset":0,"length":12,"style":"BOLD"}],"entityRanges":[],"data":{}},{"key":"ekngd","text":"      {","type":"custom-code-block-javascript","depth":0,"inlineStyleRanges":[{"offset":0,"length":7,"style":"BOLD"}],"entityRanges":[],"data":{}},{"key":"6s0gh","text":"        type: AuthActions.SIGNUP","type":"custom-code-block-javascript","depth":0,"inlineStyleRanges":[{"offset":0,"length":32,"style":"BOLD"}],"entityRanges":[],"data":{}},{"key":"d2nme","text":"      },","type":"custom-code-block-javascript","depth":0,"inlineStyleRanges":[{"offset":0,"length":8,"style":"BOLD"}],"entityRanges":[],"data":{}},{"key":"82ipl","text":"      {","type":"custom-code-block-javascript","depth":0,"inlineStyleRanges":[{"offset":0,"length":7,"style":"BOLD"}],"entityRanges":[],"data":{}},{"key":"c7fgn","text":"        // you have to use these names type, payload beacouse ngrx will handle it next","type":"custom-code-block-javascript","depth":0,"inlineStyleRanges":[{"offset":0,"length":86,"style":"BOLD"}],"entityRanges":[],"data":{}},{"key":"6us2u","text":"        type: AuthActions.SET_TOKEN,","type":"custom-code-block-javascript","depth":0,"inlineStyleRanges":[{"offset":0,"length":36,"style":"BOLD"}],"entityRanges":[],"data":{}},{"key":"fmrjt","text":"        payload: token","type":"custom-code-block-javascript","depth":0,"inlineStyleRanges":[{"offset":0,"length":22,"style":"BOLD"}],"entityRanges":[],"data":{}},{"key":"hlmj","text":"      }","type":"custom-code-block-javascript","depth":0,"inlineStyleRanges":[{"offset":0,"length":7,"style":"BOLD"}],"entityRanges":[],"data":{}},{"key":"fonpg","text":"    ];","type":"custom-code-block-javascript","depth":0,"inlineStyleRanges":[{"offset":0,"length":6,"style":"BOLD"}],"entityRanges":[],"data":{}},{"key":"fkles","text":"  });","type":"custom-code-block-javascript","depth":0,"inlineStyleRanges":[{"offset":0,"length":5,"style":"BOLD"}],"entityRanges":[],"data":{}},{"key":"f0v3v","text":"","type":"custom-code-block-javascript","depth":0,"inlineStyleRanges":[],"entityRanges":[],"data":{}},{"key":"fv3dv","text":"  // ngrx effects package is able to automatically retrieve actions from the application state","type":"custom-code-block-javascript","depth":0,"inlineStyleRanges":[{"offset":0,"length":94,"style":"BOLD"}],"entityRanges":[],"data":{}},{"key":"e22hs","text":"  // $ this sign inform Angular that it is Observable","type":"custom-code-block-javascript","depth":0,"inlineStyleRanges":[{"offset":0,"length":53,"style":"BOLD"}],"entityRanges":[],"data":{}},{"key":"4n9f0","text":"  // $ the actions$ property has all actions from our whole app","type":"custom-code-block-javascript","depth":0,"inlineStyleRanges":[{"offset":0,"length":63,"style":"BOLD"}],"entityRanges":[],"data":{}},{"key":"7lnhl","text":"  constructor(private actions$: Actions) {}","type":"custom-code-block-javascript","depth":0,"inlineStyleRanges":[{"offset":0,"length":43,"style":"BOLD"}],"entityRanges":[],"data":{}},{"key":"5uqk9","text":"}","type":"custom-code-block-javascript","depth":0,"inlineStyleRanges":[{"offset":0,"length":1,"style":"BOLD"}],"entityRanges":[],"data":{}},{"key":"eqqvo","text":"","type":"unstyled","depth":0,"inlineStyleRanges":[],"entityRanges":[],"data":{}},{"key":"9id0p","text":"","type":"unstyled","depth":0,"inlineStyleRanges":[],"entityRanges":[],"data":{}},{"key":"8vpr6","text":"","type":"unstyled","depth":0,"inlineStyleRanges":[],"entityRanges":[],"data":{}},{"key":"1815q","text":"","type":"unstyled","depth":0,"inlineStyleRanges":[],"entityRanges":[],"data":{}},{"key":"3iers","text":"","type":"unstyled","depth":0,"inlineStyleRanges":[],"entityRanges":[],"data":{}},{"key":"kt1n","text":"","type":"unstyled","depth":0,"inlineStyleRanges":[],"entityRanges":[],"data":{}},{"key":"el94j","text":"","type":"unstyled","depth":0,"inlineStyleRanges":[],"entityRanges":[],"data":{}},{"key":"fmcjq","text":"","type":"unstyled","depth":0,"inlineStyleRanges":[],"entityRanges":[],"data":{}}],"entityMap":{}},"tags":[]}