{"_id":"HkG9IucBz","title":"SAMPLE DIRECTIVE USAGE","dateCreated":"2018-01-27T22:00:41.551Z","lastAccessed":"2018-03-12T22:18:38.284Z","lastUpdated":"2018-01-27T22:07:27.834Z","notebookId":"rySu93hVz","body":{"blocks":[{"key":"ag6qs","text":"SAMPLE DIRECTIVE USAGE","type":"header-one","depth":0,"inlineStyleRanges":[],"entityRanges":[],"data":{}},{"key":"59kd9","text":"1. To open dropdown from bootstrap we can create our directive (when we click on element we'll add or remove open class)","type":"unstyled","depth":0,"inlineStyleRanges":[],"entityRanges":[],"data":{}},{"key":"973re","text":"","type":"unstyled","depth":0,"inlineStyleRanges":[],"entityRanges":[],"data":{}},{"key":"1no38","text":"-> create a new directive ng g d shared/dropdown","type":"unstyled","depth":0,"inlineStyleRanges":[],"entityRanges":[],"data":{}},{"key":"7vig7","text":"","type":"unstyled","depth":0,"inlineStyleRanges":[],"entityRanges":[],"data":{}},{"key":"eukbt","text":"import { Directive, ElementRef, Renderer2, HostListener, HostBinding } from '@angular/core';","type":"custom-code-block-javascript","depth":0,"inlineStyleRanges":[],"entityRanges":[],"data":{}},{"key":"jvlt","text":"","type":"custom-code-block-javascript","depth":0,"inlineStyleRanges":[],"entityRanges":[],"data":{}},{"key":"8sokb","text":"@Directive({","type":"custom-code-block-javascript","depth":0,"inlineStyleRanges":[],"entityRanges":[],"data":{}},{"key":"90ctm","text":"  selector: '[appDropdown]'","type":"custom-code-block-javascript","depth":0,"inlineStyleRanges":[],"entityRanges":[],"data":{}},{"key":"5bmf1","text":"})","type":"custom-code-block-javascript","depth":0,"inlineStyleRanges":[],"entityRanges":[],"data":{}},{"key":"eg5as","text":"export class DropdownDirective {","type":"custom-code-block-javascript","depth":0,"inlineStyleRanges":[],"entityRanges":[],"data":{}},{"key":"agbcv","text":"  constructor(private elemReference: ElementRef, private renderer: Renderer2) { }","type":"custom-code-block-javascript","depth":0,"inlineStyleRanges":[],"entityRanges":[],"data":{}},{"key":"7c52m","text":"","type":"custom-code-block-javascript","depth":0,"inlineStyleRanges":[],"entityRanges":[],"data":{}},{"key":"8dac8","text":"  @HostBinding('class.open') isOpen: boolean = false;","type":"custom-code-block-javascript","depth":0,"inlineStyleRanges":[],"entityRanges":[],"data":{}},{"key":"6s3pf","text":"  //here we are binding our class open -> it will be added when isOpen will be true","type":"custom-code-block-javascript","depth":0,"inlineStyleRanges":[],"entityRanges":[],"data":{}},{"key":"92jb6","text":"","type":"custom-code-block-javascript","depth":0,"inlineStyleRanges":[],"entityRanges":[],"data":{}},{"key":"5fohp","text":"  @HostListener('click') toggleOpen(event: Event) {//when click event occurs we'll toggle open class","type":"custom-code-block-javascript","depth":0,"inlineStyleRanges":[],"entityRanges":[],"data":{}},{"key":"147o8","text":"    this.isOpen = !this.isOpen;","type":"custom-code-block-javascript","depth":0,"inlineStyleRanges":[],"entityRanges":[],"data":{}},{"key":"7dl30","text":"  }","type":"custom-code-block-javascript","depth":0,"inlineStyleRanges":[],"entityRanges":[],"data":{}},{"key":"8lm0i","text":"}","type":"custom-code-block-javascript","depth":0,"inlineStyleRanges":[],"entityRanges":[],"data":{}},{"key":"anfjc","text":"","type":"unstyled","depth":0,"inlineStyleRanges":[],"entityRanges":[],"data":{}},{"key":"4hmqo","text":"2. Now we can use it in our app:","type":"unstyled","depth":0,"inlineStyleRanges":[],"entityRanges":[],"data":{}},{"key":"9olgr","text":"<li appDropdown class=\"dropdown\">","type":"custom-code-block-html","depth":0,"inlineStyleRanges":[{"offset":4,"length":11,"style":"BOLD"},{"offset":4,"length":11,"style":"ITALIC"}],"entityRanges":[],"data":{}},{"key":"cflj8","text":"      <a href=\"#\" class=\"dropdown-toggle\" data-toggle=\"dropdown\" role=\"button\" aria-haspopup=\"true\" aria-expanded=\"false\">Manage<span class=\"caret\"></span></a>","type":"custom-code-block-html","depth":0,"inlineStyleRanges":[],"entityRanges":[],"data":{}},{"key":"e19nb","text":"      <ul class=\"dropdown-menu\">","type":"custom-code-block-html","depth":0,"inlineStyleRanges":[],"entityRanges":[],"data":{}},{"key":"25bbs","text":"        <li><a href=\"#\">Action</a></li>","type":"custom-code-block-html","depth":0,"inlineStyleRanges":[],"entityRanges":[],"data":{}},{"key":"8l0bp","text":"        <li><a href=\"#\">Another action</a></li>","type":"custom-code-block-html","depth":0,"inlineStyleRanges":[],"entityRanges":[],"data":{}},{"key":"frgaq","text":"        <li><a href=\"#\">Something else here</a></li>","type":"custom-code-block-html","depth":0,"inlineStyleRanges":[],"entityRanges":[],"data":{}},{"key":"epalf","text":"        <li role=\"separator\" class=\"divider\"></li>","type":"custom-code-block-html","depth":0,"inlineStyleRanges":[],"entityRanges":[],"data":{}},{"key":"4h249","text":"        <li class=\"dropdown-header\">Nav header</li>","type":"custom-code-block-html","depth":0,"inlineStyleRanges":[],"entityRanges":[],"data":{}},{"key":"9ims7","text":"        <li><a href=\"#\">Separated link</a></li>","type":"custom-code-block-html","depth":0,"inlineStyleRanges":[],"entityRanges":[],"data":{}},{"key":"7k35u","text":"        <li><a href=\"#\">One more separated link</a></li>","type":"custom-code-block-html","depth":0,"inlineStyleRanges":[],"entityRanges":[],"data":{}},{"key":"9ekgk","text":"      </ul>","type":"custom-code-block-html","depth":0,"inlineStyleRanges":[],"entityRanges":[],"data":{}},{"key":"dnfbl","text":"</li>","type":"custom-code-block-html","depth":0,"inlineStyleRanges":[],"entityRanges":[],"data":{}}],"entityMap":{}},"tags":[]}