{"_id":"Hkpuv7mLz","title":"Passing Data to a Route","dateCreated":"2018-02-03T12:13:41.326Z","lastAccessed":"2018-03-12T22:18:38.954Z","lastUpdated":"2018-02-03T16:30:49.702Z","notebookId":"rySu93hVz","body":{"blocks":[{"key":"ag6qs","text":"Passing Data to a Route","type":"header-one","depth":0,"inlineStyleRanges":[],"entityRanges":[],"data":{}},{"key":"30v7","text":"1. STATIC DATA","type":"unstyled","depth":0,"inlineStyleRanges":[{"offset":0,"length":14,"style":"BOLD"}],"entityRanges":[],"data":{}},{"key":"6lcdu","text":"","type":"unstyled","depth":0,"inlineStyleRanges":[],"entityRanges":[],"data":{}},{"key":"4dd4n","text":"-> you can pass a static or dinamic data through the route ","type":"unstyled","depth":0,"inlineStyleRanges":[],"entityRanges":[],"data":{}},{"key":"1a81m","text":"","type":"unstyled","depth":0,"inlineStyleRanges":[],"entityRanges":[],"data":{}},{"key":"tt09","text":"e.g. you can have an error page when you will output a message for users: (you can pass it by route)","type":"unstyled","depth":0,"inlineStyleRanges":[],"entityRanges":[],"data":{}},{"key":"4o6ln","text":"-> in your route service add a new route when you will pass a static data - an object with data","type":"unstyled","depth":0,"inlineStyleRanges":[],"entityRanges":[],"data":{}},{"key":"175k4","text":"const appRoutes: Routes = [","type":"custom-code-block-javascript","depth":0,"inlineStyleRanges":[],"entityRanges":[],"data":{}},{"key":"e0f6b","text":"  { path: \"\", component: HomeComponent },","type":"custom-code-block-javascript","depth":0,"inlineStyleRanges":[],"entityRanges":[],"data":{}},{"key":"c49j8","text":"  {","type":"custom-code-block-javascript","depth":0,"inlineStyleRanges":[],"entityRanges":[],"data":{}},{"key":"5itod","text":"    path: \"users\", component: UsersComponent, children: [","type":"custom-code-block-javascript","depth":0,"inlineStyleRanges":[],"entityRanges":[],"data":{}},{"key":"558c7","text":"      { path: \":id/:name\", component: UserComponent }","type":"custom-code-block-javascript","depth":0,"inlineStyleRanges":[],"entityRanges":[],"data":{}},{"key":"6aejc","text":"    ]","type":"custom-code-block-javascript","depth":0,"inlineStyleRanges":[],"entityRanges":[],"data":{}},{"key":"1tcb3","text":"  },","type":"custom-code-block-javascript","depth":0,"inlineStyleRanges":[],"entityRanges":[],"data":{}},{"key":"8nooa","text":"  {","type":"custom-code-block-javascript","depth":0,"inlineStyleRanges":[],"entityRanges":[],"data":{}},{"key":"3m6j0","text":"    path: \"servers\",","type":"custom-code-block-javascript","depth":0,"inlineStyleRanges":[],"entityRanges":[],"data":{}},{"key":"4csk","text":"    // canActivate: [AuthGuard], /* here you pass guards - it will automaticly guard your child routes */","type":"custom-code-block-javascript","depth":0,"inlineStyleRanges":[],"entityRanges":[],"data":{}},{"key":"fbsn9","text":"    canActivateChild: [AuthGuard],","type":"custom-code-block-javascript","depth":0,"inlineStyleRanges":[],"entityRanges":[],"data":{}},{"key":"84aob","text":"    component: ServersComponent,","type":"custom-code-block-javascript","depth":0,"inlineStyleRanges":[],"entityRanges":[],"data":{}},{"key":"4mneu","text":"    children: [","type":"custom-code-block-javascript","depth":0,"inlineStyleRanges":[],"entityRanges":[],"data":{}},{"key":"bbms1","text":"      { path: \":id\", component: ServerComponent },","type":"custom-code-block-javascript","depth":0,"inlineStyleRanges":[],"entityRanges":[],"data":{}},{"key":"aovgu","text":"      { path: \":id/edit\", component: EditServerComponent, canDeactivate: [CanDeactivateGuard] }","type":"custom-code-block-javascript","depth":0,"inlineStyleRanges":[],"entityRanges":[],"data":{}},{"key":"43ni","text":"    ]","type":"custom-code-block-javascript","depth":0,"inlineStyleRanges":[],"entityRanges":[],"data":{}},{"key":"e00b6","text":"  },","type":"custom-code-block-javascript","depth":0,"inlineStyleRanges":[],"entityRanges":[],"data":{}},{"key":"8kpqf","text":"  // { path: \"page-not-found\", component: PageNotFoundComponent },","type":"custom-code-block-javascript","depth":0,"inlineStyleRanges":[],"entityRanges":[],"data":{}},{"key":"3epb","text":"  { path: \"page-not-found\", component: ErrorPageComponent, data: {message: 'Page not found!'} },","type":"custom-code-block-javascript","depth":0,"inlineStyleRanges":[{"offset":0,"length":96,"style":"BOLD"},{"offset":0,"length":96,"style":"ITALIC"}],"entityRanges":[],"data":{}},{"key":"r1im","text":"  { path: \"**\", redirectTo: \"page-not-found\" }","type":"custom-code-block-javascript","depth":0,"inlineStyleRanges":[],"entityRanges":[],"data":{}},{"key":"5uim5","text":"];","type":"custom-code-block-javascript","depth":0,"inlineStyleRanges":[],"entityRanges":[],"data":{}},{"key":"8s4i3","text":"","type":"unstyled","depth":0,"inlineStyleRanges":[],"entityRanges":[],"data":{}},{"key":"b9l0k","text":"-> then in your component file subscribe for data object:","type":"unstyled","depth":0,"inlineStyleRanges":[],"entityRanges":[],"data":{}},{"key":"25odi","text":"import { Component, OnInit } from '@angular/core';","type":"custom-code-block-javascript","depth":0,"inlineStyleRanges":[],"entityRanges":[],"data":{}},{"key":"9pmbj","text":"import { ActivatedRoute, Data } from '@angular/router';","type":"custom-code-block-javascript","depth":0,"inlineStyleRanges":[{"offset":0,"length":55,"style":"ITALIC"},{"offset":0,"length":55,"style":"BOLD"}],"entityRanges":[],"data":{}},{"key":"d2qm9","text":"","type":"custom-code-block-javascript","depth":0,"inlineStyleRanges":[],"entityRanges":[],"data":{}},{"key":"7mne","text":"@Component({","type":"custom-code-block-javascript","depth":0,"inlineStyleRanges":[],"entityRanges":[],"data":{}},{"key":"3c254","text":"  selector: 'app-error-page',","type":"custom-code-block-javascript","depth":0,"inlineStyleRanges":[],"entityRanges":[],"data":{}},{"key":"899l2","text":"  templateUrl: './error-page.component.html',","type":"custom-code-block-javascript","depth":0,"inlineStyleRanges":[],"entityRanges":[],"data":{}},{"key":"2t6ui","text":"  styleUrls: ['./error-page.component.css']","type":"custom-code-block-javascript","depth":0,"inlineStyleRanges":[],"entityRanges":[],"data":{}},{"key":"f166s","text":"})","type":"custom-code-block-javascript","depth":0,"inlineStyleRanges":[],"entityRanges":[],"data":{}},{"key":"ep21","text":"export class ErrorPageComponent implements OnInit {","type":"custom-code-block-javascript","depth":0,"inlineStyleRanges":[],"entityRanges":[],"data":{}},{"key":"d0o6o","text":"  errorMessage: string,","type":"custom-code-block-javascript","depth":0,"inlineStyleRanges":[{"offset":0,"length":23,"style":"BOLD"},{"offset":0,"length":23,"style":"ITALIC"}],"entityRanges":[],"data":{}},{"key":"b07jk","text":"  constructor(private route: ActivatedRoute) { }","type":"custom-code-block-javascript","depth":0,"inlineStyleRanges":[{"offset":2,"length":46,"style":"BOLD"},{"offset":2,"length":46,"style":"ITALIC"}],"entityRanges":[],"data":{}},{"key":"fia58","text":"  ngOnInit() {","type":"custom-code-block-javascript","depth":0,"inlineStyleRanges":[],"entityRanges":[],"data":{}},{"key":"28ge2","text":"    this.route.data.subscribe(","type":"custom-code-block-javascript","depth":0,"inlineStyleRanges":[{"offset":0,"length":30,"style":"BOLD"},{"offset":0,"length":30,"style":"ITALIC"}],"entityRanges":[],"data":{}},{"key":"jg9m","text":"      (data: Data) => {","type":"custom-code-block-javascript","depth":0,"inlineStyleRanges":[{"offset":0,"length":23,"style":"BOLD"},{"offset":0,"length":23,"style":"ITALIC"}],"entityRanges":[],"data":{}},{"key":"5h2ke","text":"        this.errorMessage = data['message'];","type":"custom-code-block-javascript","depth":0,"inlineStyleRanges":[{"offset":0,"length":44,"style":"BOLD"},{"offset":0,"length":44,"style":"ITALIC"}],"entityRanges":[],"data":{}},{"key":"f0n8u","text":"      }","type":"custom-code-block-javascript","depth":0,"inlineStyleRanges":[{"offset":0,"length":7,"style":"BOLD"},{"offset":0,"length":7,"style":"ITALIC"}],"entityRanges":[],"data":{}},{"key":"dfv0h","text":"    )","type":"custom-code-block-javascript","depth":0,"inlineStyleRanges":[{"offset":0,"length":5,"style":"BOLD"},{"offset":0,"length":5,"style":"ITALIC"}],"entityRanges":[],"data":{}},{"key":"1esg4","text":"  }","type":"custom-code-block-javascript","depth":0,"inlineStyleRanges":[],"entityRanges":[],"data":{}},{"key":"feea6","text":"}","type":"custom-code-block-javascript","depth":0,"inlineStyleRanges":[],"entityRanges":[],"data":{}},{"key":"6m1d4","text":"","type":"unstyled","depth":0,"inlineStyleRanges":[],"entityRanges":[],"data":{}},{"key":"6nqn6","text":"","type":"unstyled","depth":0,"inlineStyleRanges":[],"entityRanges":[],"data":{}},{"key":"1c3dj","text":"########################################################","type":"unstyled","depth":0,"inlineStyleRanges":[{"offset":0,"length":56,"style":"BOLD"}],"entityRanges":[],"data":{}},{"key":"8prhf","text":"2. Resolving Dynamic Data with the resolve Guard","type":"unstyled","depth":0,"inlineStyleRanges":[{"offset":0,"length":48,"style":"BOLD"}],"entityRanges":[],"data":{}},{"key":"5nvip","text":"-> resolver - is a service (like canActivate or canDiactivate) which allow as run some code before or code is rendered. It will always render the page but with some preloaded data (it will fetch some data the component will need later)","type":"unstyled","depth":0,"inlineStyleRanges":[],"entityRanges":[],"data":{}},{"key":"a19ja","text":"","type":"unstyled","depth":0,"inlineStyleRanges":[],"entityRanges":[],"data":{}},{"key":"dhcp2","text":"-> THE ALTERNATIVE FOR THAT - fetch data in onInit method ;) ","type":"unstyled","depth":0,"inlineStyleRanges":[],"entityRanges":[],"data":{}},{"key":"bns0g","text":"","type":"unstyled","depth":0,"inlineStyleRanges":[],"entityRanges":[],"data":{}},{"key":"d4cgu","text":"1. Add server-resolver.service.ts file: ","type":"unstyled","depth":0,"inlineStyleRanges":[],"entityRanges":[],"data":{}},{"key":"cm9uj","text":"import { Resolve, RouterStateSnapshot, ActivatedRouteSnapshot } from '@angular/router';","type":"custom-code-block-javascript","depth":0,"inlineStyleRanges":[],"entityRanges":[],"data":{}},{"key":"87tov","text":"import { Injectable } from '@angular/core';","type":"custom-code-block-javascript","depth":0,"inlineStyleRanges":[],"entityRanges":[],"data":{}},{"key":"38k0t","text":"import { Observable } from 'rxjs/Observable';","type":"custom-code-block-javascript","depth":0,"inlineStyleRanges":[],"entityRanges":[],"data":{}},{"key":"bnkcv","text":"import { ServersService } from '../servers.service';","type":"custom-code-block-javascript","depth":0,"inlineStyleRanges":[],"entityRanges":[],"data":{}},{"key":"2l5u1","text":"","type":"custom-code-block-javascript","depth":0,"inlineStyleRanges":[],"entityRanges":[],"data":{}},{"key":"2190b","text":"interface Server {","type":"custom-code-block-javascript","depth":0,"inlineStyleRanges":[],"entityRanges":[],"data":{}},{"key":"3oihs","text":"  id: number;","type":"custom-code-block-javascript","depth":0,"inlineStyleRanges":[],"entityRanges":[],"data":{}},{"key":"2f8m0","text":"  name: string;","type":"custom-code-block-javascript","depth":0,"inlineStyleRanges":[],"entityRanges":[],"data":{}},{"key":"6lbei","text":"  status: string;","type":"custom-code-block-javascript","depth":0,"inlineStyleRanges":[],"entityRanges":[],"data":{}},{"key":"apb8o","text":"}","type":"custom-code-block-javascript","depth":0,"inlineStyleRanges":[],"entityRanges":[],"data":{}},{"key":"bokru","text":"","type":"custom-code-block-javascript","depth":0,"inlineStyleRanges":[],"entityRanges":[],"data":{}},{"key":"2ehse","text":"@Injectable()","type":"custom-code-block-javascript","depth":0,"inlineStyleRanges":[],"entityRanges":[],"data":{}},{"key":"26s13","text":"export class ServerResolver implements Resolve<Server> { //add Resolve generic type - it need to have type which you will fetch in the end - here we give him our interface Server","type":"custom-code-block-javascript","depth":0,"inlineStyleRanges":[],"entityRanges":[],"data":{}},{"key":"4hpme","text":"  constructor(private serversService: ServersService) {}","type":"custom-code-block-javascript","depth":0,"inlineStyleRanges":[],"entityRanges":[],"data":{}},{"key":"s1di","text":"","type":"custom-code-block-javascript","depth":0,"inlineStyleRanges":[],"entityRanges":[],"data":{}},{"key":"uu2j","text":"  resolve(route: ActivatedRouteSnapshot, state: RouterStateSnapshot): Observable<Server> | Promise<Server> | Server {","type":"custom-code-block-javascript","depth":0,"inlineStyleRanges":[],"entityRanges":[],"data":{}},{"key":"g1gd","text":"    return this.serversService.getServer(+route.params['id']);","type":"custom-code-block-javascript","depth":0,"inlineStyleRanges":[],"entityRanges":[],"data":{}},{"key":"c76vu","text":"  }","type":"custom-code-block-javascript","depth":0,"inlineStyleRanges":[],"entityRanges":[],"data":{}},{"key":"2c2d4","text":"}","type":"custom-code-block-javascript","depth":0,"inlineStyleRanges":[],"entityRanges":[],"data":{}},{"key":"6cggb","text":"","type":"unstyled","depth":0,"inlineStyleRanges":[],"entityRanges":[],"data":{}},{"key":"5vo2b","text":"2. Add the resolver guard in your route definition:","type":"unstyled","depth":0,"inlineStyleRanges":[],"entityRanges":[],"data":{}},{"key":"3mkia","text":"const appRoutes: Routes = [","type":"custom-code-block-javascript","depth":0,"inlineStyleRanges":[],"entityRanges":[],"data":{}},{"key":"8aj00","text":"  { path: \"\", component: HomeComponent },","type":"custom-code-block-javascript","depth":0,"inlineStyleRanges":[],"entityRanges":[],"data":{}},{"key":"fk6pg","text":"  {","type":"custom-code-block-javascript","depth":0,"inlineStyleRanges":[],"entityRanges":[],"data":{}},{"key":"uv7o","text":"    path: \"users\", component: UsersComponent, children: [","type":"custom-code-block-javascript","depth":0,"inlineStyleRanges":[],"entityRanges":[],"data":{}},{"key":"2hlro","text":"      { path: \":id/:name\", component: UserComponent }","type":"custom-code-block-javascript","depth":0,"inlineStyleRanges":[],"entityRanges":[],"data":{}},{"key":"2s43q","text":"    ]","type":"custom-code-block-javascript","depth":0,"inlineStyleRanges":[],"entityRanges":[],"data":{}},{"key":"63mj","text":"  },","type":"custom-code-block-javascript","depth":0,"inlineStyleRanges":[],"entityRanges":[],"data":{}},{"key":"au5ka","text":"  {","type":"custom-code-block-javascript","depth":0,"inlineStyleRanges":[],"entityRanges":[],"data":{}},{"key":"ainpp","text":"    path: \"servers\",","type":"custom-code-block-javascript","depth":0,"inlineStyleRanges":[],"entityRanges":[],"data":{}},{"key":"b468i","text":"    // canActivate: [AuthGuard], /* here you pass guards - it will automaticly guard your child routes */","type":"custom-code-block-javascript","depth":0,"inlineStyleRanges":[],"entityRanges":[],"data":{}},{"key":"chj1b","text":"    canActivateChild: [AuthGuard],","type":"custom-code-block-javascript","depth":0,"inlineStyleRanges":[],"entityRanges":[],"data":{}},{"key":"d4imq","text":"    component: ServersComponent,","type":"custom-code-block-javascript","depth":0,"inlineStyleRanges":[],"entityRanges":[],"data":{}},{"key":"5sluu","text":"    children: [","type":"custom-code-block-javascript","depth":0,"inlineStyleRanges":[],"entityRanges":[],"data":{}},{"key":"1pn50","text":"      { path: \":id\", component: ServerComponent, resolve: {server: ServerResolver} },","type":"custom-code-block-javascript","depth":0,"inlineStyleRanges":[{"offset":6,"length":78,"style":"BOLD"},{"offset":6,"length":78,"style":"ITALIC"}],"entityRanges":[],"data":{}},{"key":"b9epk","text":"      { path: \":id/edit\", component: EditServerComponent, canDeactivate: [CanDeactivateGuard] }","type":"custom-code-block-javascript","depth":0,"inlineStyleRanges":[],"entityRanges":[],"data":{}},{"key":"2hu65","text":"    ]","type":"custom-code-block-javascript","depth":0,"inlineStyleRanges":[],"entityRanges":[],"data":{}},{"key":"2i0rk","text":"  },","type":"custom-code-block-javascript","depth":0,"inlineStyleRanges":[],"entityRanges":[],"data":{}},{"key":"28ree","text":"  // { path: \"page-not-found\", component: PageNotFoundComponent },","type":"custom-code-block-javascript","depth":0,"inlineStyleRanges":[],"entityRanges":[],"data":{}},{"key":"av923","text":"  { path: \"page-not-found\", component: ErrorPageComponent, data: {message: 'Page not found!'} },","type":"custom-code-block-javascript","depth":0,"inlineStyleRanges":[],"entityRanges":[],"data":{}},{"key":"dir7f","text":"  { path: \"**\", redirectTo: \"page-not-found\" }","type":"custom-code-block-javascript","depth":0,"inlineStyleRanges":[],"entityRanges":[],"data":{}},{"key":"36v1e","text":"];","type":"custom-code-block-javascript","depth":0,"inlineStyleRanges":[],"entityRanges":[],"data":{}},{"key":"83ho6","text":"","type":"unstyled","depth":0,"inlineStyleRanges":[],"entityRanges":[],"data":{}},{"key":"7dij2","text":"3. Use it in your component :","type":"unstyled","depth":0,"inlineStyleRanges":[],"entityRanges":[],"data":{}},{"key":"edm1h","text":"-> you have access to it by the data property where you have your declared property (here server):","type":"unstyled","depth":0,"inlineStyleRanges":[],"entityRanges":[],"data":{}},{"key":"cn3q","text":"  ngOnInit() {","type":"custom-code-block-javascript","depth":0,"inlineStyleRanges":[],"entityRanges":[],"data":{}},{"key":"c5dc5","text":"    this.activatedRoute.data.subscribe(","type":"custom-code-block-javascript","depth":0,"inlineStyleRanges":[],"entityRanges":[],"data":{}},{"key":"aj1v0","text":"      (data: Data) => {","type":"custom-code-block-javascript","depth":0,"inlineStyleRanges":[],"entityRanges":[],"data":{}},{"key":"augah","text":"        this.server = data['server'];","type":"custom-code-block-javascript","depth":0,"inlineStyleRanges":[],"entityRanges":[],"data":{}},{"key":"bcp0d","text":"      }","type":"custom-code-block-javascript","depth":0,"inlineStyleRanges":[],"entityRanges":[],"data":{}},{"key":"afb03","text":"    );","type":"custom-code-block-javascript","depth":0,"inlineStyleRanges":[],"entityRanges":[],"data":{}},{"key":"d7hdi","text":"  }","type":"custom-code-block-javascript","depth":0,"inlineStyleRanges":[],"entityRanges":[],"data":{}},{"key":"dmdit","text":"","type":"unstyled","depth":0,"inlineStyleRanges":[],"entityRanges":[],"data":{}},{"key":"31fvl","text":"","type":"unstyled","depth":0,"inlineStyleRanges":[],"entityRanges":[],"data":{}},{"key":"7ctei","text":"","type":"unstyled","depth":0,"inlineStyleRanges":[],"entityRanges":[],"data":{}},{"key":"flb3r","text":"","type":"unstyled","depth":0,"inlineStyleRanges":[],"entityRanges":[],"data":{}},{"key":"fffbo","text":"","type":"unstyled","depth":0,"inlineStyleRanges":[],"entityRanges":[],"data":{}},{"key":"egkj5","text":"","type":"unstyled","depth":0,"inlineStyleRanges":[],"entityRanges":[],"data":{}}],"entityMap":{}},"tags":[]}