{"_id":"HksLG1UHf","title":"ng-content -> projecting content into components","dateCreated":"2018-01-24T10:39:14.996Z","lastAccessed":"2018-03-12T22:18:40.111Z","lastUpdated":"2018-01-24T10:54:48.488Z","notebookId":"rySu93hVz","body":{"blocks":[{"key":"ag6qs","text":"ng-content -> projecting content into components","type":"header-one","depth":0,"inlineStyleRanges":[],"entityRanges":[],"data":{}},{"key":"b65mu","text":"1. By default everything you'll pass to your component tags will be removed. But you can change it useing ","type":"unstyled","depth":0,"inlineStyleRanges":[],"entityRanges":[],"data":{}},{"key":"dk1e1","text":"special DIRECTIVE app-content","type":"unstyled","depth":0,"inlineStyleRanges":[{"offset":8,"length":21,"style":"BOLD"}],"entityRanges":[],"data":{}},{"key":"59kd9","text":"     -> inside your inner component:","type":"unstyled","depth":0,"inlineStyleRanges":[],"entityRanges":[],"data":{}},{"key":"9jajl","text":"<div class=\"panel panel-default\">","type":"custom-code-block-javascript","depth":0,"inlineStyleRanges":[],"entityRanges":[],"data":{}},{"key":"an0n5","text":"  <div class=\"panel-heading\">{{ element.name }}</div>","type":"custom-code-block-javascript","depth":0,"inlineStyleRanges":[],"entityRanges":[],"data":{}},{"key":"b5u5d","text":"  <div class=\"panel-body\">","type":"custom-code-block-javascript","depth":0,"inlineStyleRanges":[],"entityRanges":[],"data":{}},{"key":"aqthb","text":"    <ng-content></ng-content> //here angular know there will be some content inside","type":"custom-code-block-javascript","depth":0,"inlineStyleRanges":[],"entityRanges":[],"data":{}},{"key":"5keum","text":"  </div>","type":"custom-code-block-javascript","depth":0,"inlineStyleRanges":[],"entityRanges":[],"data":{}},{"key":"9shoq","text":"</div>","type":"custom-code-block-javascript","depth":0,"inlineStyleRanges":[],"entityRanges":[],"data":{}},{"key":"153vj","text":"     ","type":"unstyled","depth":0,"inlineStyleRanges":[],"entityRanges":[],"data":{}},{"key":"baf0p","text":"     -> inside component where you use it:","type":"unstyled","depth":0,"inlineStyleRanges":[],"entityRanges":[],"data":{}},{"key":"cav4t","text":" <div class=\"col-xs-12\">","type":"custom-code-block-javascript","depth":0,"inlineStyleRanges":[],"entityRanges":[],"data":{}},{"key":"adlrg","text":"      <app-server-element *ngFor=\"let serverElement of serverElements\" [srvElement]=\"serverElement\">","type":"custom-code-block-javascript","depth":0,"inlineStyleRanges":[],"entityRanges":[],"data":{}},{"key":"14dcj","text":"      //-----ng-content------//","type":"custom-code-block-javascript","depth":0,"inlineStyleRanges":[],"entityRanges":[],"data":{}},{"key":"98p6c","text":"        <p>","type":"custom-code-block-javascript","depth":0,"inlineStyleRanges":[],"entityRanges":[],"data":{}},{"key":"beep6","text":"          <strong *ngIf=\"serverElement.type === 'server'\" style=\"color: red\">","type":"custom-code-block-javascript","depth":0,"inlineStyleRanges":[],"entityRanges":[],"data":{}},{"key":"3d99q","text":"          {{ serverElement.content }}","type":"custom-code-block-javascript","depth":0,"inlineStyleRanges":[],"entityRanges":[],"data":{}},{"key":"478h9","text":"          </strong>","type":"custom-code-block-javascript","depth":0,"inlineStyleRanges":[],"entityRanges":[],"data":{}},{"key":"4sk8f","text":"          <em *ngIf=\"serverElement.type === 'blueprint'\">{{ serverElement.content }}</em>","type":"custom-code-block-javascript","depth":0,"inlineStyleRanges":[],"entityRanges":[],"data":{}},{"key":"b58l7","text":"        </p>","type":"custom-code-block-javascript","depth":0,"inlineStyleRanges":[],"entityRanges":[],"data":{}},{"key":"drv7d","text":"      //-----ng-content------//  ","type":"custom-code-block-javascript","depth":0,"inlineStyleRanges":[],"entityRanges":[],"data":{}},{"key":"273uu","text":"      </app-server-element>","type":"custom-code-block-javascript","depth":0,"inlineStyleRanges":[],"entityRanges":[],"data":{}},{"key":"btd37","text":"</div>","type":"custom-code-block-javascript","depth":0,"inlineStyleRanges":[],"entityRanges":[],"data":{}},{"key":"78r8l","text":"     ","type":"unstyled","depth":0,"inlineStyleRanges":[],"entityRanges":[],"data":{}}],"entityMap":{}},"tags":[]}