{"_id":"r1Tsmdw8G","title":"Forms - basics - TD","dateCreated":"2018-02-06T18:27:49.326Z","lastAccessed":"2018-03-12T22:18:56.037Z","lastUpdated":"2018-02-07T18:16:41.137Z","notebookId":"rySu93hVz","body":{"blocks":[{"key":"ag6qs","text":"Forms - basics - TD","type":"header-one","depth":0,"inlineStyleRanges":[],"entityRanges":[],"data":{}},{"key":"59kd9","text":"#######################################################################","type":"unstyled","depth":0,"inlineStyleRanges":[{"offset":0,"length":71,"style":"BOLD"}],"entityRanges":[],"data":{}},{"key":"3rit9","text":"","type":"unstyled","depth":0,"inlineStyleRanges":[],"entityRanges":[],"data":{}},{"key":"10l89","text":"TD - Template Driven","type":"unstyled","depth":0,"inlineStyleRanges":[{"offset":0,"length":20,"style":"BOLD"}],"entityRanges":[],"data":{}},{"key":"4v7k8","text":"","type":"unstyled","depth":0,"inlineStyleRanges":[],"entityRanges":[],"data":{}},{"key":"2m11","text":"1.TD: Creating the Form and Registering the Controls:","type":"unstyled","depth":0,"inlineStyleRanges":[{"offset":0,"length":53,"style":"BOLD"}],"entityRanges":[],"data":{}},{"key":"lm2g","text":"","type":"unstyled","depth":0,"inlineStyleRanges":[],"entityRanges":[],"data":{}},{"key":"2c7kg","text":"1.1 import FormsModule and add it to imports in your app.module.ts","type":"unstyled","depth":0,"inlineStyleRanges":[],"entityRanges":[],"data":{}},{"key":"6gobg","text":"import { BrowserModule } from '@angular/platform-browser';","type":"custom-code-block-javascript","depth":0,"inlineStyleRanges":[],"entityRanges":[],"data":{}},{"key":"d28h8","text":"import { NgModule } from '@angular/core';","type":"custom-code-block-javascript","depth":0,"inlineStyleRanges":[],"entityRanges":[],"data":{}},{"key":"c6rs2","text":"import { FormsModule } from '@angular/forms';","type":"custom-code-block-javascript","depth":0,"inlineStyleRanges":[{"offset":0,"length":45,"style":"ITALIC"},{"offset":0,"length":45,"style":"BOLD"}],"entityRanges":[],"data":{}},{"key":"8pdje","text":"import { HttpModule } from '@angular/http';","type":"custom-code-block-javascript","depth":0,"inlineStyleRanges":[],"entityRanges":[],"data":{}},{"key":"2kfg7","text":"","type":"custom-code-block-javascript","depth":0,"inlineStyleRanges":[],"entityRanges":[],"data":{}},{"key":"94ha4","text":"import { AppComponent } from './app.component';","type":"custom-code-block-javascript","depth":0,"inlineStyleRanges":[],"entityRanges":[],"data":{}},{"key":"8dqkh","text":"","type":"custom-code-block-javascript","depth":0,"inlineStyleRanges":[],"entityRanges":[],"data":{}},{"key":"8s6qk","text":"@NgModule({","type":"custom-code-block-javascript","depth":0,"inlineStyleRanges":[],"entityRanges":[],"data":{}},{"key":"fs8er","text":"  declarations: [","type":"custom-code-block-javascript","depth":0,"inlineStyleRanges":[],"entityRanges":[],"data":{}},{"key":"eeobh","text":"    AppComponent","type":"custom-code-block-javascript","depth":0,"inlineStyleRanges":[],"entityRanges":[],"data":{}},{"key":"178rj","text":"  ],","type":"custom-code-block-javascript","depth":0,"inlineStyleRanges":[],"entityRanges":[],"data":{}},{"key":"1tcbh","text":"  imports: [","type":"custom-code-block-javascript","depth":0,"inlineStyleRanges":[],"entityRanges":[],"data":{}},{"key":"4leea","text":"    BrowserModule,","type":"custom-code-block-javascript","depth":0,"inlineStyleRanges":[],"entityRanges":[],"data":{}},{"key":"dun5j","text":"    FormsModule,","type":"custom-code-block-javascript","depth":0,"inlineStyleRanges":[{"offset":0,"length":16,"style":"BOLD"},{"offset":0,"length":16,"style":"ITALIC"}],"entityRanges":[],"data":{}},{"key":"1e8ni","text":"    HttpModule","type":"custom-code-block-javascript","depth":0,"inlineStyleRanges":[],"entityRanges":[],"data":{}},{"key":"cr93n","text":"  ],","type":"custom-code-block-javascript","depth":0,"inlineStyleRanges":[],"entityRanges":[],"data":{}},{"key":"6j9oj","text":"  providers: [],","type":"custom-code-block-javascript","depth":0,"inlineStyleRanges":[],"entityRanges":[],"data":{}},{"key":"4pgng","text":"  bootstrap: [AppComponent]","type":"custom-code-block-javascript","depth":0,"inlineStyleRanges":[],"entityRanges":[],"data":{}},{"key":"ff5lm","text":"})","type":"custom-code-block-javascript","depth":0,"inlineStyleRanges":[],"entityRanges":[],"data":{}},{"key":"f4gdf","text":"export class AppModule { }","type":"custom-code-block-javascript","depth":0,"inlineStyleRanges":[],"entityRanges":[],"data":{}},{"key":"142d1","text":"","type":"unstyled","depth":0,"inlineStyleRanges":[],"entityRanges":[],"data":{}},{"key":"c2t56","text":"2. With this Angular will automatically create a JS object represents form for you, when it detect an html form element in your code.","type":"unstyled","depth":0,"inlineStyleRanges":[],"entityRanges":[],"data":{}},{"key":"bedas","text":"3. Angular will not automatically detect your inputs in the form element! You have to register them manually!","type":"unstyled","depth":0,"inlineStyleRanges":[],"entityRanges":[],"data":{}},{"key":"5ce8d","text":"-> just add an ngModel directive to your input + add name html attribute :","type":"unstyled","depth":0,"inlineStyleRanges":[],"entityRanges":[],"data":{}},{"key":"c7jr0","text":"<div class=\"container\">","type":"custom-code-block-html","depth":0,"inlineStyleRanges":[],"entityRanges":[],"data":{}},{"key":"7hr3a","text":"  <div class=\"row\">","type":"custom-code-block-html","depth":0,"inlineStyleRanges":[],"entityRanges":[],"data":{}},{"key":"4bcf0","text":"    <div class=\"col-xs-12 col-sm-10 col-md-8 col-sm-offset-1 col-md-offset-2\">","type":"custom-code-block-html","depth":0,"inlineStyleRanges":[],"entityRanges":[],"data":{}},{"key":"74c1f","text":"      <form>","type":"custom-code-block-html","depth":0,"inlineStyleRanges":[],"entityRanges":[],"data":{}},{"key":"403gj","text":"        <div id=\"user-data\">","type":"custom-code-block-html","depth":0,"inlineStyleRanges":[],"entityRanges":[],"data":{}},{"key":"ep41c","text":"          <div class=\"form-group\">","type":"custom-code-block-html","depth":0,"inlineStyleRanges":[],"entityRanges":[],"data":{}},{"key":"s649","text":"            <label for=\"username\">Username</label>","type":"custom-code-block-html","depth":0,"inlineStyleRanges":[],"entityRanges":[],"data":{}},{"key":"fcrci","text":"            <input class=\"form-control\" type=\"text\" id=\"username\" ngModel name=\"username\">","type":"custom-code-block-html","depth":0,"inlineStyleRanges":[{"offset":66,"length":23,"style":"BOLD"},{"offset":66,"length":23,"style":"ITALIC"}],"entityRanges":[],"data":{}},{"key":"b40uq","text":"          </div>","type":"custom-code-block-html","depth":0,"inlineStyleRanges":[],"entityRanges":[],"data":{}},{"key":"d2ncd","text":"          <button class=\"btn btn-default\" type=\"button\">Suggest an Username</button>","type":"custom-code-block-html","depth":0,"inlineStyleRanges":[],"entityRanges":[],"data":{}},{"key":"c4hf9","text":"          <div class=\"form-group\">","type":"custom-code-block-html","depth":0,"inlineStyleRanges":[],"entityRanges":[],"data":{}},{"key":"bpkn1","text":"            <label for=\"email\">Mail</label>","type":"custom-code-block-html","depth":0,"inlineStyleRanges":[],"entityRanges":[],"data":{}},{"key":"f48kj","text":"            <input type=\"email\" id=\"email\" class=\"form-control\" ngModel name=\"email\">","type":"custom-code-block-html","depth":0,"inlineStyleRanges":[{"offset":64,"length":20,"style":"BOLD"},{"offset":64,"length":20,"style":"ITALIC"}],"entityRanges":[],"data":{}},{"key":"ero8","text":"          </div>","type":"custom-code-block-html","depth":0,"inlineStyleRanges":[],"entityRanges":[],"data":{}},{"key":"fqkl4","text":"        </div>","type":"custom-code-block-html","depth":0,"inlineStyleRanges":[],"entityRanges":[],"data":{}},{"key":"fpddr","text":"        <div class=\"form-group\">","type":"custom-code-block-html","depth":0,"inlineStyleRanges":[],"entityRanges":[],"data":{}},{"key":"7h7j9","text":"          <label for=\"secret\">Secret Questions</label>","type":"custom-code-block-html","depth":0,"inlineStyleRanges":[],"entityRanges":[],"data":{}},{"key":"7m431","text":"          <select id=\"secret\" class=\"form-control\" ngModel name=\"secret\">","type":"custom-code-block-html","depth":0,"inlineStyleRanges":[{"offset":51,"length":21,"style":"BOLD"},{"offset":51,"length":21,"style":"ITALIC"}],"entityRanges":[],"data":{}},{"key":"4glpj","text":"            <option value=\"pet\">Your first Pet?</option>","type":"custom-code-block-html","depth":0,"inlineStyleRanges":[],"entityRanges":[],"data":{}},{"key":"ep876","text":"            <option value=\"teacher\">Your first teacher?</option>","type":"custom-code-block-html","depth":0,"inlineStyleRanges":[],"entityRanges":[],"data":{}},{"key":"dnegh","text":"          </select>","type":"custom-code-block-html","depth":0,"inlineStyleRanges":[],"entityRanges":[],"data":{}},{"key":"3q17v","text":"        </div>","type":"custom-code-block-html","depth":0,"inlineStyleRanges":[],"entityRanges":[],"data":{}},{"key":"1l8pv","text":"        <button class=\"btn btn-primary\" type=\"submit\">Submit</button>","type":"custom-code-block-html","depth":0,"inlineStyleRanges":[],"entityRanges":[],"data":{}},{"key":"e1bqb","text":"      </form>","type":"custom-code-block-html","depth":0,"inlineStyleRanges":[],"entityRanges":[],"data":{}},{"key":"d4sn3","text":"    </div>","type":"custom-code-block-html","depth":0,"inlineStyleRanges":[],"entityRanges":[],"data":{}},{"key":"136q9","text":"  </div>","type":"custom-code-block-html","depth":0,"inlineStyleRanges":[],"entityRanges":[],"data":{}},{"key":"495dm","text":"</div>","type":"custom-code-block-html","depth":0,"inlineStyleRanges":[],"entityRanges":[],"data":{}},{"key":"9j4v3","text":"","type":"unstyled","depth":0,"inlineStyleRanges":[],"entityRanges":[],"data":{}},{"key":"1asev","text":"4. Retrieving the submitted form in our TypeScript code:","type":"unstyled","depth":0,"inlineStyleRanges":[],"entityRanges":[],"data":{}},{"key":"ego69","text":"    4.1. First you have to change default html form submit behaviour - Angular gives as special directive for that:","type":"unstyled","depth":0,"inlineStyleRanges":[],"entityRanges":[],"data":{}},{"key":"ghp5","text":"     -> ngSubmit - this event will be emit whenever form is submitted","type":"unstyled","depth":0,"inlineStyleRanges":[],"entityRanges":[],"data":{}},{"key":"3pduc","text":"<form (ngSubmit)=\"onSubmit()\"></form> // it will call an onSubmit method in our code","type":"custom-code-block-html","depth":0,"inlineStyleRanges":[],"entityRanges":[],"data":{}},{"key":"b0abk","text":"    ","type":"unstyled","depth":0,"inlineStyleRanges":[],"entityRanges":[],"data":{}},{"key":"8mh8n","text":"    4.2. To get data from the form we can add a local reference ( you know it ) and pass it to method:","type":"unstyled","depth":0,"inlineStyleRanges":[],"entityRanges":[],"data":{}},{"key":"51igq","text":"        -> but to have JS object we have to add something to our local reference #f=\"ngForm\" - it tell's Angular \"please give me access to             the form object you create automatically\"","type":"unstyled","depth":0,"inlineStyleRanges":[],"entityRanges":[],"data":{}},{"key":"fqo28","text":"        ","type":"unstyled","depth":0,"inlineStyleRanges":[],"entityRanges":[],"data":{}},{"key":"91tv1","text":"<form (ngSubmit)=\"onSubmit()\" #f=\"ngForm\"></form>","type":"custom-code-block-html","depth":0,"inlineStyleRanges":[],"entityRanges":[],"data":{}},{"key":"fq4rq","text":"","type":"unstyled","depth":0,"inlineStyleRanges":[],"entityRanges":[],"data":{}},{"key":"fm1a1","text":"-> in our TypeScript code:","type":"unstyled","depth":0,"inlineStyleRanges":[],"entityRanges":[],"data":{}},{"key":"d8iv2","text":"import { Component} from '@angular/core';","type":"custom-code-block-javascript","depth":0,"inlineStyleRanges":[],"entityRanges":[],"data":{}},{"key":"ch50d","text":"import { ngForm } from '@angular/forms'; //import ngForm module","type":"custom-code-block-javascript","depth":0,"inlineStyleRanges":[{"offset":0,"length":63,"style":"BOLD"},{"offset":0,"length":63,"style":"ITALIC"}],"entityRanges":[],"data":{}},{"key":"2gtf7","text":"","type":"custom-code-block-javascript","depth":0,"inlineStyleRanges":[],"entityRanges":[],"data":{}},{"key":"5orln","text":"@Component({","type":"custom-code-block-javascript","depth":0,"inlineStyleRanges":[],"entityRanges":[],"data":{}},{"key":"8nnj8","text":"  selector: 'app-root',","type":"custom-code-block-javascript","depth":0,"inlineStyleRanges":[],"entityRanges":[],"data":{}},{"key":"drcai","text":"  templateUrl: './app.component.html',","type":"custom-code-block-javascript","depth":0,"inlineStyleRanges":[],"entityRanges":[],"data":{}},{"key":"6d19p","text":"  styleUrls: ['./app.component.css']","type":"custom-code-block-javascript","depth":0,"inlineStyleRanges":[],"entityRanges":[],"data":{}},{"key":"evf5e","text":"})","type":"custom-code-block-javascript","depth":0,"inlineStyleRanges":[],"entityRanges":[],"data":{}},{"key":"3bfrk","text":"export class AppComponent {","type":"custom-code-block-javascript","depth":0,"inlineStyleRanges":[],"entityRanges":[],"data":{}},{"key":"10fcl","text":"  suggestUserName() {","type":"custom-code-block-javascript","depth":0,"inlineStyleRanges":[],"entityRanges":[],"data":{}},{"key":"c1igb","text":"    const suggestedName = 'Superuser';","type":"custom-code-block-javascript","depth":0,"inlineStyleRanges":[],"entityRanges":[],"data":{}},{"key":"cl6v5","text":"  }","type":"custom-code-block-javascript","depth":0,"inlineStyleRanges":[],"entityRanges":[],"data":{}},{"key":"4siiq","text":"","type":"custom-code-block-javascript","depth":0,"inlineStyleRanges":[],"entityRanges":[],"data":{}},{"key":"c73os","text":"  onSubmit(data: ngForm) { //it will be triggered whenever form will be submitted by teh user","type":"custom-code-block-javascript","depth":0,"inlineStyleRanges":[{"offset":0,"length":93,"style":"BOLD"},{"offset":0,"length":93,"style":"ITALIC"}],"entityRanges":[],"data":{}},{"key":"1p6d0","text":"    console.log(data);","type":"custom-code-block-javascript","depth":0,"inlineStyleRanges":[{"offset":0,"length":22,"style":"BOLD"},{"offset":0,"length":22,"style":"ITALIC"}],"entityRanges":[],"data":{}},{"key":"b161t","text":"  }","type":"custom-code-block-javascript","depth":0,"inlineStyleRanges":[{"offset":0,"length":3,"style":"BOLD"},{"offset":0,"length":3,"style":"ITALIC"}],"entityRanges":[],"data":{}},{"key":"et291","text":"}","type":"custom-code-block-javascript","depth":0,"inlineStyleRanges":[],"entityRanges":[],"data":{}},{"key":"6qucm","text":"","type":"unstyled","depth":0,"inlineStyleRanges":[],"entityRanges":[],"data":{}},{"key":"94aq9","text":"","type":"unstyled","depth":0,"inlineStyleRanges":[],"entityRanges":[],"data":{}},{"key":"nugn","text":"+++++++++++++++++++++++++++++++","type":"unstyled","depth":0,"inlineStyleRanges":[],"entityRanges":[],"data":{}},{"key":"7q21d","text":"5. Accessing the Form with @ViewChild","type":"unstyled","depth":0,"inlineStyleRanges":[{"offset":0,"length":37,"style":"BOLD"}],"entityRanges":[],"data":{}},{"key":"6lh2o","text":"-> it is super useful when you want to have access to the form even before user will sumbit it.","type":"unstyled","depth":0,"inlineStyleRanges":[{"offset":0,"length":95,"style":"BOLD"}],"entityRanges":[],"data":{}},{"key":"aco64","text":"","type":"unstyled","depth":0,"inlineStyleRanges":[],"entityRanges":[],"data":{}},{"key":"a7kbp","text":"<form (ngSubmit)=\"onSubmit()\" #f=\"ngForm\"></form>","type":"custom-code-block-html","depth":0,"inlineStyleRanges":[],"entityRanges":[],"data":{}},{"key":"i0gi","text":"","type":"unstyled","depth":0,"inlineStyleRanges":[],"entityRanges":[],"data":{}},{"key":"6bqvj","text":"in TypeScript:","type":"unstyled","depth":0,"inlineStyleRanges":[],"entityRanges":[],"data":{}},{"key":"6chjq","text":"import { Component, ViewChild } from '@angular/core';","type":"custom-code-block-javascript","depth":0,"inlineStyleRanges":[{"offset":0,"length":53,"style":"BOLD"},{"offset":0,"length":53,"style":"ITALIC"}],"entityRanges":[],"data":{}},{"key":"et2p1","text":"import { NgForm } from '@angular/forms';","type":"custom-code-block-javascript","depth":0,"inlineStyleRanges":[{"offset":0,"length":40,"style":"BOLD"},{"offset":0,"length":40,"style":"ITALIC"}],"entityRanges":[],"data":{}},{"key":"fgt3d","text":"@Component({","type":"custom-code-block-javascript","depth":0,"inlineStyleRanges":[],"entityRanges":[],"data":{}},{"key":"46qrg","text":"  selector: 'app-root',","type":"custom-code-block-javascript","depth":0,"inlineStyleRanges":[],"entityRanges":[],"data":{}},{"key":"82phe","text":"  templateUrl: './app.component.html',","type":"custom-code-block-javascript","depth":0,"inlineStyleRanges":[],"entityRanges":[],"data":{}},{"key":"a9ms3","text":"  styleUrls: ['./app.component.css']","type":"custom-code-block-javascript","depth":0,"inlineStyleRanges":[],"entityRanges":[],"data":{}},{"key":"22u4l","text":"})","type":"custom-code-block-javascript","depth":0,"inlineStyleRanges":[],"entityRanges":[],"data":{}},{"key":"6kdji","text":"export class AppComponent {","type":"custom-code-block-javascript","depth":0,"inlineStyleRanges":[],"entityRanges":[],"data":{}},{"key":"85sip","text":"  @ViewChild('f') formElem: NgForm;","type":"custom-code-block-javascript","depth":0,"inlineStyleRanges":[{"offset":0,"length":35,"style":"BOLD"},{"offset":0,"length":35,"style":"ITALIC"}],"entityRanges":[],"data":{}},{"key":"1rtc6","text":"  suggestUserName() {","type":"custom-code-block-javascript","depth":0,"inlineStyleRanges":[],"entityRanges":[],"data":{}},{"key":"9rlku","text":"    const suggestedName = 'Superuser';","type":"custom-code-block-javascript","depth":0,"inlineStyleRanges":[],"entityRanges":[],"data":{}},{"key":"cubmb","text":"  }","type":"custom-code-block-javascript","depth":0,"inlineStyleRanges":[],"entityRanges":[],"data":{}},{"key":"2bhgn","text":"  onSubmit() {","type":"custom-code-block-javascript","depth":0,"inlineStyleRanges":[{"offset":2,"length":12,"style":"BOLD"},{"offset":2,"length":12,"style":"ITALIC"}],"entityRanges":[],"data":{}},{"key":"6tq9d","text":"    console.log(this.formElem);","type":"custom-code-block-javascript","depth":0,"inlineStyleRanges":[{"offset":0,"length":31,"style":"BOLD"},{"offset":0,"length":31,"style":"ITALIC"}],"entityRanges":[],"data":{}},{"key":"2oh5r","text":"  }","type":"custom-code-block-javascript","depth":0,"inlineStyleRanges":[{"offset":0,"length":3,"style":"BOLD"},{"offset":0,"length":3,"style":"ITALIC"}],"entityRanges":[],"data":{}},{"key":"as2on","text":"}","type":"custom-code-block-javascript","depth":0,"inlineStyleRanges":[],"entityRanges":[],"data":{}},{"key":"37d0b","text":"","type":"unstyled","depth":0,"inlineStyleRanges":[],"entityRanges":[],"data":{}},{"key":"c65q9","text":"+++++++++++++++++++++++++++++++++++++++","type":"unstyled","depth":0,"inlineStyleRanges":[],"entityRanges":[],"data":{}},{"key":"ah0fi","text":"6.Adding Validation to check User Input","type":"unstyled","depth":0,"inlineStyleRanges":[{"offset":0,"length":39,"style":"BOLD"}],"entityRanges":[],"data":{}},{"key":"c69q","text":"-> Angular gives as a couple of methods to validate our inputs e.g. email -> it is directive:","type":"unstyled","depth":0,"inlineStyleRanges":[{"offset":0,"length":93,"style":"BOLD"}],"entityRanges":[],"data":{}},{"key":"f0rot","text":"","type":"unstyled","depth":0,"inlineStyleRanges":[],"entityRanges":[],"data":{}},{"key":"dvqnn","text":"Which Validators do ship with Angular? ","type":"unstyled","depth":0,"inlineStyleRanges":[],"entityRanges":[],"data":{}},{"key":"b6tun","text":"","type":"unstyled","depth":0,"inlineStyleRanges":[],"entityRanges":[],"data":{}},{"key":"2q6fa","text":"Check out the Validators class: https://angular.io/docs/ts/latest/api/forms/index/Validators-class.html - these are all built-in validators, though that are the methods which actually get executed (and which you later can add when using the reactive approach).","type":"unstyled","depth":0,"inlineStyleRanges":[],"entityRanges":[{"offset":32,"length":71,"key":0}],"data":{}},{"key":"7vue0","text":"","type":"unstyled","depth":0,"inlineStyleRanges":[],"entityRanges":[],"data":{}},{"key":"eke73","text":"For the template-driven approach, you need the directives. You can find out their names, by searching for \"validator\" in the official docs: https://angular.io/api?type=directive - everything marked with \"D\" is a directive and can be added to your template.","type":"unstyled","depth":0,"inlineStyleRanges":[],"entityRanges":[{"offset":140,"length":37,"key":1}],"data":{}},{"key":"6j428","text":"","type":"unstyled","depth":0,"inlineStyleRanges":[],"entityRanges":[],"data":{}},{"key":"q64m","text":"Additionally, you might also want to enable HTML5 validation (by default, Angular disables it). You can do so by adding the ngNativeValidate  to a control in your template.","type":"unstyled","depth":0,"inlineStyleRanges":[{"offset":124,"length":16,"style":"CODE"}],"entityRanges":[],"data":{}},{"key":"86b82","text":"","type":"unstyled","depth":0,"inlineStyleRanges":[],"entityRanges":[],"data":{}},{"key":"3v73e","text":"->in your  html file add a require attribute to the input element - Angular will detect it automatically and configure your form to treat it like invalide if it is empty:","type":"unstyled","depth":0,"inlineStyleRanges":[],"entityRanges":[],"data":{}},{"key":"7aiat","text":"","type":"unstyled","depth":0,"inlineStyleRanges":[],"entityRanges":[],"data":{}},{"key":"ee2c6","text":"<input type=\"email\" id=\"email\" class=\"form-control\" ngModel name=\"email\" required email>","type":"custom-code-block-html","depth":0,"inlineStyleRanges":[{"offset":73,"length":14,"style":"BOLD"},{"offset":73,"length":14,"style":"ITALIC"}],"entityRanges":[],"data":{}},{"key":"f57mv","text":"","type":"unstyled","depth":0,"inlineStyleRanges":[],"entityRanges":[],"data":{}},{"key":"2hnjv","text":"than we have access to the classes added to our input e.g. \"ng-valid\" that we can style our inputs.","type":"unstyled","depth":0,"inlineStyleRanges":[],"entityRanges":[],"data":{}},{"key":"4g8ib","text":"","type":"unstyled","depth":0,"inlineStyleRanges":[],"entityRanges":[],"data":{}},{"key":"dsr0i","text":"+++++++++++++++++++++++++++++++++++++++","type":"unstyled","depth":0,"inlineStyleRanges":[],"entityRanges":[],"data":{}},{"key":"fjo53","text":"[pattern] - validator which check if its correct due to regular expression","type":"unstyled","depth":0,"inlineStyleRanges":[],"entityRanges":[],"data":{}},{"key":"d6cg8","text":"","type":"unstyled","depth":0,"inlineStyleRanges":[],"entityRanges":[],"data":{}},{"key":"9qrke","text":"+++++++++++++++++++++++++++++++++++++++","type":"unstyled","depth":0,"inlineStyleRanges":[],"entityRanges":[],"data":{}},{"key":"ctlie","text":"7. Using the Form State to style form elements:","type":"unstyled","depth":0,"inlineStyleRanges":[],"entityRanges":[],"data":{}},{"key":"ohbr","text":"    7.1. Disabled button when form is invalid: -","type":"unstyled","depth":0,"inlineStyleRanges":[],"entityRanges":[],"data":{}},{"key":"5prr8","text":"<button class=\"btn btn-primary\" type=\"submit\" [disabled]=\"!f.valid\"> //f - is our local reference to the form","type":"custom-code-block-html","depth":0,"inlineStyleRanges":[{"offset":46,"length":21,"style":"BOLD"},{"offset":46,"length":21,"style":"ITALIC"}],"entityRanges":[],"data":{}},{"key":"6k7","text":"  Submit","type":"custom-code-block-html","depth":0,"inlineStyleRanges":[],"entityRanges":[],"data":{}},{"key":"fvli0","text":"</button>","type":"custom-code-block-html","depth":0,"inlineStyleRanges":[],"entityRanges":[],"data":{}},{"key":"fjp0p","text":"    ","type":"unstyled","depth":0,"inlineStyleRanges":[],"entityRanges":[],"data":{}},{"key":"6vs2t","text":"+++++++++++++++++++++++++++++++++++++++    ","type":"unstyled","depth":0,"inlineStyleRanges":[],"entityRanges":[],"data":{}},{"key":"qf6j","text":"8. Outputting Validation Error Messages:","type":"unstyled","depth":0,"inlineStyleRanges":[],"entityRanges":[],"data":{}},{"key":"6aoh5","text":"    -> you can access an input states when you add a local reference and associate it with ngModel. Then angular exposes some additional information about control its create for us on the overarching form by accesing ngModel.","type":"unstyled","depth":0,"inlineStyleRanges":[],"entityRanges":[],"data":{}},{"key":"bgp11","text":"<input type=\"email\" id=\"email\" class=\"form-control\" ngModel name=\"email\" required email #email=\"ngModel\">","type":"custom-code-block-html","depth":0,"inlineStyleRanges":[{"offset":88,"length":16,"style":"BOLD"},{"offset":88,"length":16,"style":"ITALIC"}],"entityRanges":[],"data":{}},{"key":"dkag1","text":"<span class=\"help-block\" *ngIf=\"!email.valid && email.touched\">Please enter a valid value!</span>","type":"custom-code-block-html","depth":0,"inlineStyleRanges":[{"offset":25,"length":37,"style":"BOLD"},{"offset":25,"length":37,"style":"ITALIC"}],"entityRanges":[],"data":{}},{"key":"8e81p","text":"","type":"unstyled","depth":0,"inlineStyleRanges":[],"entityRanges":[],"data":{}},{"key":"2rhc7","text":"+++++++++++++++++++++++++++++++++++++++    ","type":"unstyled","depth":0,"inlineStyleRanges":[],"entityRanges":[],"data":{}},{"key":"8494t","text":"9. Set Default Values with ngModel Property Binding","type":"unstyled","depth":0,"inlineStyleRanges":[],"entityRanges":[],"data":{}},{"key":"357ar","text":"-> in our TypeScript component class add a property:","type":"unstyled","depth":0,"inlineStyleRanges":[],"entityRanges":[],"data":{}},{"key":"2asmi","text":"defaultQuestion: string = 'teacher';","type":"custom-code-block-javascript","depth":0,"inlineStyleRanges":[],"entityRanges":[],"data":{}},{"key":"12i6p","text":"","type":"unstyled","depth":0,"inlineStyleRanges":[],"entityRanges":[],"data":{}},{"key":"c230g","text":"-> now bind it in html file. And as default here teacher option will be selected.","type":"unstyled","depth":0,"inlineStyleRanges":[],"entityRanges":[],"data":{}},{"key":"371sd","text":"<select id=\"secret\" class=\"form-control\" [ngModel]=\"defaultQuestion\" name=\"secret\">","type":"custom-code-block-html","depth":0,"inlineStyleRanges":[{"offset":41,"length":27,"style":"BOLD"},{"offset":41,"length":27,"style":"ITALIC"}],"entityRanges":[],"data":{}},{"key":"5ds9s","text":"   <option value=\"pet\">Your first Pet?</option>","type":"custom-code-block-html","depth":0,"inlineStyleRanges":[],"entityRanges":[],"data":{}},{"key":"7n69t","text":"   <option value=\"teacher\">Your first teacher?</option>","type":"custom-code-block-html","depth":0,"inlineStyleRanges":[],"entityRanges":[],"data":{}},{"key":"52qn5","text":"</select>","type":"custom-code-block-html","depth":0,"inlineStyleRanges":[],"entityRanges":[],"data":{}},{"key":"4l1uq","text":"","type":"unstyled","depth":0,"inlineStyleRanges":[],"entityRanges":[],"data":{}},{"key":"1dsi4","text":"+++++++++++++++++++++++++++++++++++++++  ","type":"unstyled","depth":0,"inlineStyleRanges":[],"entityRanges":[],"data":{}},{"key":"1ldet","text":"10. Using ngModel with Two-Way-Binding","type":"unstyled","depth":0,"inlineStyleRanges":[],"entityRanges":[],"data":{}},{"key":"35kpt","text":"-> in our TypeScript component class add a property:","type":"unstyled","depth":0,"inlineStyleRanges":[],"entityRanges":[],"data":{}},{"key":"59gh2","text":"answer: string = '';","type":"custom-code-block-javascript","depth":0,"inlineStyleRanges":[],"entityRanges":[],"data":{}},{"key":"783lm","text":"","type":"unstyled","depth":0,"inlineStyleRanges":[],"entityRanges":[],"data":{}},{"key":"74h60","text":"-> now bind it in html file","type":"unstyled","depth":0,"inlineStyleRanges":[],"entityRanges":[],"data":{}},{"key":"63pbl","text":"<div class=\"form-group\">","type":"custom-code-block-html","depth":0,"inlineStyleRanges":[],"entityRanges":[],"data":{}},{"key":"5cdpk","text":"    <textarea class=\"form-control\" name=\"questionAnswer\" rows=\"3\" [(ngModel)]=\"answer\"></textarea>","type":"custom-code-block-html","depth":0,"inlineStyleRanges":[{"offset":66,"length":20,"style":"BOLD"},{"offset":66,"length":20,"style":"ITALIC"}],"entityRanges":[],"data":{}},{"key":"56p1d","text":"</div>","type":"custom-code-block-html","depth":0,"inlineStyleRanges":[],"entityRanges":[],"data":{}},{"key":"e0s4l","text":"<p>Your answer: {{ answer }}</p>","type":"custom-code-block-html","depth":0,"inlineStyleRanges":[{"offset":19,"length":6,"style":"BOLD"},{"offset":19,"length":6,"style":"ITALIC"}],"entityRanges":[],"data":{}},{"key":"7jg4n","text":"","type":"unstyled","depth":0,"inlineStyleRanges":[],"entityRanges":[],"data":{}},{"key":"c1fui","text":"+++++++++++++++++++++++++++++++++++++++  ","type":"unstyled","depth":0,"inlineStyleRanges":[{"offset":0,"length":41,"style":"BOLD"}],"entityRanges":[],"data":{}},{"key":"ee6bm","text":"11. Grouping Form Controls","type":"unstyled","depth":0,"inlineStyleRanges":[{"offset":0,"length":26,"style":"BOLD"}],"entityRanges":[],"data":{}},{"key":"fi716","text":"-> you can group your form inputs to have some structure in your object (useful in bigger forms)","type":"unstyled","depth":0,"inlineStyleRanges":[{"offset":0,"length":96,"style":"BOLD"}],"entityRanges":[],"data":{}},{"key":"d3hmp","text":"-> then you can also validate a group of your inputs","type":"unstyled","depth":0,"inlineStyleRanges":[{"offset":0,"length":52,"style":"BOLD"}],"entityRanges":[],"data":{}},{"key":"ujq2","text":"","type":"unstyled","depth":0,"inlineStyleRanges":[],"entityRanges":[],"data":{}},{"key":"6ph10","text":"    11.1. Add a ngModelGroup=\"$HERE_NAME$\" directive to you wrap element and then your data from this group will be grouped under the $HERE_NAME$ name. It also add a css classes to this group wrapper!","type":"unstyled","depth":0,"inlineStyleRanges":[],"entityRanges":[],"data":{}},{"key":"9df2j","text":"    ","type":"unstyled","depth":0,"inlineStyleRanges":[],"entityRanges":[],"data":{}},{"key":"a6i9g","text":"    -> you can also add a local reference and use it to show validation message:","type":"unstyled","depth":0,"inlineStyleRanges":[],"entityRanges":[],"data":{}},{"key":"7fjlv","text":"        <div id=\"user-data\" ngModelGroup=\"userData\" #userData=\"ngModelGroup\">","type":"custom-code-block-html","depth":0,"inlineStyleRanges":[{"offset":28,"length":48,"style":"BOLD"},{"offset":28,"length":48,"style":"ITALIC"}],"entityRanges":[],"data":{}},{"key":"dv14p","text":"          <div class=\"form-group\">","type":"custom-code-block-html","depth":0,"inlineStyleRanges":[],"entityRanges":[],"data":{}},{"key":"463bq","text":"            <label for=\"username\">Username</label>","type":"custom-code-block-html","depth":0,"inlineStyleRanges":[],"entityRanges":[],"data":{}},{"key":"eu7pg","text":"            <input class=\"form-control\" type=\"text\" id=\"username\" ngModel name=\"username\" required>","type":"custom-code-block-html","depth":0,"inlineStyleRanges":[],"entityRanges":[],"data":{}},{"key":"6crdi","text":"          </div>","type":"custom-code-block-html","depth":0,"inlineStyleRanges":[],"entityRanges":[],"data":{}},{"key":"17deo","text":"          <button class=\"btn btn-default\" type=\"button\">Suggest an Username</button>","type":"custom-code-block-html","depth":0,"inlineStyleRanges":[],"entityRanges":[],"data":{}},{"key":"48bv1","text":"          <div class=\"form-group\">","type":"custom-code-block-html","depth":0,"inlineStyleRanges":[],"entityRanges":[],"data":{}},{"key":"b8ert","text":"            <label for=\"email\">Mail</label>","type":"custom-code-block-html","depth":0,"inlineStyleRanges":[],"entityRanges":[],"data":{}},{"key":"a04bi","text":"            <input type=\"email\" id=\"email\" class=\"form-control\" ngModel name=\"email\" required email #email=\"ngModel\">","type":"custom-code-block-html","depth":0,"inlineStyleRanges":[],"entityRanges":[],"data":{}},{"key":"25ogr","text":"            <span class=\"help-block\" *ngIf=\"!email.valid && email.touched\">Please enter a valid value!</span>","type":"custom-code-block-html","depth":0,"inlineStyleRanges":[],"entityRanges":[],"data":{}},{"key":"frb05","text":"          </div>","type":"custom-code-block-html","depth":0,"inlineStyleRanges":[],"entityRanges":[],"data":{}},{"key":"dujq4","text":"        </div>","type":"custom-code-block-html","depth":0,"inlineStyleRanges":[],"entityRanges":[],"data":{}},{"key":"9c4td","text":"        <p class=\"help-block\" *ngIf=\"!userData.valid && userData.touched\">User data incorrect!</p>","type":"custom-code-block-html","depth":0,"inlineStyleRanges":[{"offset":30,"length":43,"style":"BOLD"},{"offset":30,"length":43,"style":"ITALIC"}],"entityRanges":[],"data":{}},{"key":"8v070","text":"","type":"unstyled","depth":0,"inlineStyleRanges":[],"entityRanges":[],"data":{}},{"key":"392t6","text":"+++++++++++++++++++++++++++++++++++++++  ","type":"unstyled","depth":0,"inlineStyleRanges":[{"offset":0,"length":41,"style":"BOLD"}],"entityRanges":[],"data":{}},{"key":"8amkj","text":"12. Setting and Patching Form Values","type":"unstyled","depth":0,"inlineStyleRanges":[],"entityRanges":[],"data":{}},{"key":"cobog","text":"-> you can add all datas using set to the form from your TypeScript code, or piece of data using patch method:","type":"unstyled","depth":0,"inlineStyleRanges":[],"entityRanges":[],"data":{}},{"key":"851kd","text":"","type":"unstyled","depth":0,"inlineStyleRanges":[],"entityRanges":[],"data":{}},{"key":"1n5t9","text":"12.1. setValue:","type":"unstyled","depth":0,"inlineStyleRanges":[],"entityRanges":[],"data":{}},{"key":"bmuqs","text":"import { Component, ViewChild } from '@angular/core';","type":"custom-code-block-javascript","depth":0,"inlineStyleRanges":[],"entityRanges":[],"data":{}},{"key":"7rl8u","text":"import { NgForm } from '@angular/forms';","type":"custom-code-block-javascript","depth":0,"inlineStyleRanges":[{"offset":0,"length":40,"style":"BOLD"},{"offset":0,"length":40,"style":"ITALIC"}],"entityRanges":[],"data":{}},{"key":"85ak7","text":"@Component({","type":"custom-code-block-javascript","depth":0,"inlineStyleRanges":[],"entityRanges":[],"data":{}},{"key":"9dg31","text":"  selector: 'app-root',","type":"custom-code-block-javascript","depth":0,"inlineStyleRanges":[],"entityRanges":[],"data":{}},{"key":"4jjbp","text":"  templateUrl: './app.component.html',","type":"custom-code-block-javascript","depth":0,"inlineStyleRanges":[],"entityRanges":[],"data":{}},{"key":"cr2a0","text":"  styleUrls: ['./app.component.css']","type":"custom-code-block-javascript","depth":0,"inlineStyleRanges":[],"entityRanges":[],"data":{}},{"key":"a35mk","text":"})","type":"custom-code-block-javascript","depth":0,"inlineStyleRanges":[],"entityRanges":[],"data":{}},{"key":"akn6g","text":"export class AppComponent {","type":"custom-code-block-javascript","depth":0,"inlineStyleRanges":[],"entityRanges":[],"data":{}},{"key":"9amk0","text":"  @ViewChild('f') formElem: NgForm;","type":"custom-code-block-javascript","depth":0,"inlineStyleRanges":[{"offset":1,"length":34,"style":"BOLD"},{"offset":1,"length":34,"style":"ITALIC"}],"entityRanges":[],"data":{}},{"key":"5kik9","text":"  defaultQuestion: string = 'teacher';","type":"custom-code-block-javascript","depth":0,"inlineStyleRanges":[],"entityRanges":[],"data":{}},{"key":"6tf3j","text":"  answer: string = '';","type":"custom-code-block-javascript","depth":0,"inlineStyleRanges":[],"entityRanges":[],"data":{}},{"key":"b6hv6","text":"  suggestUserName() {","type":"custom-code-block-javascript","depth":0,"inlineStyleRanges":[],"entityRanges":[],"data":{}},{"key":"5dlvm","text":"    const suggestedName = 'Superuser';","type":"custom-code-block-javascript","depth":0,"inlineStyleRanges":[],"entityRanges":[],"data":{}},{"key":"1hb70","text":"    this.formElem.form.setValue({","type":"custom-code-block-javascript","depth":0,"inlineStyleRanges":[{"offset":0,"length":33,"style":"BOLD"},{"offset":0,"length":33,"style":"ITALIC"}],"entityRanges":[],"data":{}},{"key":"f7ts8","text":"        userData: {","type":"custom-code-block-javascript","depth":0,"inlineStyleRanges":[{"offset":0,"length":19,"style":"BOLD"},{"offset":0,"length":19,"style":"ITALIC"}],"entityRanges":[],"data":{}},{"key":"ahqem","text":"          username: suggestedName,","type":"custom-code-block-javascript","depth":0,"inlineStyleRanges":[{"offset":0,"length":34,"style":"BOLD"},{"offset":0,"length":34,"style":"ITALIC"}],"entityRanges":[],"data":{}},{"key":"280gd","text":"          email: ''","type":"custom-code-block-javascript","depth":0,"inlineStyleRanges":[{"offset":0,"length":19,"style":"BOLD"},{"offset":0,"length":19,"style":"ITALIC"}],"entityRanges":[],"data":{}},{"key":"d550h","text":"        },","type":"custom-code-block-javascript","depth":0,"inlineStyleRanges":[{"offset":0,"length":10,"style":"BOLD"},{"offset":0,"length":10,"style":"ITALIC"}],"entityRanges":[],"data":{}},{"key":"48rph","text":"        secret: 'pet',","type":"custom-code-block-javascript","depth":0,"inlineStyleRanges":[{"offset":0,"length":22,"style":"BOLD"},{"offset":0,"length":22,"style":"ITALIC"}],"entityRanges":[],"data":{}},{"key":"70kph","text":"        questionAnswer: ''","type":"custom-code-block-javascript","depth":0,"inlineStyleRanges":[{"offset":0,"length":26,"style":"BOLD"},{"offset":0,"length":26,"style":"ITALIC"}],"entityRanges":[],"data":{}},{"key":"8fu7t","text":"    });","type":"custom-code-block-javascript","depth":0,"inlineStyleRanges":[{"offset":0,"length":7,"style":"BOLD"},{"offset":0,"length":7,"style":"ITALIC"}],"entityRanges":[],"data":{}},{"key":"fmf5m","text":"  }","type":"custom-code-block-javascript","depth":0,"inlineStyleRanges":[],"entityRanges":[],"data":{}},{"key":"13s0l","text":"}","type":"custom-code-block-javascript","depth":0,"inlineStyleRanges":[],"entityRanges":[],"data":{}},{"key":"6k1ll","text":"","type":"unstyled","depth":0,"inlineStyleRanges":[],"entityRanges":[],"data":{}},{"key":"36ljt","text":"12.2: patchValue:","type":"unstyled","depth":0,"inlineStyleRanges":[],"entityRanges":[],"data":{}},{"key":"b1puk","text":"  suggestUserName() {","type":"custom-code-block-javascript","depth":0,"inlineStyleRanges":[],"entityRanges":[],"data":{}},{"key":"2manb","text":"    const suggestedName = 'Superuser';","type":"custom-code-block-javascript","depth":0,"inlineStyleRanges":[],"entityRanges":[],"data":{}},{"key":"a6bfe","text":"    this.formElem.form.patchValue({","type":"custom-code-block-javascript","depth":0,"inlineStyleRanges":[{"offset":0,"length":35,"style":"BOLD"},{"offset":0,"length":35,"style":"ITALIC"}],"entityRanges":[],"data":{}},{"key":"5ii82","text":"      userData: {","type":"custom-code-block-javascript","depth":0,"inlineStyleRanges":[{"offset":0,"length":17,"style":"BOLD"},{"offset":0,"length":17,"style":"ITALIC"}],"entityRanges":[],"data":{}},{"key":"t7io","text":"        username: suggestedName","type":"custom-code-block-javascript","depth":0,"inlineStyleRanges":[{"offset":0,"length":31,"style":"BOLD"},{"offset":0,"length":31,"style":"ITALIC"}],"entityRanges":[],"data":{}},{"key":"b72ae","text":"      }","type":"custom-code-block-javascript","depth":0,"inlineStyleRanges":[{"offset":0,"length":7,"style":"BOLD"},{"offset":0,"length":7,"style":"ITALIC"}],"entityRanges":[],"data":{}},{"key":"f9lkv","text":"    });","type":"custom-code-block-javascript","depth":0,"inlineStyleRanges":[{"offset":0,"length":7,"style":"BOLD"},{"offset":0,"length":7,"style":"ITALIC"}],"entityRanges":[],"data":{}},{"key":"9omje","text":"  }","type":"custom-code-block-javascript","depth":0,"inlineStyleRanges":[],"entityRanges":[],"data":{}},{"key":"9m3t6","text":"","type":"unstyled","depth":0,"inlineStyleRanges":[],"entityRanges":[],"data":{}},{"key":"8704d","text":"+++++++++++++++++++++++++++++++++++++++  ","type":"unstyled","depth":0,"inlineStyleRanges":[{"offset":0,"length":41,"style":"BOLD"}],"entityRanges":[],"data":{}},{"key":"4hknd","text":"13. Resetting Forms ","type":"unstyled","depth":0,"inlineStyleRanges":[{"offset":0,"length":20,"style":"BOLD"}],"entityRanges":[],"data":{}},{"key":"43npj","text":"-> if you reset the form all states about it will reset, all the css classes for e.g. will be equal to the classes from the begining","type":"unstyled","depth":0,"inlineStyleRanges":[{"offset":0,"length":132,"style":"BOLD"}],"entityRanges":[],"data":{}},{"key":"2jtk4","text":"-> also you can pass an object to set a default data:","type":"unstyled","depth":0,"inlineStyleRanges":[{"offset":0,"length":53,"style":"BOLD"}],"entityRanges":[],"data":{}},{"key":"cfcei","text":"  onSubmit() {","type":"custom-code-block-javascript","depth":0,"inlineStyleRanges":[],"entityRanges":[],"data":{}},{"key":"6j3n1","text":"    //this.formElem.reset(); //without data","type":"custom-code-block-javascript","depth":0,"inlineStyleRanges":[],"entityRanges":[],"data":{}},{"key":"bu9at","text":"    this.formElem.reset({ //with data","type":"custom-code-block-javascript","depth":0,"inlineStyleRanges":[],"entityRanges":[],"data":{}},{"key":"72d97","text":"      userData: {","type":"custom-code-block-javascript","depth":0,"inlineStyleRanges":[],"entityRanges":[],"data":{}},{"key":"c4j4v","text":"        username: 'Wojjjj'","type":"custom-code-block-javascript","depth":0,"inlineStyleRanges":[],"entityRanges":[],"data":{}},{"key":"412mh","text":"      }","type":"custom-code-block-javascript","depth":0,"inlineStyleRanges":[],"entityRanges":[],"data":{}},{"key":"1fkq","text":"    });","type":"custom-code-block-javascript","depth":0,"inlineStyleRanges":[],"entityRanges":[],"data":{}},{"key":"ec7c7","text":"  }","type":"custom-code-block-javascript","depth":0,"inlineStyleRanges":[],"entityRanges":[],"data":{}},{"key":"674h5","text":"","type":"unstyled","depth":0,"inlineStyleRanges":[],"entityRanges":[],"data":{}},{"key":"baaaa","text":"","type":"unstyled","depth":0,"inlineStyleRanges":[],"entityRanges":[],"data":{}}],"entityMap":{"0":{"type":"LINK","mutability":"MUTABLE","data":{"href":"https://angular.io/docs/ts/latest/api/forms/index/Validators-class.html","rel":"nofollow","target":"_blank","url":"https://angular.io/docs/ts/latest/api/forms/index/Validators-class.html"}},"1":{"type":"LINK","mutability":"MUTABLE","data":{"href":"https://angular.io/api?type=directive","rel":"nofollow","target":"_blank","url":"https://angular.io/api?type=directive"}}}},"tags":[]}