{"_id":"rk4-iqZwz","title":"Ahead-of-time Compilation","dateCreated":"2018-02-14T11:18:19.885Z","lastAccessed":"2018-03-12T22:19:00.285Z","lastUpdated":"2018-02-14T11:27:05.572Z","notebookId":"rySu93hVz","body":{"blocks":[{"key":"ag6qs","text":"Ahead-of-time Compilation","type":"header-one","depth":0,"inlineStyleRanges":[],"entityRanges":[],"data":{}},{"key":"6ip","text":"-> it will shrink your files beacouse Angular will do it before production so it will now what functionality it can cut off","type":"unstyled","depth":0,"inlineStyleRanges":[],"entityRanges":[],"data":{}},{"key":"7thev","text":"-> also you are not sending your compiler to the browser and thats why your app is more light","type":"unstyled","depth":0,"inlineStyleRanges":[],"entityRanges":[],"data":{}},{"key":"dq5vv","text":"","type":"unstyled","depth":0,"inlineStyleRanges":[],"entityRanges":[],"data":{}},{"key":"b93od","text":"Schema:","type":"unstyled","depth":0,"inlineStyleRanges":[],"entityRanges":[],"data":{}},{"key":"7l54j","text":"1. Development","type":"unstyled","depth":0,"inlineStyleRanges":[],"entityRanges":[],"data":{}},{"key":"6lhoc","text":"2. Compilation ","type":"unstyled","depth":0,"inlineStyleRanges":[],"entityRanges":[],"data":{}},{"key":"5lgbo","text":"3. Production","type":"unstyled","depth":0,"inlineStyleRanges":[],"entityRanges":[],"data":{}},{"key":"971a5","text":"4. Browser","type":"unstyled","depth":0,"inlineStyleRanges":[],"entityRanges":[],"data":{}},{"key":"4i18t","text":"","type":"unstyled","depth":0,"inlineStyleRanges":[],"entityRanges":[],"data":{}},{"key":"9qcai","text":"###########################################################################","type":"unstyled","depth":0,"inlineStyleRanges":[],"entityRanges":[],"data":{}},{"key":"fj02b","text":"1. How to use AoT Compilation with the CLI:","type":"unstyled","depth":0,"inlineStyleRanges":[],"entityRanges":[],"data":{}},{"key":"56obk","text":"-> in your console type ( in your app folder )","type":"unstyled","depth":0,"inlineStyleRanges":[],"entityRanges":[],"data":{}},{"key":"dokhk","text":"","type":"unstyled","depth":0,"inlineStyleRanges":[],"entityRanges":[],"data":{}},{"key":"age33","text":"ng build -> it will build your project (it will build it just like ng-serve)","type":"unstyled","depth":0,"inlineStyleRanges":[],"entityRanges":[],"data":{}},{"key":"ahuur","text":"-- prod -> to build it for production which means it tries to optimalize your code and minify it","type":"unstyled","depth":0,"inlineStyleRanges":[],"entityRanges":[],"data":{}},{"key":"dqsko","text":"--aot -> ahead of time compilation","type":"unstyled","depth":0,"inlineStyleRanges":[],"entityRanges":[],"data":{}},{"key":"9tq53","text":"ng build --prod --aot","type":"custom-code-block-javascript","depth":0,"inlineStyleRanges":[],"entityRanges":[],"data":{}}],"entityMap":{}},"tags":[]}