{"_id":"rklz2KJwz","title":"Modules","dateCreated":"2018-02-12T21:50:00.018Z","lastAccessed":"2018-03-12T22:19:00.384Z","lastUpdated":"2018-02-28T09:08:54.837Z","notebookId":"rySu93hVz","body":{"blocks":[{"key":"ag6qs","text":"Modules","type":"header-one","depth":0,"inlineStyleRanges":[],"entityRanges":[],"data":{}},{"key":"113nn","text":"-> we can create a couple of modules to improve our app and make it more linear, cleaner","type":"unstyled","depth":0,"inlineStyleRanges":[],"entityRanges":[],"data":{}},{"key":"8j176","text":"","type":"unstyled","depth":0,"inlineStyleRanges":[],"entityRanges":[],"data":{}},{"key":"6b8er","text":"-> you can NOT declare components, pipes, directives in more then one place","type":"unstyled","depth":0,"inlineStyleRanges":[],"entityRanges":[],"data":{}},{"key":"ot1r","text":"","type":"unstyled","depth":0,"inlineStyleRanges":[],"entityRanges":[],"data":{}},{"key":"59kd9","text":"1. Creating a Recipe Feature Module: - recipes.module.ts","type":"unstyled","depth":0,"inlineStyleRanges":[],"entityRanges":[],"data":{}},{"key":"8nklk","text":"import { NgModule } from '@angular/core';","type":"custom-code-block-javascript","depth":0,"inlineStyleRanges":[],"entityRanges":[],"data":{}},{"key":"2ujct","text":"import { ReactiveFormsModule } from '@angular/forms';","type":"custom-code-block-javascript","depth":0,"inlineStyleRanges":[],"entityRanges":[],"data":{}},{"key":"52f2i","text":"import { CommonModule } from '@angular/common';","type":"custom-code-block-javascript","depth":0,"inlineStyleRanges":[],"entityRanges":[],"data":{}},{"key":"4ppqm","text":"","type":"custom-code-block-javascript","depth":0,"inlineStyleRanges":[],"entityRanges":[],"data":{}},{"key":"b791n","text":"import { RecipesComponent } from './recipes.component';","type":"custom-code-block-javascript","depth":0,"inlineStyleRanges":[],"entityRanges":[],"data":{}},{"key":"9ap5n","text":"import { RecipeDetailComponent } from './recipe-detail/recipe-detail.component';","type":"custom-code-block-javascript","depth":0,"inlineStyleRanges":[],"entityRanges":[],"data":{}},{"key":"ahe9q","text":"import { RecipeListComponent } from './recipe-list/recipe-list.component';","type":"custom-code-block-javascript","depth":0,"inlineStyleRanges":[],"entityRanges":[],"data":{}},{"key":"d4vov","text":"import { RecipeItemComponent } from './recipe-list/recipe-item/recipe-item.component';","type":"custom-code-block-javascript","depth":0,"inlineStyleRanges":[],"entityRanges":[],"data":{}},{"key":"5vmgh","text":"import { RecipeDetailEmptyComponent } from './recipe-detail/recipe-detail-empty/recipe-detail-empty.component';","type":"custom-code-block-javascript","depth":0,"inlineStyleRanges":[],"entityRanges":[],"data":{}},{"key":"6ffk1","text":"import { RecipeEditComponent } from './recipe-edit/recipe-edit.component';","type":"custom-code-block-javascript","depth":0,"inlineStyleRanges":[],"entityRanges":[],"data":{}},{"key":"ecrur","text":"","type":"custom-code-block-javascript","depth":0,"inlineStyleRanges":[],"entityRanges":[],"data":{}},{"key":"ccear","text":"@NgModule({ // with this decorator we transform TypeScript class into something Angular can recognise","type":"custom-code-block-javascript","depth":0,"inlineStyleRanges":[],"entityRanges":[],"data":{}},{"key":"8rkvj","text":"  declarations: [","type":"custom-code-block-javascript","depth":0,"inlineStyleRanges":[],"entityRanges":[],"data":{}},{"key":"8rdt6","text":"    RecipesComponent,","type":"custom-code-block-javascript","depth":0,"inlineStyleRanges":[],"entityRanges":[],"data":{}},{"key":"fhu16","text":"    RecipeDetailComponent,","type":"custom-code-block-javascript","depth":0,"inlineStyleRanges":[],"entityRanges":[],"data":{}},{"key":"9ckan","text":"    RecipeListComponent,","type":"custom-code-block-javascript","depth":0,"inlineStyleRanges":[],"entityRanges":[],"data":{}},{"key":"8rfnp","text":"    RecipeItemComponent,","type":"custom-code-block-javascript","depth":0,"inlineStyleRanges":[],"entityRanges":[],"data":{}},{"key":"79fn","text":"    RecipeDetailEmptyComponent,","type":"custom-code-block-javascript","depth":0,"inlineStyleRanges":[],"entityRanges":[],"data":{}},{"key":"92d9l","text":"    RecipeEditComponent,","type":"custom-code-block-javascript","depth":0,"inlineStyleRanges":[],"entityRanges":[],"data":{}},{"key":"1ujtb","text":"  ],","type":"custom-code-block-javascript","depth":0,"inlineStyleRanges":[],"entityRanges":[],"data":{}},{"key":"135b6","text":"  import: [ // defines which other modules you want to use in this module","type":"custom-code-block-javascript","depth":0,"inlineStyleRanges":[],"entityRanges":[],"data":{}},{"key":"77gf8","text":"    CommonModule, // this is the module you have to add in each feature module","type":"custom-code-block-javascript","depth":0,"inlineStyleRanges":[],"entityRanges":[],"data":{}},{"key":"c5nk8","text":"    ReactiveFormsModule","type":"custom-code-block-javascript","depth":0,"inlineStyleRanges":[],"entityRanges":[],"data":{}},{"key":"eqv2j","text":"  ]","type":"custom-code-block-javascript","depth":0,"inlineStyleRanges":[],"entityRanges":[],"data":{}},{"key":"3vp7s","text":"})","type":"custom-code-block-javascript","depth":0,"inlineStyleRanges":[],"entityRanges":[],"data":{}},{"key":"vfud","text":"export class RecipesModule {","type":"custom-code-block-javascript","depth":0,"inlineStyleRanges":[],"entityRanges":[],"data":{}},{"key":"c4dj","text":"","type":"custom-code-block-javascript","depth":0,"inlineStyleRanges":[],"entityRanges":[],"data":{}},{"key":"6t0mf","text":"}","type":"custom-code-block-javascript","depth":0,"inlineStyleRanges":[],"entityRanges":[],"data":{}},{"key":"dcp9a","text":"","type":"custom-code-block-javascript","depth":0,"inlineStyleRanges":[],"entityRanges":[],"data":{}},{"key":"6q34b","text":"-> next you have to import that module in your app.module.ts","type":"unstyled","depth":0,"inlineStyleRanges":[],"entityRanges":[],"data":{}},{"key":"914qg","text":"@NgModule({","type":"custom-code-block-javascript","depth":0,"inlineStyleRanges":[],"entityRanges":[],"data":{}},{"key":"16r55","text":"  declarations: [","type":"custom-code-block-javascript","depth":0,"inlineStyleRanges":[],"entityRanges":[],"data":{}},{"key":"da1se","text":"    AppComponent,","type":"custom-code-block-javascript","depth":0,"inlineStyleRanges":[],"entityRanges":[],"data":{}},{"key":"6ha82","text":"    HeaderComponent,","type":"custom-code-block-javascript","depth":0,"inlineStyleRanges":[],"entityRanges":[],"data":{}},{"key":"5pd0l","text":"    SignupComponent,","type":"custom-code-block-javascript","depth":0,"inlineStyleRanges":[],"entityRanges":[],"data":{}},{"key":"a743c","text":"    SigninComponent","type":"custom-code-block-javascript","depth":0,"inlineStyleRanges":[],"entityRanges":[],"data":{}},{"key":"6fgds","text":"  ],","type":"custom-code-block-javascript","depth":0,"inlineStyleRanges":[],"entityRanges":[],"data":{}},{"key":"bg5is","text":"  imports: [","type":"custom-code-block-javascript","depth":0,"inlineStyleRanges":[],"entityRanges":[],"data":{}},{"key":"7v0k0","text":"    BrowserModule,","type":"custom-code-block-javascript","depth":0,"inlineStyleRanges":[],"entityRanges":[],"data":{}},{"key":"7mvam","text":"    FormsModule,","type":"custom-code-block-javascript","depth":0,"inlineStyleRanges":[],"entityRanges":[],"data":{}},{"key":"7pvt9","text":"    HttpModule,","type":"custom-code-block-javascript","depth":0,"inlineStyleRanges":[],"entityRanges":[],"data":{}},{"key":"e3kcs","text":"    AppRoutingModule,","type":"custom-code-block-javascript","depth":0,"inlineStyleRanges":[],"entityRanges":[],"data":{}},{"key":"e0t5b","text":"    RecipesModule,","type":"custom-code-block-javascript","depth":0,"inlineStyleRanges":[{"offset":0,"length":18,"style":"BOLD"},{"offset":0,"length":18,"style":"ITALIC"}],"entityRanges":[],"data":{}},{"key":"723h8","text":"    SharedModule","type":"custom-code-block-javascript","depth":0,"inlineStyleRanges":[],"entityRanges":[],"data":{}},{"key":"3hreg","text":"  ],","type":"custom-code-block-javascript","depth":0,"inlineStyleRanges":[],"entityRanges":[],"data":{}},{"key":"bsmhv","text":"  providers: [ShoppingListService, RecipeService, ServerService, AuthService, AuthGuard],","type":"custom-code-block-javascript","depth":0,"inlineStyleRanges":[],"entityRanges":[],"data":{}},{"key":"cpnue","text":"  bootstrap: [AppComponent]","type":"custom-code-block-javascript","depth":0,"inlineStyleRanges":[],"entityRanges":[],"data":{}},{"key":"3u1i6","text":"})","type":"custom-code-block-javascript","depth":0,"inlineStyleRanges":[],"entityRanges":[],"data":{}},{"key":"5pcj0","text":"","type":"unstyled","depth":0,"inlineStyleRanges":[],"entityRanges":[],"data":{}},{"key":"df7ie","text":"","type":"unstyled","depth":0,"inlineStyleRanges":[],"entityRanges":[],"data":{}},{"key":"abeuk","text":"2. Registering Routes in a Feature Module - recipes-routing.module.ts","type":"unstyled","depth":0,"inlineStyleRanges":[],"entityRanges":[],"data":{}},{"key":"9qshh","text":"-> if you move your feature components to another module than you also need to move your routes to another module ( as default in the same folder ):","type":"unstyled","depth":0,"inlineStyleRanges":[],"entityRanges":[],"data":{}},{"key":"3rkmd","text":"import { NgModule } from '@angular/core';","type":"custom-code-block-javascript","depth":0,"inlineStyleRanges":[],"entityRanges":[],"data":{}},{"key":"7oput","text":"import { Routes, RouterModule } from '@angular/router';","type":"custom-code-block-javascript","depth":0,"inlineStyleRanges":[],"entityRanges":[],"data":{}},{"key":"ednel","text":"","type":"custom-code-block-javascript","depth":0,"inlineStyleRanges":[],"entityRanges":[],"data":{}},{"key":"618qd","text":"import { RecipesComponent } from './recipes.component';","type":"custom-code-block-javascript","depth":0,"inlineStyleRanges":[],"entityRanges":[],"data":{}},{"key":"73mn1","text":"import { RecipeDetailComponent } from './recipe-detail/recipe-detail.component';","type":"custom-code-block-javascript","depth":0,"inlineStyleRanges":[],"entityRanges":[],"data":{}},{"key":"a4a9","text":"import { RecipeDetailEmptyComponent } from './recipe-detail/recipe-detail-empty/recipe-detail-empty.component';","type":"custom-code-block-javascript","depth":0,"inlineStyleRanges":[],"entityRanges":[],"data":{}},{"key":"dt1lf","text":"import { RecipeEditComponent } from './recipe-edit/recipe-edit.component';","type":"custom-code-block-javascript","depth":0,"inlineStyleRanges":[],"entityRanges":[],"data":{}},{"key":"52n1k","text":"import { AuthGuard } from '../auth/auth-guard.service';","type":"custom-code-block-javascript","depth":0,"inlineStyleRanges":[],"entityRanges":[],"data":{}},{"key":"8pcho","text":"","type":"custom-code-block-javascript","depth":0,"inlineStyleRanges":[],"entityRanges":[],"data":{}},{"key":"4kaju","text":"const recipesRoutes: Routes = [","type":"custom-code-block-javascript","depth":0,"inlineStyleRanges":[],"entityRanges":[],"data":{}},{"key":"drbr5","text":"  { path: 'recipes', component: RecipesComponent, children: [","type":"custom-code-block-javascript","depth":0,"inlineStyleRanges":[],"entityRanges":[],"data":{}},{"key":"3hqeb","text":"    { path: '', component: RecipeDetailEmptyComponent },","type":"custom-code-block-javascript","depth":0,"inlineStyleRanges":[],"entityRanges":[],"data":{}},{"key":"3551v","text":"    { path: 'new', component: RecipeEditComponent, canActivate: [AuthGuard] },","type":"custom-code-block-javascript","depth":0,"inlineStyleRanges":[],"entityRanges":[],"data":{}},{"key":"9en0d","text":"    { path: ':id', component: RecipeDetailComponent },","type":"custom-code-block-javascript","depth":0,"inlineStyleRanges":[],"entityRanges":[],"data":{}},{"key":"d3kb3","text":"    { path: ':id/edit', component: RecipeEditComponent, canActivate: [AuthGuard] }","type":"custom-code-block-javascript","depth":0,"inlineStyleRanges":[],"entityRanges":[],"data":{}},{"key":"a37rl","text":"  ]}","type":"custom-code-block-javascript","depth":0,"inlineStyleRanges":[],"entityRanges":[],"data":{}},{"key":"8mvq1","text":"];","type":"custom-code-block-javascript","depth":0,"inlineStyleRanges":[],"entityRanges":[],"data":{}},{"key":"ksvc","text":"","type":"custom-code-block-javascript","depth":0,"inlineStyleRanges":[],"entityRanges":[],"data":{}},{"key":"et5ne","text":"@NgModule({","type":"custom-code-block-javascript","depth":0,"inlineStyleRanges":[],"entityRanges":[],"data":{}},{"key":"39cqb","text":"  imports: [","type":"custom-code-block-javascript","depth":0,"inlineStyleRanges":[],"entityRanges":[],"data":{}},{"key":"1jpb8","text":"    RouterModule.forChild(recipesRoutes)","type":"custom-code-block-javascript","depth":0,"inlineStyleRanges":[{"offset":3,"length":37,"style":"BOLD"},{"offset":3,"length":37,"style":"ITALIC"}],"entityRanges":[],"data":{}},{"key":"bbv9b","text":"    // use forChild always when you declare inner routes (only root routes should have forRoot method) - beacuse in the end all that modules will be loaded to the root module","type":"custom-code-block-javascript","depth":0,"inlineStyleRanges":[],"entityRanges":[],"data":{}},{"key":"5dmka","text":"  ],","type":"custom-code-block-javascript","depth":0,"inlineStyleRanges":[],"entityRanges":[],"data":{}},{"key":"9u4i8","text":"  exports: [RouterModule]","type":"custom-code-block-javascript","depth":0,"inlineStyleRanges":[],"entityRanges":[],"data":{}},{"key":"a67f7","text":"})","type":"custom-code-block-javascript","depth":0,"inlineStyleRanges":[],"entityRanges":[],"data":{}},{"key":"a2qp1","text":"export class RecipesRoutingModule {","type":"custom-code-block-javascript","depth":0,"inlineStyleRanges":[],"entityRanges":[],"data":{}},{"key":"baj72","text":"","type":"custom-code-block-javascript","depth":0,"inlineStyleRanges":[],"entityRanges":[],"data":{}},{"key":"b7fm4","text":"}","type":"custom-code-block-javascript","depth":0,"inlineStyleRanges":[],"entityRanges":[],"data":{}},{"key":"aikbr","text":"","type":"unstyled","depth":0,"inlineStyleRanges":[],"entityRanges":[],"data":{}},{"key":"em37o","text":"###########################################################","type":"unstyled","depth":0,"inlineStyleRanges":[],"entityRanges":[],"data":{}},{"key":"6uqji","text":"3. Shared Modules","type":"unstyled","depth":0,"inlineStyleRanges":[],"entityRanges":[],"data":{}},{"key":"dorfg","text":"-> you will need to use that kind of module when you have for e.g. directive used in multiple modules","type":"unstyled","depth":0,"inlineStyleRanges":[],"entityRanges":[],"data":{}},{"key":"blrfq","text":"","type":"unstyled","depth":0,"inlineStyleRanges":[],"entityRanges":[],"data":{}},{"key":"d6de2","text":"-> NEVER PROVIDE SERVICES IN SHARED MODULES!!","type":"unstyled","depth":0,"inlineStyleRanges":[],"entityRanges":[],"data":{}},{"key":"cdgf8","text":"    ","type":"unstyled","depth":0,"inlineStyleRanges":[],"entityRanges":[],"data":{}},{"key":"2lks7","text":"    3.1. Create a new file shared.module.ts:","type":"unstyled","depth":0,"inlineStyleRanges":[],"entityRanges":[],"data":{}},{"key":"as3ki","text":"import { NgModule } from '@angular/core';","type":"custom-code-block-javascript","depth":0,"inlineStyleRanges":[],"entityRanges":[],"data":{}},{"key":"e4384","text":"import { CommonModule } from '@angular/common';","type":"custom-code-block-javascript","depth":0,"inlineStyleRanges":[],"entityRanges":[],"data":{}},{"key":"2qj2n","text":"import { DropdownDirective } from './dropdown.directive';","type":"custom-code-block-javascript","depth":0,"inlineStyleRanges":[],"entityRanges":[],"data":{}},{"key":"as2tk","text":"","type":"custom-code-block-javascript","depth":0,"inlineStyleRanges":[],"entityRanges":[],"data":{}},{"key":"1f3i1","text":"@NgModule({","type":"custom-code-block-javascript","depth":0,"inlineStyleRanges":[],"entityRanges":[],"data":{}},{"key":"7v4fm","text":"  declarations: [","type":"custom-code-block-javascript","depth":0,"inlineStyleRanges":[],"entityRanges":[],"data":{}},{"key":"18b40","text":"    DropdownDirective // this is a directive we want to use in multiple modules","type":"custom-code-block-javascript","depth":0,"inlineStyleRanges":[],"entityRanges":[],"data":{}},{"key":"2n8ps","text":"    // it has to be declared here because you can declare it ONLY ONCE in your app","type":"custom-code-block-javascript","depth":0,"inlineStyleRanges":[],"entityRanges":[],"data":{}},{"key":"73oli","text":"  ],","type":"custom-code-block-javascript","depth":0,"inlineStyleRanges":[],"entityRanges":[],"data":{}},{"key":"f3qje","text":"  exports: [","type":"custom-code-block-javascript","depth":0,"inlineStyleRanges":[],"entityRanges":[],"data":{}},{"key":"3csk8","text":"    CommonModule,","type":"custom-code-block-javascript","depth":0,"inlineStyleRanges":[],"entityRanges":[],"data":{}},{"key":"a2ok7","text":"    DropdownDirective","type":"custom-code-block-javascript","depth":0,"inlineStyleRanges":[],"entityRanges":[],"data":{}},{"key":"67m1k","text":"  ]","type":"custom-code-block-javascript","depth":0,"inlineStyleRanges":[],"entityRanges":[],"data":{}},{"key":"7of2u","text":"  // the idea behind the shared modules is that we will import that module to another modules","type":"custom-code-block-javascript","depth":0,"inlineStyleRanges":[],"entityRanges":[],"data":{}},{"key":"far7i","text":"  // thats why we need to export it ( by default everything you will declare in the module is avaliable only in that module )","type":"custom-code-block-javascript","depth":0,"inlineStyleRanges":[],"entityRanges":[],"data":{}},{"key":"90klv","text":"  // to make some features avaliable from outside you have to explicitly export them","type":"custom-code-block-javascript","depth":0,"inlineStyleRanges":[],"entityRanges":[],"data":{}},{"key":"b622c","text":"})","type":"custom-code-block-javascript","depth":0,"inlineStyleRanges":[],"entityRanges":[],"data":{}},{"key":"7a0e7","text":"export class SharedModule {","type":"custom-code-block-javascript","depth":0,"inlineStyleRanges":[],"entityRanges":[],"data":{}},{"key":"5psms","text":"","type":"custom-code-block-javascript","depth":0,"inlineStyleRanges":[],"entityRanges":[],"data":{}},{"key":"b43ho","text":"}","type":"custom-code-block-javascript","depth":0,"inlineStyleRanges":[],"entityRanges":[],"data":{}},{"key":"bnsc6","text":"","type":"unstyled","depth":0,"inlineStyleRanges":[],"entityRanges":[],"data":{}},{"key":"a8gub","text":"###########################################################","type":"unstyled","depth":0,"inlineStyleRanges":[],"entityRanges":[],"data":{}},{"key":"272bb","text":"4. Loading Components via Selectors vs Routing  - lecture 271","type":"unstyled","depth":0,"inlineStyleRanges":[],"entityRanges":[],"data":{}},{"key":"2l01v","text":"    4.1. Selector - you will have to declare it in the module where you plan to use the selector or you have to imports another module which exports it.","type":"unstyled","depth":0,"inlineStyleRanges":[],"entityRanges":[],"data":{}},{"key":"2kd87","text":"    ","type":"unstyled","depth":0,"inlineStyleRanges":[],"entityRanges":[],"data":{}},{"key":"b2dv4","text":"    4.2. Routing - you don't have to had that connection. It's important to have the component used there declared somewhere and definatelly is declared before you want to access this file","type":"unstyled","depth":0,"inlineStyleRanges":[],"entityRanges":[],"data":{}},{"key":"d8t82","text":"    ","type":"unstyled","depth":0,"inlineStyleRanges":[],"entityRanges":[],"data":{}},{"key":"7n5g4","text":"","type":"unstyled","depth":0,"inlineStyleRanges":[],"entityRanges":[],"data":{}},{"key":"1sp3s","text":"###########################################################","type":"unstyled","depth":0,"inlineStyleRanges":[],"entityRanges":[],"data":{}},{"key":"f0d8n","text":"5. Lazy Loading - when you want to display the component - then this component is load","type":"unstyled","depth":0,"inlineStyleRanges":[],"entityRanges":[],"data":{}},{"key":"aqclb","text":"-> everything you have in imports of your app.module.ts is loaded ","type":"unstyled","depth":0,"inlineStyleRanges":[],"entityRanges":[],"data":{}},{"key":"9oflk","text":"    5.1. Remove component from imports in your app.module.ts","type":"unstyled","depth":0,"inlineStyleRanges":[],"entityRanges":[],"data":{}},{"key":"3mbb6","text":"    5.2. Add route to your app-routing.module.ts :","type":"unstyled","depth":0,"inlineStyleRanges":[],"entityRanges":[],"data":{}},{"key":"bkt07","text":"import { NgModule } from '@angular/core';","type":"custom-code-block-javascript","depth":0,"inlineStyleRanges":[],"entityRanges":[],"data":{}},{"key":"1qko6","text":"import { Routes, RouterModule } from '@angular/router';","type":"custom-code-block-javascript","depth":0,"inlineStyleRanges":[],"entityRanges":[],"data":{}},{"key":"5nh3v","text":"","type":"custom-code-block-javascript","depth":0,"inlineStyleRanges":[],"entityRanges":[],"data":{}},{"key":"342sp","text":"import { ShoppingListComponent } from './shopping-list/shopping-list.component';","type":"custom-code-block-javascript","depth":0,"inlineStyleRanges":[],"entityRanges":[],"data":{}},{"key":"904p","text":"import { HomeComponent } from './home/home.component';","type":"custom-code-block-javascript","depth":0,"inlineStyleRanges":[],"entityRanges":[],"data":{}},{"key":"d3vns","text":"","type":"custom-code-block-javascript","depth":0,"inlineStyleRanges":[],"entityRanges":[],"data":{}},{"key":"drjfc","text":"const appRoutes: Routes = [","type":"custom-code-block-javascript","depth":0,"inlineStyleRanges":[],"entityRanges":[],"data":{}},{"key":"6fd77","text":"  { path: '', component: HomeComponent },","type":"custom-code-block-javascript","depth":0,"inlineStyleRanges":[],"entityRanges":[],"data":{}},{"key":"25pf0","text":"  { path: 'recipes', loadChildren: './recipes/recipes.module#RecipesModule' } ","type":"custom-code-block-javascript","depth":0,"inlineStyleRanges":[{"offset":2,"length":76,"style":"BOLD"},{"offset":2,"length":76,"style":"ITALIC"}],"entityRanges":[],"data":{}},{"key":"e2hcp","text":"  // lazyLoad - loadChildren takes a path to that module and the class name","type":"custom-code-block-javascript","depth":0,"inlineStyleRanges":[],"entityRanges":[],"data":{}},{"key":"9asuh","text":"  { path: 'shopping-list', component: ShoppingListComponent }","type":"custom-code-block-javascript","depth":0,"inlineStyleRanges":[],"entityRanges":[],"data":{}},{"key":"45vpj","text":"];","type":"custom-code-block-javascript","depth":0,"inlineStyleRanges":[],"entityRanges":[],"data":{}},{"key":"6n10v","text":"","type":"custom-code-block-javascript","depth":0,"inlineStyleRanges":[],"entityRanges":[],"data":{}},{"key":"549uk","text":"@NgModule({","type":"custom-code-block-javascript","depth":0,"inlineStyleRanges":[],"entityRanges":[],"data":{}},{"key":"3vkqk","text":"  imports: [","type":"custom-code-block-javascript","depth":0,"inlineStyleRanges":[],"entityRanges":[],"data":{}},{"key":"292l3","text":"    RouterModule.forRoot(appRoutes)","type":"custom-code-block-javascript","depth":0,"inlineStyleRanges":[],"entityRanges":[],"data":{}},{"key":"eojin","text":"  ],","type":"custom-code-block-javascript","depth":0,"inlineStyleRanges":[],"entityRanges":[],"data":{}},{"key":"bcnl0","text":"  exports: [","type":"custom-code-block-javascript","depth":0,"inlineStyleRanges":[],"entityRanges":[],"data":{}},{"key":"34rrg","text":"    RouterModule","type":"custom-code-block-javascript","depth":0,"inlineStyleRanges":[],"entityRanges":[],"data":{}},{"key":"9r0i5","text":"  ]","type":"custom-code-block-javascript","depth":0,"inlineStyleRanges":[],"entityRanges":[],"data":{}},{"key":"9kq85","text":"})","type":"custom-code-block-javascript","depth":0,"inlineStyleRanges":[],"entityRanges":[],"data":{}},{"key":"2jhtp","text":"export class AppRoutingModule {","type":"custom-code-block-javascript","depth":0,"inlineStyleRanges":[],"entityRanges":[],"data":{}},{"key":"7ms0v","text":"","type":"custom-code-block-javascript","depth":0,"inlineStyleRanges":[],"entityRanges":[],"data":{}},{"key":"8ih8j","text":"}","type":"custom-code-block-javascript","depth":0,"inlineStyleRanges":[],"entityRanges":[],"data":{}},{"key":"3d22b","text":"","type":"custom-code-block-javascript","depth":0,"inlineStyleRanges":[],"entityRanges":[],"data":{}},{"key":"esh2p","text":"","type":"unstyled","depth":0,"inlineStyleRanges":[],"entityRanges":[],"data":{}},{"key":"5mjuv","text":"","type":"unstyled","depth":0,"inlineStyleRanges":[],"entityRanges":[],"data":{}},{"key":"d77e8","text":"++++++++++++++++++++++++++++++++++++++++++++++++","type":"unstyled","depth":0,"inlineStyleRanges":[],"entityRanges":[],"data":{}},{"key":"dj686","text":"5.3 Protecting Lazy Loaded Routes with canLoad:","type":"unstyled","depth":0,"inlineStyleRanges":[],"entityRanges":[],"data":{}},{"key":"3kql6","text":"","type":"unstyled","depth":0,"inlineStyleRanges":[],"entityRanges":[],"data":{}},{"key":"u45l","text":"What if you want to use route protection (canActivate  to be precise) on lazily loaded routes?","type":"unstyled","depth":0,"inlineStyleRanges":[{"offset":42,"length":11,"style":"CODE"}],"entityRanges":[],"data":{}},{"key":"7kiup","text":"You can add canActivate to the lazy loaded routes but that of course means, that you might load code which in the end can't get accessed anyways. It would be better to check that BEFORE loading the code.","type":"unstyled","depth":0,"inlineStyleRanges":[],"entityRanges":[],"data":{}},{"key":"4dmnv","text":"You can enforce this behavior by adding the canLoad  guard to the route which points to the lazily loaded module:","type":"unstyled","depth":0,"inlineStyleRanges":[{"offset":44,"length":7,"style":"CODE"}],"entityRanges":[],"data":{}},{"key":"f28n","text":"{ path: 'recipes', loadChildren: './recipes/recipes.module#RecipesModule', canLoad: [AuthGuard] } ","type":"unstyled","depth":0,"inlineStyleRanges":[{"offset":0,"length":97,"style":"CODE"}],"entityRanges":[],"data":{}},{"key":"5eosv","text":"In this example, the AuthGuard  should implement the CanLoad interface.","type":"unstyled","depth":0,"inlineStyleRanges":[{"offset":21,"length":9,"style":"CODE"}],"entityRanges":[{"offset":53,"length":17,"key":0}],"data":{}},{"key":"9js1k","text":"","type":"unstyled","depth":0,"inlineStyleRanges":[],"entityRanges":[],"data":{}},{"key":"f4hm0","text":"","type":"unstyled","depth":0,"inlineStyleRanges":[],"entityRanges":[],"data":{}},{"key":"9ontn","text":"++++++++++++++++++++++++++++++++++++++++++++++++++++","type":"unstyled","depth":0,"inlineStyleRanges":[],"entityRanges":[],"data":{}},{"key":"ffgs9","text":"5.4. Preloading Lazy Loaded Routes","type":"unstyled","depth":0,"inlineStyleRanges":[{"offset":0,"length":34,"style":"BOLD"}],"entityRanges":[],"data":{}},{"key":"6aeme","text":"-> when you load the app the lazy load module is not loaded but when user is on the main page and already can use it then your app will load lazy load routes so that when user request for route it will be prepared ;)","type":"unstyled","depth":0,"inlineStyleRanges":[],"entityRanges":[],"data":{}},{"key":"c18ln","text":"    5.4.1. Go to app-routing.module.ts and add:","type":"unstyled","depth":0,"inlineStyleRanges":[],"entityRanges":[],"data":{}},{"key":"12o79","text":"import { NgModule } from '@angular/core';","type":"custom-code-block-javascript","depth":0,"inlineStyleRanges":[],"entityRanges":[],"data":{}},{"key":"avmci","text":"import { Routes, RouterModule, PreloadAllModules } from '@angular/router'; // import it","type":"custom-code-block-javascript","depth":0,"inlineStyleRanges":[{"offset":31,"length":17,"style":"BOLD"},{"offset":31,"length":17,"style":"ITALIC"}],"entityRanges":[],"data":{}},{"key":"8nlrf","text":"","type":"custom-code-block-javascript","depth":0,"inlineStyleRanges":[],"entityRanges":[],"data":{}},{"key":"9m31s","text":"import { ShoppingListComponent } from './shopping-list/shopping-list.component';","type":"custom-code-block-javascript","depth":0,"inlineStyleRanges":[],"entityRanges":[],"data":{}},{"key":"btiei","text":"import { HomeComponent } from './core/home/home.component';","type":"custom-code-block-javascript","depth":0,"inlineStyleRanges":[],"entityRanges":[],"data":{}},{"key":"aguc4","text":"","type":"custom-code-block-javascript","depth":0,"inlineStyleRanges":[],"entityRanges":[],"data":{}},{"key":"l3k6","text":"const appRoutes: Routes = [","type":"custom-code-block-javascript","depth":0,"inlineStyleRanges":[],"entityRanges":[],"data":{}},{"key":"6r3ik","text":"  { path: '', component: HomeComponent },","type":"custom-code-block-javascript","depth":0,"inlineStyleRanges":[],"entityRanges":[],"data":{}},{"key":"184kf","text":"  { path: 'recipes', loadChildren: './recipes/recipes.module#RecipesModule' },","type":"custom-code-block-javascript","depth":0,"inlineStyleRanges":[],"entityRanges":[],"data":{}},{"key":"av8cf","text":"  { path: 'shopping-list', component: ShoppingListComponent }","type":"custom-code-block-javascript","depth":0,"inlineStyleRanges":[],"entityRanges":[],"data":{}},{"key":"5u0u7","text":"];","type":"custom-code-block-javascript","depth":0,"inlineStyleRanges":[],"entityRanges":[],"data":{}},{"key":"fc80b","text":"","type":"custom-code-block-javascript","depth":0,"inlineStyleRanges":[],"entityRanges":[],"data":{}},{"key":"kcfl","text":"@NgModule({","type":"custom-code-block-javascript","depth":0,"inlineStyleRanges":[],"entityRanges":[],"data":{}},{"key":"cm57k","text":"  imports: [","type":"custom-code-block-javascript","depth":0,"inlineStyleRanges":[],"entityRanges":[],"data":{}},{"key":"f0bd0","text":"    // second argument when we can configure that RouterModule","type":"custom-code-block-javascript","depth":0,"inlineStyleRanges":[{"offset":0,"length":62,"style":"BOLD"},{"offset":0,"length":62,"style":"ITALIC"}],"entityRanges":[],"data":{}},{"key":"1gof3","text":"    // one of the properties is preloadingStrategy and there you need to pass a type of strategy","type":"custom-code-block-javascript","depth":0,"inlineStyleRanges":[{"offset":0,"length":96,"style":"BOLD"},{"offset":0,"length":96,"style":"ITALIC"}],"entityRanges":[],"data":{}},{"key":"1gqaf","text":"    // you can also write your own strategies","type":"custom-code-block-javascript","depth":0,"inlineStyleRanges":[{"offset":0,"length":45,"style":"BOLD"},{"offset":0,"length":45,"style":"ITALIC"}],"entityRanges":[],"data":{}},{"key":"5r0ue","text":"    RouterModule.forRoot(appRoutes, {preloadingStrategy: PreloadAllModules})","type":"custom-code-block-javascript","depth":0,"inlineStyleRanges":[{"offset":36,"length":39,"style":"BOLD"},{"offset":36,"length":39,"style":"ITALIC"}],"entityRanges":[],"data":{}},{"key":"24phh","text":"  ],","type":"custom-code-block-javascript","depth":0,"inlineStyleRanges":[],"entityRanges":[],"data":{}},{"key":"672gd","text":"  exports: [","type":"custom-code-block-javascript","depth":0,"inlineStyleRanges":[],"entityRanges":[],"data":{}},{"key":"bsuud","text":"    RouterModule","type":"custom-code-block-javascript","depth":0,"inlineStyleRanges":[],"entityRanges":[],"data":{}},{"key":"cp28h","text":"  ]","type":"custom-code-block-javascript","depth":0,"inlineStyleRanges":[],"entityRanges":[],"data":{}},{"key":"943h4","text":"})","type":"custom-code-block-javascript","depth":0,"inlineStyleRanges":[],"entityRanges":[],"data":{}},{"key":"ahbgm","text":"export class AppRoutingModule {","type":"custom-code-block-javascript","depth":0,"inlineStyleRanges":[],"entityRanges":[],"data":{}},{"key":"5tnib","text":"","type":"custom-code-block-javascript","depth":0,"inlineStyleRanges":[],"entityRanges":[],"data":{}},{"key":"13r82","text":"}","type":"custom-code-block-javascript","depth":0,"inlineStyleRanges":[],"entityRanges":[],"data":{}},{"key":"lke5","text":"","type":"unstyled","depth":0,"inlineStyleRanges":[],"entityRanges":[],"data":{}},{"key":"cu0v3","text":"","type":"unstyled","depth":0,"inlineStyleRanges":[],"entityRanges":[],"data":{}},{"key":"sibo","text":"###########################################################","type":"unstyled","depth":0,"inlineStyleRanges":[],"entityRanges":[],"data":{}},{"key":"9vvrg","text":"6. Core Module","type":"unstyled","depth":0,"inlineStyleRanges":[],"entityRanges":[],"data":{}},{"key":"v6g8","text":"-> when you have components that you only use in your app.component then you can create core module and pass it there","type":"unstyled","depth":0,"inlineStyleRanges":[],"entityRanges":[],"data":{}},{"key":"a63f1","text":"-> THIS CORE MODULE IS ONLY IMPORTED BY THE APP.MODULE (root module) so you can add providers there also","type":"unstyled","depth":0,"inlineStyleRanges":[],"entityRanges":[],"data":{}},{"key":"7aepl","text":"import { NgModule } from '@angular/core';","type":"custom-code-block-javascript","depth":0,"inlineStyleRanges":[],"entityRanges":[],"data":{}},{"key":"aqj24","text":"","type":"custom-code-block-javascript","depth":0,"inlineStyleRanges":[],"entityRanges":[],"data":{}},{"key":"a1hji","text":"import { HeaderComponent } from './header/header.component';","type":"custom-code-block-javascript","depth":0,"inlineStyleRanges":[],"entityRanges":[],"data":{}},{"key":"47cji","text":"import { HomeComponent } from './home/home.component';","type":"custom-code-block-javascript","depth":0,"inlineStyleRanges":[],"entityRanges":[],"data":{}},{"key":"c538m","text":"import { AppRoutingModule } from '../app-routing.module';","type":"custom-code-block-javascript","depth":0,"inlineStyleRanges":[],"entityRanges":[],"data":{}},{"key":"3sl7d","text":"import { SharedModule } from '../shared/shared.module';","type":"custom-code-block-javascript","depth":0,"inlineStyleRanges":[],"entityRanges":[],"data":{}},{"key":"epish","text":"","type":"custom-code-block-javascript","depth":0,"inlineStyleRanges":[],"entityRanges":[],"data":{}},{"key":"2u8v","text":"import { ShoppingListService } from '../shopping-list/shopping-list.service';","type":"custom-code-block-javascript","depth":0,"inlineStyleRanges":[],"entityRanges":[],"data":{}},{"key":"2c8rv","text":"import { RecipeService } from '../recipes/recipe.service';","type":"custom-code-block-javascript","depth":0,"inlineStyleRanges":[],"entityRanges":[],"data":{}},{"key":"5s8th","text":"import { ServerService } from '../server.service';","type":"custom-code-block-javascript","depth":0,"inlineStyleRanges":[],"entityRanges":[],"data":{}},{"key":"9iob4","text":"import { AuthService } from '../auth/auth.service';","type":"custom-code-block-javascript","depth":0,"inlineStyleRanges":[],"entityRanges":[],"data":{}},{"key":"es3ki","text":"","type":"custom-code-block-javascript","depth":0,"inlineStyleRanges":[],"entityRanges":[],"data":{}},{"key":"f36j0","text":"@NgModule({","type":"custom-code-block-javascript","depth":0,"inlineStyleRanges":[],"entityRanges":[],"data":{}},{"key":"b7kua","text":"  declarations: [","type":"custom-code-block-javascript","depth":0,"inlineStyleRanges":[],"entityRanges":[],"data":{}},{"key":"65f2p","text":"    HeaderComponent,","type":"custom-code-block-javascript","depth":0,"inlineStyleRanges":[],"entityRanges":[],"data":{}},{"key":"csujs","text":"    HomeComponent","type":"custom-code-block-javascript","depth":0,"inlineStyleRanges":[],"entityRanges":[],"data":{}},{"key":"entnf","text":"  ],","type":"custom-code-block-javascript","depth":0,"inlineStyleRanges":[],"entityRanges":[],"data":{}},{"key":"28mif","text":"  imports: [","type":"custom-code-block-javascript","depth":0,"inlineStyleRanges":[],"entityRanges":[],"data":{}},{"key":"1ohuc","text":"    SharedModule, // beacouse we use that module in header.component","type":"custom-code-block-javascript","depth":0,"inlineStyleRanges":[],"entityRanges":[],"data":{}},{"key":"fs95j","text":"    AppRoutingModule","type":"custom-code-block-javascript","depth":0,"inlineStyleRanges":[],"entityRanges":[],"data":{}},{"key":"af320","text":"  ],","type":"custom-code-block-javascript","depth":0,"inlineStyleRanges":[],"entityRanges":[],"data":{}},{"key":"981mh","text":"  exports: [","type":"custom-code-block-javascript","depth":0,"inlineStyleRanges":[],"entityRanges":[],"data":{}},{"key":"drt7v","text":"    AppRoutingModule, // export it beacouse you will always need that module in root module (app.module)","type":"custom-code-block-javascript","depth":0,"inlineStyleRanges":[],"entityRanges":[],"data":{}},{"key":"c47u4","text":"    HeaderComponent // export it because you use it in app.component -> <app-header></app-header>","type":"custom-code-block-javascript","depth":0,"inlineStyleRanges":[],"entityRanges":[],"data":{}},{"key":"6c2di","text":"  ],","type":"custom-code-block-javascript","depth":0,"inlineStyleRanges":[],"entityRanges":[],"data":{}},{"key":"4bh2n","text":"  providers: [ShoppingListService, RecipeService, ServerService, AuthService]","type":"custom-code-block-javascript","depth":0,"inlineStyleRanges":[],"entityRanges":[],"data":{}},{"key":"dcnsc","text":"})","type":"custom-code-block-javascript","depth":0,"inlineStyleRanges":[],"entityRanges":[],"data":{}},{"key":"5sj0k","text":"export class CoreModule {","type":"custom-code-block-javascript","depth":0,"inlineStyleRanges":[],"entityRanges":[],"data":{}},{"key":"epvn9","text":"","type":"custom-code-block-javascript","depth":0,"inlineStyleRanges":[],"entityRanges":[],"data":{}},{"key":"95n3","text":"}","type":"custom-code-block-javascript","depth":0,"inlineStyleRanges":[],"entityRanges":[],"data":{}},{"key":"psji","text":"","type":"unstyled","depth":0,"inlineStyleRanges":[],"entityRanges":[],"data":{}},{"key":"aeshv","text":"-> then import it in your app.module.ts :","type":"unstyled","depth":0,"inlineStyleRanges":[],"entityRanges":[],"data":{}},{"key":"1i0pg","text":"@NgModule({","type":"custom-code-block-javascript","depth":0,"inlineStyleRanges":[],"entityRanges":[],"data":{}},{"key":"9f8ih","text":"  declarations: [","type":"custom-code-block-javascript","depth":0,"inlineStyleRanges":[],"entityRanges":[],"data":{}},{"key":"3ibp8","text":"    AppComponent","type":"custom-code-block-javascript","depth":0,"inlineStyleRanges":[],"entityRanges":[],"data":{}},{"key":"3t6jp","text":"  ],","type":"custom-code-block-javascript","depth":0,"inlineStyleRanges":[],"entityRanges":[],"data":{}},{"key":"8ibar","text":"  imports: [","type":"custom-code-block-javascript","depth":0,"inlineStyleRanges":[],"entityRanges":[],"data":{}},{"key":"7v6nf","text":"    BrowserModule,","type":"custom-code-block-javascript","depth":0,"inlineStyleRanges":[],"entityRanges":[],"data":{}},{"key":"3pcf","text":"    HttpModule,","type":"custom-code-block-javascript","depth":0,"inlineStyleRanges":[],"entityRanges":[],"data":{}},{"key":"datjd","text":"    AppRoutingModule,","type":"custom-code-block-javascript","depth":0,"inlineStyleRanges":[],"entityRanges":[],"data":{}},{"key":"3kj6h","text":"    SharedModule,","type":"custom-code-block-javascript","depth":0,"inlineStyleRanges":[],"entityRanges":[],"data":{}},{"key":"5itei","text":"    ShoppingListModule,","type":"custom-code-block-javascript","depth":0,"inlineStyleRanges":[],"entityRanges":[],"data":{}},{"key":"c0cd3","text":"    AuthModule,","type":"custom-code-block-javascript","depth":0,"inlineStyleRanges":[],"entityRanges":[],"data":{}},{"key":"7ri1p","text":"    CoreModule // import your coreModule only there!","type":"custom-code-block-javascript","depth":0,"inlineStyleRanges":[{"offset":4,"length":48,"style":"BOLD"},{"offset":4,"length":48,"style":"ITALIC"}],"entityRanges":[],"data":{}},{"key":"3stsb","text":"  ],","type":"custom-code-block-javascript","depth":0,"inlineStyleRanges":[],"entityRanges":[],"data":{}},{"key":"aaipm","text":"  bootstrap: [AppComponent]","type":"custom-code-block-javascript","depth":0,"inlineStyleRanges":[],"entityRanges":[],"data":{}},{"key":"4mh27","text":"})","type":"custom-code-block-javascript","depth":0,"inlineStyleRanges":[],"entityRanges":[],"data":{}},{"key":"1rrfj","text":"export class AppModule { }","type":"custom-code-block-javascript","depth":0,"inlineStyleRanges":[],"entityRanges":[],"data":{}},{"key":"1pla5","text":"","type":"unstyled","depth":0,"inlineStyleRanges":[],"entityRanges":[],"data":{}},{"key":"30rjv","text":"","type":"unstyled","depth":0,"inlineStyleRanges":[],"entityRanges":[],"data":{}},{"key":"2pavc","text":"","type":"unstyled","depth":0,"inlineStyleRanges":[],"entityRanges":[],"data":{}},{"key":"39n1l","text":"","type":"unstyled","depth":0,"inlineStyleRanges":[],"entityRanges":[],"data":{}},{"key":"9q10p","text":"","type":"unstyled","depth":0,"inlineStyleRanges":[],"entityRanges":[],"data":{}},{"key":"55vt7","text":"","type":"unstyled","depth":0,"inlineStyleRanges":[],"entityRanges":[],"data":{}},{"key":"9a4qi","text":"","type":"unstyled","depth":0,"inlineStyleRanges":[],"entityRanges":[],"data":{}},{"key":"brlm4","text":"","type":"unstyled","depth":0,"inlineStyleRanges":[],"entityRanges":[],"data":{}},{"key":"be386","text":"","type":"unstyled","depth":0,"inlineStyleRanges":[],"entityRanges":[],"data":{}},{"key":"akaqd","text":"","type":"unstyled","depth":0,"inlineStyleRanges":[],"entityRanges":[],"data":{}},{"key":"9qkan","text":"","type":"unstyled","depth":0,"inlineStyleRanges":[],"entityRanges":[],"data":{}}],"entityMap":{"0":{"type":"LINK","mutability":"MUTABLE","data":{"href":"https://angular.io/docs/ts/latest/api/router/index/CanLoad-interface.html","rel":"nofollow","target":"_blank","url":"https://angular.io/docs/ts/latest/api/router/index/CanLoad-interface.html"}}}},"tags":[]}