{"_id":"ryfUtn48f","title":"Observables","dateCreated":"2018-02-04T16:48:10.008Z","lastAccessed":"2018-03-12T22:19:05.199Z","lastUpdated":"2018-02-05T19:58:25.960Z","notebookId":"rySu93hVz","body":{"blocks":[{"key":"ag6qs","text":"Observables","type":"header-one","depth":0,"inlineStyleRanges":[],"entityRanges":[],"data":{}},{"key":"9jm5q","text":"","type":"unstyled","depth":0,"inlineStyleRanges":[],"entityRanges":[],"data":{}},{"key":"59kd9","text":"-> there are tons of methods how to build observables: more here - http://reactivex.io/rxjs/","type":"unstyled","depth":0,"inlineStyleRanges":[{"offset":67,"length":25,"style":"BOLD"}],"entityRanges":[],"data":{}},{"key":"2tmss","text":"","type":"unstyled","depth":0,"inlineStyleRanges":[],"entityRanges":[],"data":{}},{"key":"6ca54","text":"1. To create it we can just use a couple of helper methods which builds one for us:","type":"unstyled","depth":0,"inlineStyleRanges":[],"entityRanges":[],"data":{}},{"key":"b75am","text":"-> e.g. interval","type":"unstyled","depth":0,"inlineStyleRanges":[],"entityRanges":[],"data":{}},{"key":"e30dm","text":"  ngOnInit() {","type":"custom-code-block-javascript","depth":0,"inlineStyleRanges":[],"entityRanges":[],"data":{}},{"key":"ab0tb","text":"    //1. create a observable:","type":"custom-code-block-javascript","depth":0,"inlineStyleRanges":[],"entityRanges":[],"data":{}},{"key":"4akn3","text":"    const myNumbers = Observable.interval(1000);","type":"custom-code-block-javascript","depth":0,"inlineStyleRanges":[],"entityRanges":[],"data":{}},{"key":"2prtk","text":"","type":"custom-code-block-javascript","depth":0,"inlineStyleRanges":[],"entityRanges":[],"data":{}},{"key":"dt9th","text":"    //2. Subscribe to it:","type":"custom-code-block-javascript","depth":0,"inlineStyleRanges":[],"entityRanges":[],"data":{}},{"key":"9kjbn","text":"    myNumbers.subscribe(","type":"custom-code-block-javascript","depth":0,"inlineStyleRanges":[],"entityRanges":[],"data":{}},{"key":"cm3vm","text":"      (number: number) => {","type":"custom-code-block-javascript","depth":0,"inlineStyleRanges":[],"entityRanges":[],"data":{}},{"key":"7sdl9","text":"        console.log(number);","type":"custom-code-block-javascript","depth":0,"inlineStyleRanges":[],"entityRanges":[],"data":{}},{"key":"1k1o3","text":"      }","type":"custom-code-block-javascript","depth":0,"inlineStyleRanges":[],"entityRanges":[],"data":{}},{"key":"5l6v3","text":"    );","type":"custom-code-block-javascript","depth":0,"inlineStyleRanges":[],"entityRanges":[],"data":{}},{"key":"3dq18","text":"  }","type":"custom-code-block-javascript","depth":0,"inlineStyleRanges":[],"entityRanges":[],"data":{}},{"key":"1kc4u","text":"","type":"unstyled","depth":0,"inlineStyleRanges":[],"entityRanges":[],"data":{}},{"key":"3l99s","text":"2. Building & Using a Custom Observable from Scratch:","type":"unstyled","depth":0,"inlineStyleRanges":[],"entityRanges":[],"data":{}},{"key":"do56n","text":"-> observable has 3 calbacks - normal, error, complete","type":"unstyled","depth":0,"inlineStyleRanges":[{"offset":0,"length":54,"style":"BOLD"}],"entityRanges":[],"data":{}},{"key":"fbln7","text":"","type":"unstyled","depth":0,"inlineStyleRanges":[],"entityRanges":[],"data":{}},{"key":"5a2ts","text":"import { Component, OnInit } from '@angular/core';","type":"custom-code-block-javascript","depth":0,"inlineStyleRanges":[],"entityRanges":[],"data":{}},{"key":"8k6p8","text":"import { Observable } from 'rxjs/Observable'; //import it from rxjs","type":"custom-code-block-javascript","depth":0,"inlineStyleRanges":[],"entityRanges":[],"data":{}},{"key":"3su93","text":"import { Observer } from 'rxjs/Observer'; //import it from rxjs","type":"custom-code-block-javascript","depth":0,"inlineStyleRanges":[{"offset":0,"length":63,"style":"BOLD"},{"offset":0,"length":63,"style":"ITALIC"}],"entityRanges":[],"data":{}},{"key":"3fqbh","text":"import 'rxjs/Rx'; //import Rx - to use interval","type":"custom-code-block-javascript","depth":0,"inlineStyleRanges":[],"entityRanges":[],"data":{}},{"key":"6qj2j","text":"","type":"custom-code-block-javascript","depth":0,"inlineStyleRanges":[],"entityRanges":[],"data":{}},{"key":"31ohe","text":"@Component({","type":"custom-code-block-javascript","depth":0,"inlineStyleRanges":[],"entityRanges":[],"data":{}},{"key":"5sc2v","text":"  selector: 'app-home',","type":"custom-code-block-javascript","depth":0,"inlineStyleRanges":[],"entityRanges":[],"data":{}},{"key":"dkbip","text":"  templateUrl: './home.component.html',","type":"custom-code-block-javascript","depth":0,"inlineStyleRanges":[],"entityRanges":[],"data":{}},{"key":"c3nuh","text":"  styleUrls: ['./home.component.css']","type":"custom-code-block-javascript","depth":0,"inlineStyleRanges":[],"entityRanges":[],"data":{}},{"key":"6ejjp","text":"})","type":"custom-code-block-javascript","depth":0,"inlineStyleRanges":[],"entityRanges":[],"data":{}},{"key":"5drg2","text":"export class HomeComponent implements OnInit {","type":"custom-code-block-javascript","depth":0,"inlineStyleRanges":[],"entityRanges":[],"data":{}},{"key":"b3jhd","text":"  constructor() { }","type":"custom-code-block-javascript","depth":0,"inlineStyleRanges":[],"entityRanges":[],"data":{}},{"key":"5rjqs","text":"  ngOnInit() {","type":"custom-code-block-javascript","depth":0,"inlineStyleRanges":[],"entityRanges":[],"data":{}},{"key":"63qnl","text":"    // create -> takes a function as an argument. This function should use your asynchronous code","type":"custom-code-block-javascript","depth":0,"inlineStyleRanges":[],"entityRanges":[],"data":{}},{"key":"1tsmg","text":"    // in the Observer you have to declare which type of data it will take. Here string: Observer<string>","type":"custom-code-block-javascript","depth":0,"inlineStyleRanges":[],"entityRanges":[],"data":{}},{"key":"f4ms6","text":"    const myObservable = Observable.create((observer: Observer<string>) => {","type":"custom-code-block-javascript","depth":0,"inlineStyleRanges":[],"entityRanges":[],"data":{}},{"key":"cr2qr","text":"      setTimeout( () => {","type":"custom-code-block-javascript","depth":0,"inlineStyleRanges":[],"entityRanges":[],"data":{}},{"key":"7bfde","text":"        // next - imits a normal data package, a next data package","type":"custom-code-block-javascript","depth":0,"inlineStyleRanges":[],"entityRanges":[],"data":{}},{"key":"821ig","text":"        observer.next('first package'); //here you can pass any data you want","type":"custom-code-block-javascript","depth":0,"inlineStyleRanges":[],"entityRanges":[],"data":{}},{"key":"e0t5c","text":"      } ,2000);","type":"custom-code-block-javascript","depth":0,"inlineStyleRanges":[],"entityRanges":[],"data":{}},{"key":"ecqgt","text":"      setTimeout( () => {","type":"custom-code-block-javascript","depth":0,"inlineStyleRanges":[],"entityRanges":[],"data":{}},{"key":"319um","text":"        observer.next('second package');","type":"custom-code-block-javascript","depth":0,"inlineStyleRanges":[],"entityRanges":[],"data":{}},{"key":"5d4u7","text":"      } ,4000);","type":"custom-code-block-javascript","depth":0,"inlineStyleRanges":[],"entityRanges":[],"data":{}},{"key":"a1jjc","text":"      setTimeout( () => {","type":"custom-code-block-javascript","depth":0,"inlineStyleRanges":[],"entityRanges":[],"data":{}},{"key":"ap6ts","text":"        // observer.error('This does not work!'); //here we are emitting error","type":"custom-code-block-javascript","depth":0,"inlineStyleRanges":[],"entityRanges":[],"data":{}},{"key":"2thjl","text":"        observer.complete(); // THERE WILL BE NOTHING EMMITED AFTER COMPLETE EMITTED. We completed our observable!","type":"custom-code-block-javascript","depth":0,"inlineStyleRanges":[],"entityRanges":[],"data":{}},{"key":"2f78o","text":"      } ,5000);","type":"custom-code-block-javascript","depth":0,"inlineStyleRanges":[],"entityRanges":[],"data":{}},{"key":"8kpn7","text":"      setTimeout( () => {","type":"custom-code-block-javascript","depth":0,"inlineStyleRanges":[],"entityRanges":[],"data":{}},{"key":"f4k65","text":"        observer.next('third package');","type":"custom-code-block-javascript","depth":0,"inlineStyleRanges":[],"entityRanges":[],"data":{}},{"key":"4foig","text":"      } ,6000);","type":"custom-code-block-javascript","depth":0,"inlineStyleRanges":[],"entityRanges":[],"data":{}},{"key":"22oba","text":"    });","type":"custom-code-block-javascript","depth":0,"inlineStyleRanges":[],"entityRanges":[],"data":{}},{"key":"47s50","text":"","type":"custom-code-block-javascript","depth":0,"inlineStyleRanges":[],"entityRanges":[],"data":{}},{"key":"falt3","text":"    myObservable.subscribe(","type":"custom-code-block-javascript","depth":0,"inlineStyleRanges":[],"entityRanges":[],"data":{}},{"key":"13q56","text":"      (data: string) => { console.log(data); }, //the normal data callback","type":"custom-code-block-javascript","depth":0,"inlineStyleRanges":[],"entityRanges":[],"data":{}},{"key":"e94bs","text":"      (error: string) => { console.log(error); }, //the error callback","type":"custom-code-block-javascript","depth":0,"inlineStyleRanges":[],"entityRanges":[],"data":{}},{"key":"8rah6","text":"      () => { console.log('completed!'); }, // completed callback - we can't pass any data here","type":"custom-code-block-javascript","depth":0,"inlineStyleRanges":[],"entityRanges":[],"data":{}},{"key":"edkn2","text":"    );","type":"custom-code-block-javascript","depth":0,"inlineStyleRanges":[],"entityRanges":[],"data":{}},{"key":"82jj4","text":"  }","type":"custom-code-block-javascript","depth":0,"inlineStyleRanges":[],"entityRanges":[],"data":{}},{"key":"31cn5","text":"}","type":"custom-code-block-javascript","depth":0,"inlineStyleRanges":[],"entityRanges":[],"data":{}},{"key":"9e7pn","text":"","type":"unstyled","depth":0,"inlineStyleRanges":[],"entityRanges":[],"data":{}},{"key":"frvrc","text":"3. Unsubscribe!!!","type":"unstyled","depth":0,"inlineStyleRanges":[{"offset":0,"length":17,"style":"BOLD"}],"entityRanges":[],"data":{}},{"key":"43ro","text":"-> each time you subscribe for observable make sure you unsubscribe it when destroing a component. It's very important, because when you leave it you will stack your memory!","type":"unstyled","depth":0,"inlineStyleRanges":[{"offset":0,"length":173,"style":"BOLD"}],"entityRanges":[],"data":{}},{"key":"b37q8","text":"","type":"unstyled","depth":0,"inlineStyleRanges":[],"entityRanges":[],"data":{}},{"key":"f2dv3","text":"import { Component, OnInit, OnDestroy } from '@angular/core';","type":"custom-code-block-javascript","depth":0,"inlineStyleRanges":[],"entityRanges":[],"data":{}},{"key":"9c47k","text":"import { Observable } from 'rxjs/Observable';","type":"custom-code-block-javascript","depth":0,"inlineStyleRanges":[],"entityRanges":[],"data":{}},{"key":"e9v39","text":"import { Observer } from 'rxjs/Observer';","type":"custom-code-block-javascript","depth":0,"inlineStyleRanges":[],"entityRanges":[],"data":{}},{"key":"cs85b","text":"import { Subscription } from 'rxjs/Subscription'; //import Subscription","type":"custom-code-block-javascript","depth":0,"inlineStyleRanges":[{"offset":0,"length":71,"style":"BOLD"},{"offset":0,"length":71,"style":"ITALIC"}],"entityRanges":[],"data":{}},{"key":"eotc6","text":"import 'rxjs/Rx';","type":"custom-code-block-javascript","depth":0,"inlineStyleRanges":[],"entityRanges":[],"data":{}},{"key":"ekn32","text":"","type":"custom-code-block-javascript","depth":0,"inlineStyleRanges":[],"entityRanges":[],"data":{}},{"key":"5l1gk","text":"@Component({","type":"custom-code-block-javascript","depth":0,"inlineStyleRanges":[],"entityRanges":[],"data":{}},{"key":"eflst","text":"  selector: 'app-home',","type":"custom-code-block-javascript","depth":0,"inlineStyleRanges":[],"entityRanges":[],"data":{}},{"key":"7ua96","text":"  templateUrl: './home.component.html',","type":"custom-code-block-javascript","depth":0,"inlineStyleRanges":[],"entityRanges":[],"data":{}},{"key":"fo3vl","text":"  styleUrls: ['./home.component.css']","type":"custom-code-block-javascript","depth":0,"inlineStyleRanges":[],"entityRanges":[],"data":{}},{"key":"anfrh","text":"})","type":"custom-code-block-javascript","depth":0,"inlineStyleRanges":[],"entityRanges":[],"data":{}},{"key":"e7tho","text":"export class HomeComponent implements OnInit, OnDestroy { //implement OnDestroy lifecycle hook","type":"custom-code-block-javascript","depth":0,"inlineStyleRanges":[{"offset":46,"length":9,"style":"BOLD"},{"offset":46,"length":9,"style":"ITALIC"}],"entityRanges":[],"data":{}},{"key":"27jbg","text":"","type":"custom-code-block-javascript","depth":0,"inlineStyleRanges":[],"entityRanges":[],"data":{}},{"key":"98gcc","text":"  numbersObsSubscription: Subscription; //add a properties for your subscriptions","type":"custom-code-block-javascript","depth":0,"inlineStyleRanges":[{"offset":0,"length":81,"style":"BOLD"},{"offset":0,"length":81,"style":"ITALIC"}],"entityRanges":[],"data":{}},{"key":"a2qme","text":"  customObsSubscription: Subscription;","type":"custom-code-block-javascript","depth":0,"inlineStyleRanges":[{"offset":0,"length":38,"style":"BOLD"},{"offset":0,"length":38,"style":"ITALIC"}],"entityRanges":[],"data":{}},{"key":"490u8","text":"  constructor() { }","type":"custom-code-block-javascript","depth":0,"inlineStyleRanges":[],"entityRanges":[],"data":{}},{"key":"fehmg","text":"  ngOnInit() {","type":"custom-code-block-javascript","depth":0,"inlineStyleRanges":[],"entityRanges":[],"data":{}},{"key":"5vj2o","text":"    const myNumbers = Observable.interval(1000);","type":"custom-code-block-javascript","depth":0,"inlineStyleRanges":[],"entityRanges":[],"data":{}},{"key":"28rgo","text":"    this.numbersObsSubscription = myNumbers.subscribe(","type":"custom-code-block-javascript","depth":0,"inlineStyleRanges":[{"offset":4,"length":27,"style":"BOLD"},{"offset":4,"length":27,"style":"ITALIC"}],"entityRanges":[],"data":{}},{"key":"1urbe","text":"      (number: number) => {","type":"custom-code-block-javascript","depth":0,"inlineStyleRanges":[],"entityRanges":[],"data":{}},{"key":"830mg","text":"        console.log(number);","type":"custom-code-block-javascript","depth":0,"inlineStyleRanges":[],"entityRanges":[],"data":{}},{"key":"6fcn5","text":"      }","type":"custom-code-block-javascript","depth":0,"inlineStyleRanges":[],"entityRanges":[],"data":{}},{"key":"8jp7e","text":"    );","type":"custom-code-block-javascript","depth":0,"inlineStyleRanges":[],"entityRanges":[],"data":{}},{"key":"3eo9h","text":"","type":"custom-code-block-javascript","depth":0,"inlineStyleRanges":[],"entityRanges":[],"data":{}},{"key":"a3bh7","text":"    const myObservable = Observable.create((observer: Observer<string>) => {","type":"custom-code-block-javascript","depth":0,"inlineStyleRanges":[],"entityRanges":[],"data":{}},{"key":"bkqvi","text":"      setTimeout( () => {","type":"custom-code-block-javascript","depth":0,"inlineStyleRanges":[],"entityRanges":[],"data":{}},{"key":"9l58m","text":"        observer.next('first package');","type":"custom-code-block-javascript","depth":0,"inlineStyleRanges":[],"entityRanges":[],"data":{}},{"key":"shg1","text":"      } ,2000);","type":"custom-code-block-javascript","depth":0,"inlineStyleRanges":[],"entityRanges":[],"data":{}},{"key":"1pn4u","text":"      setTimeout( () => {","type":"custom-code-block-javascript","depth":0,"inlineStyleRanges":[],"entityRanges":[],"data":{}},{"key":"b1rad","text":"        observer.next('second package');","type":"custom-code-block-javascript","depth":0,"inlineStyleRanges":[],"entityRanges":[],"data":{}},{"key":"1sdh","text":"      } ,4000);","type":"custom-code-block-javascript","depth":0,"inlineStyleRanges":[],"entityRanges":[],"data":{}},{"key":"2nav6","text":"      setTimeout( () => {","type":"custom-code-block-javascript","depth":0,"inlineStyleRanges":[],"entityRanges":[],"data":{}},{"key":"6v3ni","text":"        observer.complete();","type":"custom-code-block-javascript","depth":0,"inlineStyleRanges":[],"entityRanges":[],"data":{}},{"key":"81jo","text":"      } ,5000);","type":"custom-code-block-javascript","depth":0,"inlineStyleRanges":[],"entityRanges":[],"data":{}},{"key":"9pphb","text":"      setTimeout( () => {","type":"custom-code-block-javascript","depth":0,"inlineStyleRanges":[],"entityRanges":[],"data":{}},{"key":"2le","text":"        observer.next('third package');","type":"custom-code-block-javascript","depth":0,"inlineStyleRanges":[],"entityRanges":[],"data":{}},{"key":"atvqn","text":"      } ,6000);","type":"custom-code-block-javascript","depth":0,"inlineStyleRanges":[],"entityRanges":[],"data":{}},{"key":"1jh6i","text":"    });","type":"custom-code-block-javascript","depth":0,"inlineStyleRanges":[],"entityRanges":[],"data":{}},{"key":"2hfk6","text":"","type":"custom-code-block-javascript","depth":0,"inlineStyleRanges":[],"entityRanges":[],"data":{}},{"key":"4739d","text":"    this.customObsSubscription = myObservable.subscribe(","type":"custom-code-block-javascript","depth":0,"inlineStyleRanges":[{"offset":4,"length":26,"style":"BOLD"},{"offset":4,"length":26,"style":"ITALIC"}],"entityRanges":[],"data":{}},{"key":"6pt3e","text":"      (data: string) => { console.log(data); },","type":"custom-code-block-javascript","depth":0,"inlineStyleRanges":[],"entityRanges":[],"data":{}},{"key":"1obd8","text":"      (error: string) => { console.log(error); },","type":"custom-code-block-javascript","depth":0,"inlineStyleRanges":[],"entityRanges":[],"data":{}},{"key":"3afem","text":"      () => { console.log('completed!'); },","type":"custom-code-block-javascript","depth":0,"inlineStyleRanges":[],"entityRanges":[],"data":{}},{"key":"123bj","text":"    );","type":"custom-code-block-javascript","depth":0,"inlineStyleRanges":[],"entityRanges":[],"data":{}},{"key":"77gf4","text":"  }","type":"custom-code-block-javascript","depth":0,"inlineStyleRanges":[],"entityRanges":[],"data":{}},{"key":"ahen7","text":"","type":"custom-code-block-javascript","depth":0,"inlineStyleRanges":[],"entityRanges":[],"data":{}},{"key":"6ep3","text":"  ngOnDestroy() { //here we have to unsubscribe our observables","type":"custom-code-block-javascript","depth":0,"inlineStyleRanges":[{"offset":0,"length":63,"style":"BOLD"},{"offset":0,"length":63,"style":"ITALIC"}],"entityRanges":[],"data":{}},{"key":"944sv","text":"    this.numbersObsSubscription.unsubscribe(); //clean your subscribtion here!","type":"custom-code-block-javascript","depth":0,"inlineStyleRanges":[{"offset":0,"length":78,"style":"BOLD"},{"offset":0,"length":78,"style":"ITALIC"}],"entityRanges":[],"data":{}},{"key":"4dugs","text":"    this.customObsSubscription.unsubscribe();","type":"custom-code-block-javascript","depth":0,"inlineStyleRanges":[{"offset":0,"length":45,"style":"BOLD"},{"offset":0,"length":45,"style":"ITALIC"}],"entityRanges":[],"data":{}},{"key":"esatr","text":"  }","type":"custom-code-block-javascript","depth":0,"inlineStyleRanges":[{"offset":0,"length":3,"style":"BOLD"},{"offset":0,"length":3,"style":"ITALIC"}],"entityRanges":[],"data":{}},{"key":"9a73","text":"}","type":"custom-code-block-javascript","depth":0,"inlineStyleRanges":[],"entityRanges":[],"data":{}},{"key":"a2e94","text":"","type":"unstyled","depth":0,"inlineStyleRanges":[],"entityRanges":[],"data":{}},{"key":"cgkmm","text":"","type":"unstyled","depth":0,"inlineStyleRanges":[],"entityRanges":[],"data":{}},{"key":"31te7","text":"########################################################################################","type":"unstyled","depth":0,"inlineStyleRanges":[{"offset":0,"length":88,"style":"BOLD"}],"entityRanges":[],"data":{}},{"key":"fhb20","text":"4. Using Subjects to Pass AND Listen to Data","type":"unstyled","depth":0,"inlineStyleRanges":[{"offset":0,"length":44,"style":"BOLD"}],"entityRanges":[],"data":{}},{"key":"19ibv","text":"-> YOU SHOULD USE IT INSTEAD OF THE EVENT EMMIT which ships with Angular!!!!","type":"unstyled","depth":0,"inlineStyleRanges":[{"offset":0,"length":76,"style":"BOLD"}],"entityRanges":[],"data":{}},{"key":"5svhr","text":"-> you can emmit it wherever in your code and subscribe it wherever in your code.","type":"unstyled","depth":0,"inlineStyleRanges":[{"offset":0,"length":81,"style":"BOLD"}],"entityRanges":[],"data":{}},{"key":"4ltne","text":"","type":"unstyled","depth":0,"inlineStyleRanges":[],"entityRanges":[],"data":{}},{"key":"3780b","text":"-> To create a cross component communication: ","type":"unstyled","depth":0,"inlineStyleRanges":[{"offset":0,"length":46,"style":"BOLD"}],"entityRanges":[],"data":{}},{"key":"8vh82","text":"","type":"unstyled","depth":0,"inlineStyleRanges":[],"entityRanges":[],"data":{}},{"key":"4pk0d","text":"4.1. For e.g. create a service where you will define a new Subject property:","type":"unstyled","depth":0,"inlineStyleRanges":[{"offset":0,"length":76,"style":"BOLD"}],"entityRanges":[],"data":{}},{"key":"dj6lh","text":"import { Subject } from 'rxjs/Subject';","type":"custom-code-block-javascript","depth":0,"inlineStyleRanges":[],"entityRanges":[],"data":{}},{"key":"69uag","text":"export class UsersService {","type":"custom-code-block-javascript","depth":0,"inlineStyleRanges":[],"entityRanges":[],"data":{}},{"key":"6muse","text":"  userActivated = new Subject;","type":"custom-code-block-javascript","depth":0,"inlineStyleRanges":[],"entityRanges":[],"data":{}},{"key":"f5t5u","text":"}","type":"custom-code-block-javascript","depth":0,"inlineStyleRanges":[],"entityRanges":[],"data":{}},{"key":"26a85","text":"","type":"unstyled","depth":0,"inlineStyleRanges":[],"entityRanges":[],"data":{}},{"key":"e8p5p","text":"4.2. Next in your inner component inject your service and create a method which will use a Subject object to send a data:","type":"unstyled","depth":0,"inlineStyleRanges":[],"entityRanges":[],"data":{}},{"key":"dacvs","text":"  onActivate() {","type":"custom-code-block-javascript","depth":0,"inlineStyleRanges":[],"entityRanges":[],"data":{}},{"key":"c8527","text":"    this.usersService.userActivated.next(this.id); // you can use other methods like: error or complete","type":"custom-code-block-javascript","depth":0,"inlineStyleRanges":[],"entityRanges":[],"data":{}},{"key":"6p25u","text":"  }","type":"custom-code-block-javascript","depth":0,"inlineStyleRanges":[],"entityRanges":[],"data":{}},{"key":"bf2er","text":"","type":"unstyled","depth":0,"inlineStyleRanges":[],"entityRanges":[],"data":{}},{"key":"79mih","text":"4.3. Next in your outer component subscribe for your Subject object event:","type":"unstyled","depth":0,"inlineStyleRanges":[],"entityRanges":[],"data":{}},{"key":"8chmq","text":"","type":"unstyled","depth":0,"inlineStyleRanges":[],"entityRanges":[],"data":{}},{"key":"3t7ie","text":"  ngOnInit() {","type":"custom-code-block-javascript","depth":0,"inlineStyleRanges":[],"entityRanges":[],"data":{}},{"key":"8q4c9","text":"    this.usersService.userActivated.subscribe(","type":"custom-code-block-javascript","depth":0,"inlineStyleRanges":[],"entityRanges":[],"data":{}},{"key":"b4a3s","text":"      (id: number) => {","type":"custom-code-block-javascript","depth":0,"inlineStyleRanges":[],"entityRanges":[],"data":{}},{"key":"da7mp","text":"        if (id === 1) {","type":"custom-code-block-javascript","depth":0,"inlineStyleRanges":[],"entityRanges":[],"data":{}},{"key":"366no","text":"          this.user1Activated = true;","type":"custom-code-block-javascript","depth":0,"inlineStyleRanges":[],"entityRanges":[],"data":{}},{"key":"941g4","text":"        } else if (id === 2) {","type":"custom-code-block-javascript","depth":0,"inlineStyleRanges":[],"entityRanges":[],"data":{}},{"key":"9us6d","text":"          this.user2Activated = true;","type":"custom-code-block-javascript","depth":0,"inlineStyleRanges":[],"entityRanges":[],"data":{}},{"key":"20nsa","text":"        }","type":"custom-code-block-javascript","depth":0,"inlineStyleRanges":[],"entityRanges":[],"data":{}},{"key":"eh7n","text":"      }","type":"custom-code-block-javascript","depth":0,"inlineStyleRanges":[],"entityRanges":[],"data":{}},{"key":"cu7hk","text":"    );","type":"custom-code-block-javascript","depth":0,"inlineStyleRanges":[],"entityRanges":[],"data":{}},{"key":"f1eoi","text":"  }","type":"custom-code-block-javascript","depth":0,"inlineStyleRanges":[],"entityRanges":[],"data":{}},{"key":"40eil","text":"","type":"unstyled","depth":0,"inlineStyleRanges":[],"entityRanges":[],"data":{}},{"key":"a0afr","text":"-> remember to unsubscribe it!!!!","type":"unstyled","depth":0,"inlineStyleRanges":[],"entityRanges":[],"data":{}},{"key":"2s6cp","text":"","type":"unstyled","depth":0,"inlineStyleRanges":[],"entityRanges":[],"data":{}},{"key":"3l5ik","text":"","type":"unstyled","depth":0,"inlineStyleRanges":[],"entityRanges":[],"data":{}},{"key":"86svb","text":"########################################################################################","type":"unstyled","depth":0,"inlineStyleRanges":[{"offset":0,"length":88,"style":"BOLD"}],"entityRanges":[],"data":{}},{"key":"7kgic","text":"5. Operators usage sample:","type":"unstyled","depth":0,"inlineStyleRanges":[{"offset":0,"length":26,"style":"BOLD"}],"entityRanges":[],"data":{}},{"key":"791tu","text":"-> Operators allows you to transform data you receive to something else and still stay inside your observable ","type":"unstyled","depth":0,"inlineStyleRanges":[{"offset":0,"length":110,"style":"BOLD"}],"entityRanges":[],"data":{}},{"key":"328ec","text":"","type":"unstyled","depth":0,"inlineStyleRanges":[],"entityRanges":[],"data":{}},{"key":"2h7kq","text":"all operators are avaliable here: http://reactivex.io/rxjs/class/es6/Observable.js~Observable.html","type":"unstyled","depth":0,"inlineStyleRanges":[{"offset":0,"length":98,"style":"BOLD"}],"entityRanges":[],"data":{}},{"key":"dl896","text":"","type":"unstyled","depth":0,"inlineStyleRanges":[],"entityRanges":[],"data":{}},{"key":"2riaa","text":"    const myNumbers = Observable.interval(1000).map( //it will take data and return double amount","type":"custom-code-block-javascript","depth":0,"inlineStyleRanges":[{"offset":48,"length":49,"style":"BOLD"}],"entityRanges":[],"data":{}},{"key":"2r6ab","text":"      (data: number) => {","type":"custom-code-block-javascript","depth":0,"inlineStyleRanges":[{"offset":0,"length":25,"style":"BOLD"}],"entityRanges":[],"data":{}},{"key":"2i3gv","text":"        return 2*data;","type":"custom-code-block-javascript","depth":0,"inlineStyleRanges":[{"offset":0,"length":22,"style":"BOLD"}],"entityRanges":[],"data":{}},{"key":"2am28","text":"      }","type":"custom-code-block-javascript","depth":0,"inlineStyleRanges":[{"offset":0,"length":7,"style":"BOLD"}],"entityRanges":[],"data":{}},{"key":"1caoq","text":"    );","type":"custom-code-block-javascript","depth":0,"inlineStyleRanges":[{"offset":0,"length":6,"style":"BOLD"}],"entityRanges":[],"data":{}},{"key":"76ftd","text":"","type":"unstyled","depth":0,"inlineStyleRanges":[],"entityRanges":[],"data":{}},{"key":"48fgv","text":"","type":"unstyled","depth":0,"inlineStyleRanges":[],"entityRanges":[],"data":{}},{"key":"csc0c","text":"","type":"unstyled","depth":0,"inlineStyleRanges":[],"entityRanges":[],"data":{}},{"key":"68v6b","text":"","type":"unstyled","depth":0,"inlineStyleRanges":[],"entityRanges":[],"data":{}},{"key":"5ecfr","text":"","type":"unstyled","depth":0,"inlineStyleRanges":[],"entityRanges":[],"data":{}}],"entityMap":{}},"tags":[]}