{"_id":"ryUnYPCHz","title":"Routing - basics","dateCreated":"2018-01-30T21:54:54.206Z","lastAccessed":"2018-03-12T22:19:02.255Z","lastUpdated":"2018-02-04T16:15:05.335Z","notebookId":"rySu93hVz","body":{"blocks":[{"key":"ag6qs","text":"Routing - basics","type":"header-one","depth":0,"inlineStyleRanges":[],"entityRanges":[],"data":{}},{"key":"59kd9","text":"1. Add Routes array to your app.module.ts file:","type":"unstyled","depth":0,"inlineStyleRanges":[],"entityRanges":[],"data":{}},{"key":"rec9","text":"    1.1. Import Routes module from \"@angular/router\"","type":"unstyled","depth":0,"inlineStyleRanges":[],"entityRanges":[],"data":{}},{"key":"4l6to","text":"    1.2. Declare appRoutes -> array with your routes","type":"unstyled","depth":0,"inlineStyleRanges":[],"entityRanges":[],"data":{}},{"key":"8evtd","text":"    1.3. Register your routes -> add RouterModule + import it","type":"unstyled","depth":0,"inlineStyleRanges":[],"entityRanges":[],"data":{}},{"key":"31f0l","text":"    ","type":"unstyled","depth":0,"inlineStyleRanges":[],"entityRanges":[],"data":{}},{"key":"2dg9n","text":"import { BrowserModule } from '@angular/platform-browser';","type":"custom-code-block-javascript","depth":0,"inlineStyleRanges":[],"entityRanges":[],"data":{}},{"key":"4b497","text":"import { NgModule } from '@angular/core';","type":"custom-code-block-javascript","depth":0,"inlineStyleRanges":[],"entityRanges":[],"data":{}},{"key":"4otvh","text":"import { FormsModule } from '@angular/forms';","type":"custom-code-block-javascript","depth":0,"inlineStyleRanges":[],"entityRanges":[],"data":{}},{"key":"8qe0s","text":"import { HttpModule } from '@angular/http';","type":"custom-code-block-javascript","depth":0,"inlineStyleRanges":[],"entityRanges":[],"data":{}},{"key":"6tupr","text":"import { Routes, RouterModule } from '@angular/router'; //import modules","type":"custom-code-block-javascript","depth":0,"inlineStyleRanges":[{"offset":0,"length":72,"style":"BOLD"},{"offset":0,"length":72,"style":"ITALIC"}],"entityRanges":[],"data":{}},{"key":"f587u","text":"","type":"custom-code-block-javascript","depth":0,"inlineStyleRanges":[],"entityRanges":[],"data":{}},{"key":"5dpj6","text":"import { AppComponent } from './app.component';","type":"custom-code-block-javascript","depth":0,"inlineStyleRanges":[],"entityRanges":[],"data":{}},{"key":"coivi","text":"import { HomeComponent } from './home/home.component';","type":"custom-code-block-javascript","depth":0,"inlineStyleRanges":[],"entityRanges":[],"data":{}},{"key":"9ut9k","text":"import { UsersComponent } from './users/users.component';","type":"custom-code-block-javascript","depth":0,"inlineStyleRanges":[],"entityRanges":[],"data":{}},{"key":"dkc9v","text":"import { ServersComponent } from './servers/servers.component';","type":"custom-code-block-javascript","depth":0,"inlineStyleRanges":[],"entityRanges":[],"data":{}},{"key":"aci88","text":"import { UserComponent } from './users/user/user.component';","type":"custom-code-block-javascript","depth":0,"inlineStyleRanges":[],"entityRanges":[],"data":{}},{"key":"3t10c","text":"import { EditServerComponent } from './servers/edit-server/edit-server.component';","type":"custom-code-block-javascript","depth":0,"inlineStyleRanges":[],"entityRanges":[],"data":{}},{"key":"2netf","text":"import { ServerComponent } from './servers/server/server.component';","type":"custom-code-block-javascript","depth":0,"inlineStyleRanges":[],"entityRanges":[],"data":{}},{"key":"keuu","text":"import { ServersService } from './servers/servers.service';","type":"custom-code-block-javascript","depth":0,"inlineStyleRanges":[],"entityRanges":[],"data":{}},{"key":"dmi6k","text":"","type":"custom-code-block-javascript","depth":0,"inlineStyleRanges":[],"entityRanges":[],"data":{}},{"key":"9bl3r","text":"const appRoutes: Routes = [ //Declare appRoutes with your routes","type":"custom-code-block-javascript","depth":0,"inlineStyleRanges":[{"offset":0,"length":64,"style":"BOLD"},{"offset":0,"length":64,"style":"ITALIC"}],"entityRanges":[],"data":{}},{"key":"efc4m","text":"  { path: \"\", component: HomeComponent },","type":"custom-code-block-javascript","depth":0,"inlineStyleRanges":[{"offset":0,"length":41,"style":"BOLD"},{"offset":0,"length":41,"style":"ITALIC"}],"entityRanges":[],"data":{}},{"key":"9ag43","text":"  { path: \"users\", component: UsersComponent },","type":"custom-code-block-javascript","depth":0,"inlineStyleRanges":[{"offset":0,"length":47,"style":"BOLD"},{"offset":0,"length":47,"style":"ITALIC"}],"entityRanges":[],"data":{}},{"key":"1rs9c","text":"  { path: \"servers\", component: ServerComponent }","type":"custom-code-block-javascript","depth":0,"inlineStyleRanges":[{"offset":0,"length":49,"style":"BOLD"},{"offset":0,"length":49,"style":"ITALIC"}],"entityRanges":[],"data":{}},{"key":"10upf","text":"  //{ path: \"servers\", redirectTo: \"users\" } //to reditect somewhere","type":"custom-code-block-javascript","depth":0,"inlineStyleRanges":[{"offset":4,"length":64,"style":"BOLD"},{"offset":4,"length":64,"style":"ITALIC"}],"entityRanges":[],"data":{}},{"key":"8jf4l","text":"];","type":"custom-code-block-javascript","depth":0,"inlineStyleRanges":[{"offset":0,"length":2,"style":"BOLD"},{"offset":0,"length":2,"style":"ITALIC"}],"entityRanges":[],"data":{}},{"key":"8tm3p","text":"","type":"custom-code-block-javascript","depth":0,"inlineStyleRanges":[],"entityRanges":[],"data":{}},{"key":"2h3qn","text":"@NgModule({","type":"custom-code-block-javascript","depth":0,"inlineStyleRanges":[],"entityRanges":[],"data":{}},{"key":"1mrp0","text":"  declarations: [","type":"custom-code-block-javascript","depth":0,"inlineStyleRanges":[],"entityRanges":[],"data":{}},{"key":"c0mbk","text":"    AppComponent,","type":"custom-code-block-javascript","depth":0,"inlineStyleRanges":[],"entityRanges":[],"data":{}},{"key":"4ci28","text":"    HomeComponent,","type":"custom-code-block-javascript","depth":0,"inlineStyleRanges":[],"entityRanges":[],"data":{}},{"key":"dta3i","text":"    UsersComponent,","type":"custom-code-block-javascript","depth":0,"inlineStyleRanges":[],"entityRanges":[],"data":{}},{"key":"cph6m","text":"    ServersComponent,","type":"custom-code-block-javascript","depth":0,"inlineStyleRanges":[],"entityRanges":[],"data":{}},{"key":"8rh8a","text":"    UserComponent,","type":"custom-code-block-javascript","depth":0,"inlineStyleRanges":[],"entityRanges":[],"data":{}},{"key":"7fl36","text":"    EditServerComponent,","type":"custom-code-block-javascript","depth":0,"inlineStyleRanges":[],"entityRanges":[],"data":{}},{"key":"9b65o","text":"    ServerComponent","type":"custom-code-block-javascript","depth":0,"inlineStyleRanges":[],"entityRanges":[],"data":{}},{"key":"dai3f","text":"  ],","type":"custom-code-block-javascript","depth":0,"inlineStyleRanges":[],"entityRanges":[],"data":{}},{"key":"15vjl","text":"  imports: [","type":"custom-code-block-javascript","depth":0,"inlineStyleRanges":[],"entityRanges":[],"data":{}},{"key":"4rlig","text":"    BrowserModule,","type":"custom-code-block-javascript","depth":0,"inlineStyleRanges":[],"entityRanges":[],"data":{}},{"key":"d6ovl","text":"    FormsModule,","type":"custom-code-block-javascript","depth":0,"inlineStyleRanges":[],"entityRanges":[],"data":{}},{"key":"aiu78","text":"    HttpModule,","type":"custom-code-block-javascript","depth":0,"inlineStyleRanges":[],"entityRanges":[],"data":{}},{"key":"477ro","text":"    RouterModule.forRoot(appRoutes) //allows as to register routes for whole app","type":"custom-code-block-javascript","depth":0,"inlineStyleRanges":[{"offset":0,"length":80,"style":"BOLD"},{"offset":0,"length":80,"style":"ITALIC"}],"entityRanges":[],"data":{}},{"key":"ck4io","text":"  ],","type":"custom-code-block-javascript","depth":0,"inlineStyleRanges":[],"entityRanges":[],"data":{}},{"key":"a7dli","text":"  providers: [ServersService],","type":"custom-code-block-javascript","depth":0,"inlineStyleRanges":[],"entityRanges":[],"data":{}},{"key":"bo44p","text":"  bootstrap: [AppComponent]","type":"custom-code-block-javascript","depth":0,"inlineStyleRanges":[],"entityRanges":[],"data":{}},{"key":"43jtu","text":"})","type":"custom-code-block-javascript","depth":0,"inlineStyleRanges":[],"entityRanges":[],"data":{}},{"key":"1pafn","text":"export class AppModule { }","type":"custom-code-block-javascript","depth":0,"inlineStyleRanges":[],"entityRanges":[],"data":{}},{"key":"6s0pa","text":"","type":"unstyled","depth":0,"inlineStyleRanges":[],"entityRanges":[],"data":{}},{"key":"8vh1t","text":"    1.4. You have to tell angular where it should display your components on particular route:","type":"unstyled","depth":0,"inlineStyleRanges":[],"entityRanges":[],"data":{}},{"key":"dr4dh","text":"    -> add a special directive router-outlet (marks the place in our document where we want angular router to load a component)","type":"unstyled","depth":0,"inlineStyleRanges":[{"offset":31,"length":96,"style":"BOLD"}],"entityRanges":[],"data":{}},{"key":"8quh6","text":"    ","type":"unstyled","depth":0,"inlineStyleRanges":[],"entityRanges":[],"data":{}},{"key":"dolst","text":"    1.5. To create a navigation you have to use special Angular directive -> routerLink and add it to your a tag","type":"unstyled","depth":0,"inlineStyleRanges":[],"entityRanges":[],"data":{}},{"key":"gfl7","text":"    -> You can use it differently routerLink=\"/\" (passing string) or [routerLink]=\"['/users', ''another route]\"","type":"unstyled","depth":0,"inlineStyleRanges":[{"offset":34,"length":77,"style":"BOLD"},{"offset":34,"length":77,"style":"ITALIC"}],"entityRanges":[],"data":{}},{"key":"csh6","text":"    ","type":"unstyled","depth":0,"inlineStyleRanges":[],"entityRanges":[],"data":{}},{"key":"csrhv","text":"    1.6 To mark active tabs angular gives us next directive routerLinkActive where we pass a string with our css class here active:","type":"unstyled","depth":0,"inlineStyleRanges":[],"entityRanges":[],"data":{}},{"key":"au5jf","text":"    -> to create root route correctly we have to add another directive [routerLinkActiveOptions]=\"{exact: true}\" it means Angular will take all path, doesn't look if \"/\" is only part of a route.","type":"unstyled","depth":0,"inlineStyleRanges":[{"offset":71,"length":41,"style":"BOLD"},{"offset":71,"length":41,"style":"ITALIC"}],"entityRanges":[],"data":{}},{"key":"23b35","text":"","type":"custom-code-block-html","depth":0,"inlineStyleRanges":[],"entityRanges":[],"data":{}},{"key":"bf5f0","text":"<div class=\"container\">","type":"custom-code-block-html","depth":0,"inlineStyleRanges":[],"entityRanges":[],"data":{}},{"key":"md3l","text":"  <div class=\"row\">","type":"custom-code-block-html","depth":0,"inlineStyleRanges":[],"entityRanges":[],"data":{}},{"key":"fbmen","text":"    <div class=\"col-xs-12 col-sm-10 col-md-8 col-sm-offset-1 col-md-offset-2\">","type":"custom-code-block-html","depth":0,"inlineStyleRanges":[],"entityRanges":[],"data":{}},{"key":"epff5","text":"      <ul class=\"nav nav-tabs\">","type":"custom-code-block-html","depth":0,"inlineStyleRanges":[],"entityRanges":[],"data":{}},{"key":"5fooo","text":"        <li role=\"presentation\" routerLinkActive=\"active\" [routerLinkActiveOptions]=\"{exact: true}\">","type":"custom-code-block-html","depth":0,"inlineStyleRanges":[{"offset":32,"length":67,"style":"BOLD"},{"offset":32,"length":67,"style":"ITALIC"}],"entityRanges":[],"data":{}},{"key":"3arqg","text":"          <a routerLink=\"/\">Home</a>","type":"custom-code-block-html","depth":0,"inlineStyleRanges":[{"offset":12,"length":15,"style":"ITALIC"},{"offset":13,"length":14,"style":"BOLD"}],"entityRanges":[],"data":{}},{"key":"1c4mt","text":"        </li>","type":"custom-code-block-html","depth":0,"inlineStyleRanges":[],"entityRanges":[],"data":{}},{"key":"6oo8j","text":"        <li role=\"presentation\" routerLinkActive=\"active\">","type":"custom-code-block-html","depth":0,"inlineStyleRanges":[{"offset":32,"length":25,"style":"BOLD"},{"offset":32,"length":25,"style":"ITALIC"}],"entityRanges":[],"data":{}},{"key":"2am4u","text":"          <a routerLink=\"/servers\">Servers</a>","type":"custom-code-block-html","depth":0,"inlineStyleRanges":[{"offset":13,"length":21,"style":"ITALIC"},{"offset":13,"length":21,"style":"BOLD"}],"entityRanges":[],"data":{}},{"key":"1q2qs","text":"        </li>","type":"custom-code-block-html","depth":0,"inlineStyleRanges":[],"entityRanges":[],"data":{}},{"key":"cd1a8","text":"        <li role=\"presentation\" routerLinkActive=\"active\">","type":"custom-code-block-html","depth":0,"inlineStyleRanges":[{"offset":32,"length":25,"style":"BOLD"},{"offset":32,"length":25,"style":"ITALIC"}],"entityRanges":[],"data":{}},{"key":"ble4d","text":"          <a [routerLink]=\"['/users']\">Users</a>","type":"custom-code-block-html","depth":0,"inlineStyleRanges":[{"offset":13,"length":25,"style":"ITALIC"},{"offset":13,"length":25,"style":"BOLD"}],"entityRanges":[],"data":{}},{"key":"frp2j","text":"        </li>","type":"custom-code-block-html","depth":0,"inlineStyleRanges":[],"entityRanges":[],"data":{}},{"key":"9q5f5","text":"      </ul>","type":"custom-code-block-html","depth":0,"inlineStyleRanges":[],"entityRanges":[],"data":{}},{"key":"a3em0","text":"    </div>","type":"custom-code-block-html","depth":0,"inlineStyleRanges":[],"entityRanges":[],"data":{}},{"key":"1nrp0","text":"  </div>","type":"custom-code-block-html","depth":0,"inlineStyleRanges":[],"entityRanges":[],"data":{}},{"key":"313m6","text":"  <div class=\"row\">","type":"custom-code-block-html","depth":0,"inlineStyleRanges":[],"entityRanges":[],"data":{}},{"key":"3j8sp","text":"    <div class=\"col-xs-12 col-sm-10 col-md-8 col-sm-offset-1 col-md-offset-2\">","type":"custom-code-block-html","depth":0,"inlineStyleRanges":[],"entityRanges":[],"data":{}},{"key":"7406a","text":"      <router-outlet></router-outlet>","type":"custom-code-block-html","depth":0,"inlineStyleRanges":[{"offset":6,"length":31,"style":"BOLD"},{"offset":6,"length":31,"style":"ITALIC"}],"entityRanges":[],"data":{}},{"key":"apeji","text":"    </div>","type":"custom-code-block-html","depth":0,"inlineStyleRanges":[],"entityRanges":[],"data":{}},{"key":"ffm3u","text":"  </div>","type":"custom-code-block-html","depth":0,"inlineStyleRanges":[],"entityRanges":[],"data":{}},{"key":"4jabe","text":"</div>","type":"custom-code-block-html","depth":0,"inlineStyleRanges":[],"entityRanges":[],"data":{}},{"key":"fufn4","text":"","type":"unstyled","depth":0,"inlineStyleRanges":[],"entityRanges":[],"data":{}},{"key":"1i5jg","text":"","type":"unstyled","depth":0,"inlineStyleRanges":[],"entityRanges":[],"data":{}},{"key":"giku","text":"--------------------------------------------------------------------------","type":"unstyled","depth":0,"inlineStyleRanges":[],"entityRanges":[],"data":{}},{"key":"ad7ds","text":"2. To navigate somewhere from your component code:","type":"unstyled","depth":0,"inlineStyleRanges":[],"entityRanges":[],"data":{}},{"key":"6j7gu","text":"-> e.g. add a method that you invoke while click a button:","type":"unstyled","depth":0,"inlineStyleRanges":[],"entityRanges":[],"data":{}},{"key":"41t1b","text":"import { Component, OnInit } from '@angular/core';","type":"custom-code-block-javascript","depth":0,"inlineStyleRanges":[],"entityRanges":[],"data":{}},{"key":"dsm4b","text":"import { Router } from '@angular/router'; //import a router Module","type":"custom-code-block-javascript","depth":0,"inlineStyleRanges":[{"offset":0,"length":66,"style":"BOLD"},{"offset":0,"length":66,"style":"ITALIC"}],"entityRanges":[],"data":{}},{"key":"e2gag","text":"@Component({","type":"custom-code-block-javascript","depth":0,"inlineStyleRanges":[],"entityRanges":[],"data":{}},{"key":"6gea3","text":"  selector: 'app-home',","type":"custom-code-block-javascript","depth":0,"inlineStyleRanges":[],"entityRanges":[],"data":{}},{"key":"1r27q","text":"  templateUrl: './home.component.html',","type":"custom-code-block-javascript","depth":0,"inlineStyleRanges":[],"entityRanges":[],"data":{}},{"key":"dkbu4","text":"  styleUrls: ['./home.component.css']","type":"custom-code-block-javascript","depth":0,"inlineStyleRanges":[],"entityRanges":[],"data":{}},{"key":"99r0l","text":"})","type":"custom-code-block-javascript","depth":0,"inlineStyleRanges":[],"entityRanges":[],"data":{}},{"key":"64g2p","text":"export class HomeComponent implements OnInit {","type":"custom-code-block-javascript","depth":0,"inlineStyleRanges":[],"entityRanges":[],"data":{}},{"key":"252tv","text":"  constructor(private router: Router) { } //add a router property to your class","type":"custom-code-block-javascript","depth":0,"inlineStyleRanges":[{"offset":2,"length":77,"style":"BOLD"},{"offset":2,"length":77,"style":"ITALIC"}],"entityRanges":[],"data":{}},{"key":"1hnf7","text":"  ngOnInit() {}","type":"custom-code-block-javascript","depth":0,"inlineStyleRanges":[],"entityRanges":[],"data":{}},{"key":"c9npl","text":"","type":"custom-code-block-javascript","depth":0,"inlineStyleRanges":[],"entityRanges":[],"data":{}},{"key":"4adc3","text":"  onLoadServers() {","type":"custom-code-block-javascript","depth":0,"inlineStyleRanges":[],"entityRanges":[],"data":{}},{"key":"fhtaj","text":"    //some calculation here","type":"custom-code-block-javascript","depth":0,"inlineStyleRanges":[],"entityRanges":[],"data":{}},{"key":"d9app","text":"    this.router.navigate(['/servers']); //use a special method on router object navigate","type":"custom-code-block-javascript","depth":0,"inlineStyleRanges":[{"offset":4,"length":84,"style":"BOLD"},{"offset":4,"length":84,"style":"ITALIC"}],"entityRanges":[],"data":{}},{"key":"clrfr","text":"  }","type":"custom-code-block-javascript","depth":0,"inlineStyleRanges":[],"entityRanges":[],"data":{}},{"key":"8ark8","text":"}","type":"custom-code-block-javascript","depth":0,"inlineStyleRanges":[],"entityRanges":[],"data":{}},{"key":"askc8","text":"","type":"unstyled","depth":0,"inlineStyleRanges":[],"entityRanges":[],"data":{}},{"key":"dl84j","text":"","type":"unstyled","depth":0,"inlineStyleRanges":[],"entityRanges":[],"data":{}},{"key":"bitnh","text":"-> to have your activatedRoute - add a activatedRoute module from @angular/router","type":"unstyled","depth":0,"inlineStyleRanges":[],"entityRanges":[],"data":{}},{"key":"4g46r","text":"import { Component, OnInit } from '@angular/core';","type":"custom-code-block-javascript","depth":0,"inlineStyleRanges":[],"entityRanges":[],"data":{}},{"key":"cl213","text":"import { Router, ActivatedRoute } from '@angular/router'; //import ActivatedRoute","type":"custom-code-block-javascript","depth":0,"inlineStyleRanges":[{"offset":0,"length":81,"style":"BOLD"},{"offset":0,"length":81,"style":"ITALIC"}],"entityRanges":[],"data":{}},{"key":"cnqlh","text":"import { ServersService } from './servers.service';","type":"custom-code-block-javascript","depth":0,"inlineStyleRanges":[],"entityRanges":[],"data":{}},{"key":"8dbbk","text":"","type":"custom-code-block-javascript","depth":0,"inlineStyleRanges":[],"entityRanges":[],"data":{}},{"key":"5h9m8","text":"@Component({","type":"custom-code-block-javascript","depth":0,"inlineStyleRanges":[],"entityRanges":[],"data":{}},{"key":"9dmgm","text":"  selector: 'app-servers',","type":"custom-code-block-javascript","depth":0,"inlineStyleRanges":[],"entityRanges":[],"data":{}},{"key":"bbvus","text":"  templateUrl: './servers.component.html',","type":"custom-code-block-javascript","depth":0,"inlineStyleRanges":[],"entityRanges":[],"data":{}},{"key":"ddfkb","text":"  styleUrls: ['./servers.component.css']","type":"custom-code-block-javascript","depth":0,"inlineStyleRanges":[],"entityRanges":[],"data":{}},{"key":"2tvjn","text":"})","type":"custom-code-block-javascript","depth":0,"inlineStyleRanges":[],"entityRanges":[],"data":{}},{"key":"3rofn","text":"export class ServersComponent implements OnInit {","type":"custom-code-block-javascript","depth":0,"inlineStyleRanges":[],"entityRanges":[],"data":{}},{"key":"e05tv","text":"  private servers: { id: number, name: string, status: string }[] = [];","type":"custom-code-block-javascript","depth":0,"inlineStyleRanges":[],"entityRanges":[],"data":{}},{"key":"7cnj2","text":"","type":"custom-code-block-javascript","depth":0,"inlineStyleRanges":[],"entityRanges":[],"data":{}},{"key":"7evn1","text":"  constructor(private serversService: ServersService,","type":"custom-code-block-javascript","depth":0,"inlineStyleRanges":[],"entityRanges":[],"data":{}},{"key":"663o","text":"    private router: Router,","type":"custom-code-block-javascript","depth":0,"inlineStyleRanges":[],"entityRanges":[],"data":{}},{"key":"8c0cg","text":"    private activatedRoute: ActivatedRoute) { } //add it ","type":"custom-code-block-javascript","depth":0,"inlineStyleRanges":[{"offset":3,"length":54,"style":"BOLD"},{"offset":3,"length":54,"style":"ITALIC"}],"entityRanges":[],"data":{}},{"key":"34r8m","text":"","type":"custom-code-block-javascript","depth":0,"inlineStyleRanges":[],"entityRanges":[],"data":{}},{"key":"4dlbe","text":"  ngOnInit() {","type":"custom-code-block-javascript","depth":0,"inlineStyleRanges":[],"entityRanges":[],"data":{}},{"key":"aqb5a","text":"    this.servers = this.serversService.getServers();","type":"custom-code-block-javascript","depth":0,"inlineStyleRanges":[],"entityRanges":[],"data":{}},{"key":"6r0mq","text":"    console.log(this.activatedRoute);","type":"custom-code-block-javascript","depth":0,"inlineStyleRanges":[],"entityRanges":[],"data":{}},{"key":"3vmro","text":"  }","type":"custom-code-block-javascript","depth":0,"inlineStyleRanges":[],"entityRanges":[],"data":{}},{"key":"aq78d","text":"","type":"custom-code-block-javascript","depth":0,"inlineStyleRanges":[],"entityRanges":[],"data":{}},{"key":"4t481","text":"  onReload() {","type":"custom-code-block-javascript","depth":0,"inlineStyleRanges":[],"entityRanges":[],"data":{}},{"key":"d6e5a","text":"      // TO GO ONE LEVEL UP YOU CAN PASS ../SERVERS !!!","type":"custom-code-block-javascript","depth":0,"inlineStyleRanges":[{"offset":6,"length":49,"style":"BOLD"},{"offset":6,"length":49,"style":"ITALIC"}],"entityRanges":[],"data":{}},{"key":"tq68","text":"    this.router.navigate(['servers'], { //by default Angular doesn't know where he is (which component)","type":"custom-code-block-javascript","depth":0,"inlineStyleRanges":[{"offset":0,"length":103,"style":"BOLD"},{"offset":0,"length":103,"style":"ITALIC"}],"entityRanges":[],"data":{}},{"key":"2c0e8","text":"      relativeTo: this.activatedRoute //here your are passing him activatedRoute object to let him know where he is.","type":"custom-code-block-javascript","depth":0,"inlineStyleRanges":[{"offset":0,"length":116,"style":"BOLD"},{"offset":0,"length":116,"style":"ITALIC"}],"entityRanges":[],"data":{}},{"key":"67ske","text":"    });","type":"custom-code-block-javascript","depth":0,"inlineStyleRanges":[{"offset":0,"length":7,"style":"BOLD"},{"offset":0,"length":7,"style":"ITALIC"}],"entityRanges":[],"data":{}},{"key":"5qqk7","text":"  }","type":"custom-code-block-javascript","depth":0,"inlineStyleRanges":[],"entityRanges":[],"data":{}},{"key":"c5fgt","text":"}","type":"custom-code-block-javascript","depth":0,"inlineStyleRanges":[],"entityRanges":[],"data":{}},{"key":"37ik9","text":"","type":"unstyled","depth":0,"inlineStyleRanges":[],"entityRanges":[],"data":{}},{"key":"5ft74","text":"","type":"unstyled","depth":0,"inlineStyleRanges":[],"entityRanges":[],"data":{}},{"key":"9nd8a","text":"","type":"unstyled","depth":0,"inlineStyleRanges":[],"entityRanges":[],"data":{}},{"key":"drmva","text":"##############################################################################################","type":"unstyled","depth":0,"inlineStyleRanges":[],"entityRanges":[],"data":{}},{"key":"dsubp","text":"Setting up Child (Nested) Routes","type":"unstyled","depth":0,"inlineStyleRanges":[{"offset":0,"length":32,"style":"BOLD"}],"entityRanges":[],"data":{}},{"key":"drphr","text":"","type":"unstyled","depth":0,"inlineStyleRanges":[],"entityRanges":[],"data":{}},{"key":"cvcll","text":"-> if you want to nest your routes to load inner component inside of other component you can:","type":"unstyled","depth":0,"inlineStyleRanges":[{"offset":0,"length":93,"style":"BOLD"}],"entityRanges":[],"data":{}},{"key":"2aqcr","text":"1. add children to your appRoutes array in app.module.ts file:","type":"unstyled","depth":0,"inlineStyleRanges":[{"offset":0,"length":62,"style":"BOLD"}],"entityRanges":[],"data":{}},{"key":"b4oh0","text":"const appRoutes: Routes = [","type":"custom-code-block-javascript","depth":0,"inlineStyleRanges":[],"entityRanges":[],"data":{}},{"key":"1q6c1","text":"  { path: \"\", component: HomeComponent },","type":"custom-code-block-javascript","depth":0,"inlineStyleRanges":[],"entityRanges":[],"data":{}},{"key":"etce3","text":"  { path: \"users\", component: UsersComponent, children: [","type":"custom-code-block-javascript","depth":0,"inlineStyleRanges":[{"offset":46,"length":11,"style":"BOLD"},{"offset":46,"length":11,"style":"ITALIC"}],"entityRanges":[],"data":{}},{"key":"fbdld","text":"    { path: \":id/:name\", component: UserComponent }","type":"custom-code-block-javascript","depth":0,"inlineStyleRanges":[{"offset":0,"length":51,"style":"BOLD"},{"offset":0,"length":51,"style":"ITALIC"}],"entityRanges":[],"data":{}},{"key":"4cdon","text":"  ]},","type":"custom-code-block-javascript","depth":0,"inlineStyleRanges":[{"offset":0,"length":3,"style":"BOLD"},{"offset":0,"length":3,"style":"ITALIC"}],"entityRanges":[],"data":{}},{"key":"a9t42","text":"  { path: \"servers\", component: ServersComponent, children: [","type":"custom-code-block-javascript","depth":0,"inlineStyleRanges":[{"offset":50,"length":11,"style":"BOLD"},{"offset":50,"length":11,"style":"ITALIC"}],"entityRanges":[],"data":{}},{"key":"dq8a7","text":"    { path: \":id\", component: ServerComponent },","type":"custom-code-block-javascript","depth":0,"inlineStyleRanges":[{"offset":0,"length":48,"style":"BOLD"},{"offset":0,"length":48,"style":"ITALIC"}],"entityRanges":[],"data":{}},{"key":"1i68f","text":"    { path: \":id/edit\", component: EditServerComponent}","type":"custom-code-block-javascript","depth":0,"inlineStyleRanges":[{"offset":0,"length":55,"style":"BOLD"},{"offset":0,"length":55,"style":"ITALIC"}],"entityRanges":[],"data":{}},{"key":"d5jiv","text":"  ]}","type":"custom-code-block-javascript","depth":0,"inlineStyleRanges":[{"offset":0,"length":3,"style":"BOLD"},{"offset":0,"length":3,"style":"ITALIC"}],"entityRanges":[],"data":{}},{"key":"alge1","text":"];","type":"custom-code-block-javascript","depth":0,"inlineStyleRanges":[],"entityRanges":[],"data":{}},{"key":"7r7pv","text":"","type":"unstyled","depth":0,"inlineStyleRanges":[],"entityRanges":[],"data":{}},{"key":"2t18n","text":"2. In your component where you want to display inner component (by this routes) add router-outlet tag to let angular know where put it:","type":"unstyled","depth":0,"inlineStyleRanges":[],"entityRanges":[],"data":{}},{"key":"6202n","text":"<div class=\"row\">","type":"custom-code-block-javascript","depth":0,"inlineStyleRanges":[],"entityRanges":[],"data":{}},{"key":"9vq78","text":"  <div class=\"col-xs-12 col-sm-4\">","type":"custom-code-block-javascript","depth":0,"inlineStyleRanges":[],"entityRanges":[],"data":{}},{"key":"5m91k","text":"    <div class=\"list-group\">","type":"custom-code-block-javascript","depth":0,"inlineStyleRanges":[],"entityRanges":[],"data":{}},{"key":"egra0","text":"      <a [routerLink]=\"['/servers', server.id]\" [queryParams]=\"{allowEdit: '1'}\"  fragment=\"loading\"","type":"custom-code-block-javascript","depth":0,"inlineStyleRanges":[],"entityRanges":[],"data":{}},{"key":"4fon1","text":"      class=\"list-group-item\" *ngFor=\"let server of servers\">","type":"custom-code-block-javascript","depth":0,"inlineStyleRanges":[],"entityRanges":[],"data":{}},{"key":"14b9q","text":"        {{ server.name }}","type":"custom-code-block-javascript","depth":0,"inlineStyleRanges":[],"entityRanges":[],"data":{}},{"key":"b17c4","text":"      </a>","type":"custom-code-block-javascript","depth":0,"inlineStyleRanges":[],"entityRanges":[],"data":{}},{"key":"flqk1","text":"    </div>","type":"custom-code-block-javascript","depth":0,"inlineStyleRanges":[],"entityRanges":[],"data":{}},{"key":"5fc79","text":"  </div>","type":"custom-code-block-javascript","depth":0,"inlineStyleRanges":[],"entityRanges":[],"data":{}},{"key":"6s59p","text":"  <div class=\"col-xs-12 col-sm-4\">","type":"custom-code-block-javascript","depth":0,"inlineStyleRanges":[],"entityRanges":[],"data":{}},{"key":"91ebf","text":"    <router-outlet></router-outlet> // Angular boy put it here!","type":"custom-code-block-javascript","depth":0,"inlineStyleRanges":[{"offset":4,"length":59,"style":"BOLD"},{"offset":4,"length":59,"style":"ITALIC"}],"entityRanges":[],"data":{}},{"key":"9ht7q","text":"  </div>","type":"custom-code-block-javascript","depth":0,"inlineStyleRanges":[],"entityRanges":[],"data":{}},{"key":"47kal","text":"</div>","type":"custom-code-block-javascript","depth":0,"inlineStyleRanges":[],"entityRanges":[],"data":{}},{"key":"78fqi","text":"","type":"unstyled","depth":0,"inlineStyleRanges":[],"entityRanges":[],"data":{}},{"key":"2voet","text":"","type":"unstyled","depth":0,"inlineStyleRanges":[],"entityRanges":[],"data":{}},{"key":"c705l","text":"##############################################################################################","type":"unstyled","depth":0,"inlineStyleRanges":[],"entityRanges":[],"data":{}},{"key":"cfdg5","text":"Redirecting and Wildcard Routes","type":"unstyled","depth":0,"inlineStyleRanges":[{"offset":0,"length":31,"style":"BOLD"}],"entityRanges":[],"data":{}},{"key":"fqqc1","text":"-> to redirect: redirectTo: \"page-not-found\"","type":"unstyled","depth":0,"inlineStyleRanges":[{"offset":16,"length":28,"style":"BOLD"}],"entityRanges":[],"data":{}},{"key":"cvhj8","text":"-> path: \"**\" - it will be matched if any previous routes won't (always declare it on last place!)","type":"unstyled","depth":0,"inlineStyleRanges":[],"entityRanges":[],"data":{}},{"key":"8v8kf","text":"const appRoutes: Routes = [","type":"custom-code-block-javascript","depth":0,"inlineStyleRanges":[],"entityRanges":[],"data":{}},{"key":"1c8fo","text":"  { path: \"\", component: HomeComponent },","type":"custom-code-block-javascript","depth":0,"inlineStyleRanges":[],"entityRanges":[],"data":{}},{"key":"8dk77","text":"  { path: \"users\", component: UsersComponent, children: [","type":"custom-code-block-javascript","depth":0,"inlineStyleRanges":[],"entityRanges":[],"data":{}},{"key":"cbl4n","text":"    { path: \":id/:name\", component: UserComponent }","type":"custom-code-block-javascript","depth":0,"inlineStyleRanges":[],"entityRanges":[],"data":{}},{"key":"e8arm","text":"  ]},","type":"custom-code-block-javascript","depth":0,"inlineStyleRanges":[],"entityRanges":[],"data":{}},{"key":"29ndo","text":"  { path: \"servers\", component: ServersComponent, children: [","type":"custom-code-block-javascript","depth":0,"inlineStyleRanges":[],"entityRanges":[],"data":{}},{"key":"bs0o1","text":"    { path: \":id\", component: ServerComponent },","type":"custom-code-block-javascript","depth":0,"inlineStyleRanges":[],"entityRanges":[],"data":{}},{"key":"9s40d","text":"    { path: \":id/edit\", component: EditServerComponent}","type":"custom-code-block-javascript","depth":0,"inlineStyleRanges":[],"entityRanges":[],"data":{}},{"key":"dfpd2","text":"  ]},","type":"custom-code-block-javascript","depth":0,"inlineStyleRanges":[],"entityRanges":[],"data":{}},{"key":"4bckk","text":"  { path: \"page-not-found\", component: PageNotFoundComponent },","type":"custom-code-block-javascript","depth":0,"inlineStyleRanges":[],"entityRanges":[],"data":{}},{"key":"48p78","text":"  { path: \"**\", redirectTo: \"page-not-found\"} //","type":"custom-code-block-javascript","depth":0,"inlineStyleRanges":[{"offset":2,"length":46,"style":"BOLD"},{"offset":2,"length":46,"style":"ITALIC"}],"entityRanges":[],"data":{}},{"key":"5oqkj","text":"];","type":"custom-code-block-javascript","depth":0,"inlineStyleRanges":[],"entityRanges":[],"data":{}},{"key":"91d8e","text":"","type":"unstyled","depth":0,"inlineStyleRanges":[],"entityRanges":[],"data":{}},{"key":"7nfl","text":"","type":"unstyled","depth":0,"inlineStyleRanges":[],"entityRanges":[],"data":{}},{"key":"2fc39","text":"","type":"unstyled","depth":0,"inlineStyleRanges":[],"entityRanges":[],"data":{}}],"entityMap":{}},"tags":[]}