{"_id":"S1r2Rr7UG","title":"Outsourcing the Route Configuration","dateCreated":"2018-02-03T15:01:00.730Z","lastAccessed":"2018-03-12T22:18:40.454Z","lastUpdated":"2018-02-03T15:15:36.363Z","notebookId":"rySu93hVz","body":{"blocks":[{"key":"ag6qs","text":"Outsourcing the Route Configuration","type":"header-one","depth":0,"inlineStyleRanges":[],"entityRanges":[],"data":{}},{"key":"59kd9","text":"-> It's better to have your route configuration in different file:","type":"unstyled","depth":0,"inlineStyleRanges":[],"entityRanges":[],"data":{}},{"key":"fhrl","text":"1. Add app-routing.module.ts","type":"unstyled","depth":0,"inlineStyleRanges":[],"entityRanges":[],"data":{}},{"key":"805th","text":"import { NgModule } from '@angular/core';","type":"custom-code-block-javascript","depth":0,"inlineStyleRanges":[],"entityRanges":[],"data":{}},{"key":"98sb4","text":"import { Routes, RouterModule } from '@angular/router';","type":"custom-code-block-javascript","depth":0,"inlineStyleRanges":[],"entityRanges":[],"data":{}},{"key":"5d0dh","text":"import { RecipesComponent } from './recipes/recipes.component';","type":"custom-code-block-javascript","depth":0,"inlineStyleRanges":[],"entityRanges":[],"data":{}},{"key":"7nmtg","text":"import { ShoppingListComponent } from './shopping-list/shopping-list.component';","type":"custom-code-block-javascript","depth":0,"inlineStyleRanges":[],"entityRanges":[],"data":{}},{"key":"2c8eq","text":"","type":"custom-code-block-javascript","depth":0,"inlineStyleRanges":[],"entityRanges":[],"data":{}},{"key":"5t67e","text":"const appRoutes: Routes = [","type":"custom-code-block-javascript","depth":0,"inlineStyleRanges":[],"entityRanges":[],"data":{}},{"key":"adbtl","text":"  { path: '', component: RecipesComponent },","type":"custom-code-block-javascript","depth":0,"inlineStyleRanges":[],"entityRanges":[],"data":{}},{"key":"di3vr","text":"  { path: 'recipes', component: RecipesComponent },","type":"custom-code-block-javascript","depth":0,"inlineStyleRanges":[],"entityRanges":[],"data":{}},{"key":"5hihs","text":"  { path: 'shoppinglist', component: ShoppingListComponent }","type":"custom-code-block-javascript","depth":0,"inlineStyleRanges":[],"entityRanges":[],"data":{}},{"key":"b0otc","text":"];","type":"custom-code-block-javascript","depth":0,"inlineStyleRanges":[],"entityRanges":[],"data":{}},{"key":"f3d22","text":"@NgModule({","type":"custom-code-block-javascript","depth":0,"inlineStyleRanges":[],"entityRanges":[],"data":{}},{"key":"9fotf","text":"  imports: [RouterModule.forRoot(appRoutes)],","type":"custom-code-block-javascript","depth":0,"inlineStyleRanges":[],"entityRanges":[],"data":{}},{"key":"7n6p1","text":"  exports: [RouterModule]","type":"custom-code-block-javascript","depth":0,"inlineStyleRanges":[],"entityRanges":[],"data":{}},{"key":"35l7n","text":"})","type":"custom-code-block-javascript","depth":0,"inlineStyleRanges":[],"entityRanges":[],"data":{}},{"key":"1km7f","text":"export class AppRoutingModule { }","type":"custom-code-block-javascript","depth":0,"inlineStyleRanges":[],"entityRanges":[],"data":{}},{"key":"6jriv","text":"","type":"unstyled","depth":0,"inlineStyleRanges":[],"entityRanges":[],"data":{}},{"key":"cf3ov","text":"2. Import your routing module in your app.module.ts","type":"unstyled","depth":0,"inlineStyleRanges":[],"entityRanges":[],"data":{}},{"key":"415i2","text":"import { AppRoutingModule } from './app-routing.module';","type":"custom-code-block-javascript","depth":0,"inlineStyleRanges":[{"offset":0,"length":56,"style":"BOLD"},{"offset":0,"length":56,"style":"ITALIC"}],"entityRanges":[],"data":{}},{"key":"cqird","text":"","type":"custom-code-block-javascript","depth":0,"inlineStyleRanges":[],"entityRanges":[],"data":{}},{"key":"93fcl","text":"@NgModule({","type":"custom-code-block-javascript","depth":0,"inlineStyleRanges":[],"entityRanges":[],"data":{}},{"key":"1g3ed","text":"  declarations: [","type":"custom-code-block-javascript","depth":0,"inlineStyleRanges":[],"entityRanges":[],"data":{}},{"key":"a1hlc","text":"    AppComponent,","type":"custom-code-block-javascript","depth":0,"inlineStyleRanges":[],"entityRanges":[],"data":{}},{"key":"frrk7","text":"    HeaderComponent,","type":"custom-code-block-javascript","depth":0,"inlineStyleRanges":[],"entityRanges":[],"data":{}},{"key":"b34tl","text":"    RecipesComponent,","type":"custom-code-block-javascript","depth":0,"inlineStyleRanges":[],"entityRanges":[],"data":{}},{"key":"86tr5","text":"    RecipeDetailComponent,","type":"custom-code-block-javascript","depth":0,"inlineStyleRanges":[],"entityRanges":[],"data":{}},{"key":"2j0a1","text":"    RecipeListComponent,","type":"custom-code-block-javascript","depth":0,"inlineStyleRanges":[],"entityRanges":[],"data":{}},{"key":"5umh7","text":"    RecipeItemComponent,","type":"custom-code-block-javascript","depth":0,"inlineStyleRanges":[],"entityRanges":[],"data":{}},{"key":"3mbh4","text":"    ShoppingListComponent,","type":"custom-code-block-javascript","depth":0,"inlineStyleRanges":[],"entityRanges":[],"data":{}},{"key":"isu0","text":"    ShoppingEditComponent,","type":"custom-code-block-javascript","depth":0,"inlineStyleRanges":[],"entityRanges":[],"data":{}},{"key":"7d80e","text":"    DropdownDirective,","type":"custom-code-block-javascript","depth":0,"inlineStyleRanges":[],"entityRanges":[],"data":{}},{"key":"5r5nb","text":"    ErrorPageComponent","type":"custom-code-block-javascript","depth":0,"inlineStyleRanges":[],"entityRanges":[],"data":{}},{"key":"8o1ud","text":"  ],","type":"custom-code-block-javascript","depth":0,"inlineStyleRanges":[],"entityRanges":[],"data":{}},{"key":"5erpv","text":"  imports: [","type":"custom-code-block-javascript","depth":0,"inlineStyleRanges":[],"entityRanges":[],"data":{}},{"key":"adm16","text":"    BrowserModule,","type":"custom-code-block-javascript","depth":0,"inlineStyleRanges":[],"entityRanges":[],"data":{}},{"key":"aim3a","text":"    FormsModule,","type":"custom-code-block-javascript","depth":0,"inlineStyleRanges":[],"entityRanges":[],"data":{}},{"key":"5grka","text":"    AppRoutingModule","type":"custom-code-block-javascript","depth":0,"inlineStyleRanges":[{"offset":3,"length":17,"style":"BOLD"},{"offset":3,"length":17,"style":"ITALIC"}],"entityRanges":[],"data":{}},{"key":"av0dl","text":"  ],","type":"custom-code-block-javascript","depth":0,"inlineStyleRanges":[],"entityRanges":[],"data":{}},{"key":"d4u7i","text":"  providers: [ShoppingListService],","type":"custom-code-block-javascript","depth":0,"inlineStyleRanges":[],"entityRanges":[],"data":{}},{"key":"dffse","text":"  bootstrap: [AppComponent]","type":"custom-code-block-javascript","depth":0,"inlineStyleRanges":[],"entityRanges":[],"data":{}},{"key":"c7bq3","text":"})","type":"custom-code-block-javascript","depth":0,"inlineStyleRanges":[],"entityRanges":[],"data":{}},{"key":"40mqm","text":"export class AppModule { }","type":"custom-code-block-javascript","depth":0,"inlineStyleRanges":[],"entityRanges":[],"data":{}},{"key":"cvn2h","text":"","type":"unstyled","depth":0,"inlineStyleRanges":[],"entityRanges":[],"data":{}},{"key":"asjdg","text":"","type":"unstyled","depth":0,"inlineStyleRanges":[],"entityRanges":[],"data":{}},{"key":"bvm39","text":"","type":"unstyled","depth":0,"inlineStyleRanges":[],"entityRanges":[],"data":{}},{"key":"frmps","text":"","type":"unstyled","depth":0,"inlineStyleRanges":[],"entityRanges":[],"data":{}},{"key":"34o5k","text":"","type":"unstyled","depth":0,"inlineStyleRanges":[],"entityRanges":[],"data":{}}],"entityMap":{}},"tags":[]}