{"_id":"S1w8pvowM","title":"Animations in Angular 2+","dateCreated":"2018-02-21T22:06:06.994Z","lastAccessed":"2018-03-12T22:18:40.814Z","lastUpdated":"2018-02-22T19:50:29.488Z","notebookId":"rySu93hVz","body":{"blocks":[{"key":"ag6qs","text":"Animations in Angular 2+","type":"header-one","depth":0,"inlineStyleRanges":[],"entityRanges":[],"data":{}},{"key":"beevh","text":"With the release of Angular 4, the general syntax of Angular Animations didn't change. ","type":"unstyled","depth":0,"inlineStyleRanges":[{"offset":20,"length":9,"style":"BOLD"},{"offset":35,"length":50,"style":"BOLD"}],"entityRanges":[],"data":{}},{"key":"tqum","text":"However, the animation functions were moved into their own package and you now also need to add a special module to your imports[]  array in the AppModule.","type":"unstyled","depth":0,"inlineStyleRanges":[{"offset":121,"length":9,"style":"CODE"},{"offset":145,"length":9,"style":"BOLD"}],"entityRanges":[],"data":{}},{"key":"3omdg","text":"Specifically, the following adjustments are required:","type":"unstyled","depth":0,"inlineStyleRanges":[{"offset":0,"length":53,"style":"BOLD"}],"entityRanges":[],"data":{}},{"key":"fssnl","text":"You probably need to install the new animations package (running the command never hurts): npm install --save @angular/animations ","type":"unordered-list-item","depth":0,"inlineStyleRanges":[{"offset":33,"length":22,"style":"BOLD"},{"offset":91,"length":38,"style":"CODE"}],"entityRanges":[],"data":{}},{"key":"fg7c9","text":"Add the BrowserAnimationsModule  to your imports[]  array in AppModule","type":"unordered-list-item","depth":0,"inlineStyleRanges":[{"offset":8,"length":23,"style":"CODE"},{"offset":41,"length":9,"style":"CODE"},{"offset":61,"length":9,"style":"BOLD"}],"entityRanges":[],"data":{}},{"key":"18mg5","text":"This Module needs to be imported from @angular/platform-browser/animations'  => import { BrowserAnimationsModule } from '@angular/platform-browser/animations'  (in the AppModule!)","type":"unordered-list-item","depth":0,"inlineStyleRanges":[{"offset":38,"length":37,"style":"CODE"},{"offset":80,"length":78,"style":"CODE"},{"offset":168,"length":9,"style":"BOLD"}],"entityRanges":[],"data":{}},{"key":"4uu96","text":"You then import trigger , state , style  etc from @angular/animations  instead of @angular/core ","type":"unordered-list-item","depth":0,"inlineStyleRanges":[{"offset":16,"length":7,"style":"CODE"},{"offset":26,"length":5,"style":"CODE"},{"offset":34,"length":5,"style":"CODE"},{"offset":50,"length":19,"style":"CODE"},{"offset":82,"length":13,"style":"CODE"},{"offset":71,"length":10,"style":"BOLD"}],"entityRanges":[],"data":{}},{"key":"8jhaa","text":"","type":"unstyled","depth":0,"inlineStyleRanges":[],"entityRanges":[],"data":{}},{"key":"caaka","text":"1. Set in in your component decorator:","type":"unstyled","depth":0,"inlineStyleRanges":[],"entityRanges":[],"data":{}},{"key":"ecmvc","text":"import { Component, Input } from '@angular/core';","type":"custom-code-block-javascript","depth":0,"inlineStyleRanges":[],"entityRanges":[],"data":{}},{"key":"iuao","text":"import { trigger, state, style, animate, transition } from '@angular/core';","type":"custom-code-block-javascript","depth":0,"inlineStyleRanges":[{"offset":0,"length":75,"style":"BOLD"},{"offset":0,"length":75,"style":"ITALIC"}],"entityRanges":[],"data":{}},{"key":"5k96t","text":"","type":"custom-code-block-javascript","depth":0,"inlineStyleRanges":[],"entityRanges":[],"data":{}},{"key":"9voqf","text":"@Component({","type":"custom-code-block-javascript","depth":0,"inlineStyleRanges":[],"entityRanges":[],"data":{}},{"key":"5btkt","text":"  selector: 'app-root',","type":"custom-code-block-javascript","depth":0,"inlineStyleRanges":[],"entityRanges":[],"data":{}},{"key":"3p1r9","text":"  templateUrl: './app.component.html',","type":"custom-code-block-javascript","depth":0,"inlineStyleRanges":[],"entityRanges":[],"data":{}},{"key":"3v39s","text":"  animations: [","type":"custom-code-block-javascript","depth":0,"inlineStyleRanges":[{"offset":2,"length":13,"style":"BOLD"},{"offset":2,"length":13,"style":"ITALIC"}],"entityRanges":[],"data":{}},{"key":"dslr7","text":"    // here is the name of our animation that will trigger it in the DOM","type":"custom-code-block-javascript","depth":0,"inlineStyleRanges":[{"offset":0,"length":72,"style":"BOLD"},{"offset":0,"length":72,"style":"ITALIC"}],"entityRanges":[],"data":{}},{"key":"coofc","text":"    // second argument are animations","type":"custom-code-block-javascript","depth":0,"inlineStyleRanges":[{"offset":0,"length":37,"style":"BOLD"},{"offset":0,"length":37,"style":"ITALIC"}],"entityRanges":[],"data":{}},{"key":"976nj","text":"    trigger('divState', [","type":"custom-code-block-javascript","depth":0,"inlineStyleRanges":[{"offset":0,"length":25,"style":"BOLD"},{"offset":0,"length":25,"style":"ITALIC"}],"entityRanges":[],"data":{}},{"key":"e0tma","text":"      // the state here should fit the state in AppComponent class property state","type":"custom-code-block-javascript","depth":0,"inlineStyleRanges":[{"offset":0,"length":81,"style":"BOLD"},{"offset":0,"length":81,"style":"ITALIC"}],"entityRanges":[],"data":{}},{"key":"d3g14","text":"      state('normal', style({","type":"custom-code-block-javascript","depth":0,"inlineStyleRanges":[{"offset":0,"length":29,"style":"BOLD"},{"offset":0,"length":29,"style":"ITALIC"}],"entityRanges":[],"data":{}},{"key":"dmjmb","text":"        'background-color': 'red',","type":"custom-code-block-javascript","depth":0,"inlineStyleRanges":[{"offset":0,"length":34,"style":"BOLD"},{"offset":0,"length":34,"style":"ITALIC"}],"entityRanges":[],"data":{}},{"key":"f2m0v","text":"        transform: 'translateX(0)'","type":"custom-code-block-javascript","depth":0,"inlineStyleRanges":[{"offset":0,"length":34,"style":"BOLD"},{"offset":0,"length":34,"style":"ITALIC"}],"entityRanges":[],"data":{}},{"key":"9b5bt","text":"      })),","type":"custom-code-block-javascript","depth":0,"inlineStyleRanges":[{"offset":0,"length":10,"style":"BOLD"},{"offset":0,"length":10,"style":"ITALIC"}],"entityRanges":[],"data":{}},{"key":"70v6q","text":"      state('highlighted', style({","type":"custom-code-block-javascript","depth":0,"inlineStyleRanges":[{"offset":0,"length":34,"style":"BOLD"},{"offset":0,"length":34,"style":"ITALIC"}],"entityRanges":[],"data":{}},{"key":"57g2v","text":"        'background-color': 'blue',","type":"custom-code-block-javascript","depth":0,"inlineStyleRanges":[{"offset":0,"length":35,"style":"BOLD"},{"offset":0,"length":35,"style":"ITALIC"}],"entityRanges":[],"data":{}},{"key":"vjpp","text":"        transform: 'translateX(100px)'","type":"custom-code-block-javascript","depth":0,"inlineStyleRanges":[{"offset":0,"length":38,"style":"BOLD"},{"offset":0,"length":38,"style":"ITALIC"}],"entityRanges":[],"data":{}},{"key":"93s1r","text":"      })),","type":"custom-code-block-javascript","depth":0,"inlineStyleRanges":[{"offset":0,"length":10,"style":"BOLD"},{"offset":0,"length":10,"style":"ITALIC"}],"entityRanges":[],"data":{}},{"key":"3bkgf","text":"      // <=> - it means use the same function in both directions","type":"custom-code-block-javascript","depth":0,"inlineStyleRanges":[{"offset":0,"length":64,"style":"BOLD"},{"offset":0,"length":64,"style":"ITALIC"}],"entityRanges":[],"data":{}},{"key":"d4t4k","text":"      transition('normal <=> highlighted', animate(300)),","type":"custom-code-block-javascript","depth":0,"inlineStyleRanges":[{"offset":0,"length":57,"style":"BOLD"},{"offset":0,"length":57,"style":"ITALIC"}],"entityRanges":[],"data":{}},{"key":"d464m","text":"      // transition('highlighted => normal', animate(800))","type":"custom-code-block-javascript","depth":0,"inlineStyleRanges":[{"offset":0,"length":58,"style":"BOLD"},{"offset":0,"length":58,"style":"ITALIC"}],"entityRanges":[],"data":{}},{"key":"65ag1","text":"    ]),","type":"custom-code-block-javascript","depth":0,"inlineStyleRanges":[{"offset":0,"length":7,"style":"BOLD"},{"offset":0,"length":7,"style":"ITALIC"}],"entityRanges":[],"data":{}},{"key":"d0l2c","text":"    trigger('wildState', [","type":"custom-code-block-javascript","depth":0,"inlineStyleRanges":[{"offset":0,"length":26,"style":"BOLD"},{"offset":0,"length":26,"style":"ITALIC"}],"entityRanges":[],"data":{}},{"key":"be5tc","text":"      // the state here should fit the state in AppComponent class property state","type":"custom-code-block-javascript","depth":0,"inlineStyleRanges":[{"offset":0,"length":81,"style":"BOLD"},{"offset":0,"length":81,"style":"ITALIC"}],"entityRanges":[],"data":{}},{"key":"7qtcs","text":"      state('normal', style({","type":"custom-code-block-javascript","depth":0,"inlineStyleRanges":[{"offset":0,"length":29,"style":"BOLD"},{"offset":0,"length":29,"style":"ITALIC"}],"entityRanges":[],"data":{}},{"key":"27t47","text":"        'background-color': 'red',","type":"custom-code-block-javascript","depth":0,"inlineStyleRanges":[{"offset":0,"length":34,"style":"BOLD"},{"offset":0,"length":34,"style":"ITALIC"}],"entityRanges":[],"data":{}},{"key":"3qkb6","text":"        transform: 'translateX(0) scale(1)'","type":"custom-code-block-javascript","depth":0,"inlineStyleRanges":[{"offset":0,"length":43,"style":"BOLD"},{"offset":0,"length":43,"style":"ITALIC"}],"entityRanges":[],"data":{}},{"key":"2ld09","text":"      })),","type":"custom-code-block-javascript","depth":0,"inlineStyleRanges":[{"offset":0,"length":10,"style":"BOLD"},{"offset":0,"length":10,"style":"ITALIC"}],"entityRanges":[],"data":{}},{"key":"94ukc","text":"      state('highlighted', style({","type":"custom-code-block-javascript","depth":0,"inlineStyleRanges":[{"offset":0,"length":34,"style":"BOLD"},{"offset":0,"length":34,"style":"ITALIC"}],"entityRanges":[],"data":{}},{"key":"7fqpp","text":"        'background-color': 'blue',","type":"custom-code-block-javascript","depth":0,"inlineStyleRanges":[{"offset":0,"length":35,"style":"BOLD"},{"offset":0,"length":35,"style":"ITALIC"}],"entityRanges":[],"data":{}},{"key":"bf602","text":"        transform: 'translateX(100px) scale(1)'","type":"custom-code-block-javascript","depth":0,"inlineStyleRanges":[{"offset":0,"length":47,"style":"BOLD"},{"offset":0,"length":47,"style":"ITALIC"}],"entityRanges":[],"data":{}},{"key":"5169r","text":"      })),","type":"custom-code-block-javascript","depth":0,"inlineStyleRanges":[{"offset":0,"length":10,"style":"BOLD"},{"offset":0,"length":10,"style":"ITALIC"}],"entityRanges":[],"data":{}},{"key":"4ujc7","text":"      state('shrunken', style({","type":"custom-code-block-javascript","depth":0,"inlineStyleRanges":[{"offset":0,"length":31,"style":"BOLD"},{"offset":0,"length":31,"style":"ITALIC"}],"entityRanges":[],"data":{}},{"key":"684fs","text":"        'background-color': 'green',","type":"custom-code-block-javascript","depth":0,"inlineStyleRanges":[{"offset":0,"length":36,"style":"BOLD"},{"offset":0,"length":36,"style":"ITALIC"}],"entityRanges":[],"data":{}},{"key":"2n09i","text":"        transform: 'translateX(0px) scale(0.5)'","type":"custom-code-block-javascript","depth":0,"inlineStyleRanges":[{"offset":0,"length":47,"style":"BOLD"},{"offset":0,"length":47,"style":"ITALIC"}],"entityRanges":[],"data":{}},{"key":"3sohg","text":"      })),","type":"custom-code-block-javascript","depth":0,"inlineStyleRanges":[{"offset":0,"length":10,"style":"BOLD"},{"offset":0,"length":10,"style":"ITALIC"}],"entityRanges":[],"data":{}},{"key":"32gsh","text":"      transition('normal => highlighted', animate(300)),","type":"custom-code-block-javascript","depth":0,"inlineStyleRanges":[{"offset":0,"length":56,"style":"BOLD"},{"offset":0,"length":56,"style":"ITALIC"}],"entityRanges":[],"data":{}},{"key":"bntdn","text":"      transition('highlighted => normal', animate(800)),","type":"custom-code-block-javascript","depth":0,"inlineStyleRanges":[{"offset":0,"length":56,"style":"BOLD"},{"offset":0,"length":56,"style":"ITALIC"}],"entityRanges":[],"data":{}},{"key":"8rf39","text":"      // * means from any state","type":"custom-code-block-javascript","depth":0,"inlineStyleRanges":[{"offset":0,"length":31,"style":"BOLD"},{"offset":0,"length":31,"style":"ITALIC"}],"entityRanges":[],"data":{}},{"key":"f669j","text":"      transition('shrunken <=> *', [","type":"custom-code-block-javascript","depth":0,"inlineStyleRanges":[{"offset":0,"length":36,"style":"BOLD"},{"offset":0,"length":36,"style":"ITALIC"}],"entityRanges":[],"data":{}},{"key":"qmd0","text":"        style({","type":"custom-code-block-javascript","depth":0,"inlineStyleRanges":[{"offset":0,"length":15,"style":"BOLD"},{"offset":0,"length":15,"style":"ITALIC"}],"entityRanges":[],"data":{}},{"key":"fi05h","text":"          'background-color': 'orange',","type":"custom-code-block-javascript","depth":0,"inlineStyleRanges":[{"offset":0,"length":39,"style":"BOLD"},{"offset":0,"length":39,"style":"ITALIC"}],"entityRanges":[],"data":{}},{"key":"ai1bc","text":"          borderRadius: '0px'","type":"custom-code-block-javascript","depth":0,"inlineStyleRanges":[{"offset":0,"length":29,"style":"BOLD"},{"offset":0,"length":29,"style":"ITALIC"}],"entityRanges":[],"data":{}},{"key":"fce2d","text":"        }),","type":"custom-code-block-javascript","depth":0,"inlineStyleRanges":[{"offset":0,"length":11,"style":"BOLD"},{"offset":0,"length":11,"style":"ITALIC"}],"entityRanges":[],"data":{}},{"key":"d00hu","text":"        animate(1000, style({","type":"custom-code-block-javascript","depth":0,"inlineStyleRanges":[{"offset":0,"length":29,"style":"BOLD"},{"offset":0,"length":29,"style":"ITALIC"}],"entityRanges":[],"data":{}},{"key":"2ituq","text":"          borderRadius: '50px'","type":"custom-code-block-javascript","depth":0,"inlineStyleRanges":[{"offset":0,"length":30,"style":"BOLD"},{"offset":0,"length":30,"style":"ITALIC"}],"entityRanges":[],"data":{}},{"key":"4vq9b","text":"        })),","type":"custom-code-block-javascript","depth":0,"inlineStyleRanges":[{"offset":0,"length":12,"style":"BOLD"},{"offset":0,"length":12,"style":"ITALIC"}],"entityRanges":[],"data":{}},{"key":"39n3u","text":"        animate(500)","type":"custom-code-block-javascript","depth":0,"inlineStyleRanges":[{"offset":0,"length":20,"style":"BOLD"},{"offset":0,"length":20,"style":"ITALIC"}],"entityRanges":[],"data":{}},{"key":"dqipe","text":"      ])","type":"custom-code-block-javascript","depth":0,"inlineStyleRanges":[{"offset":0,"length":8,"style":"BOLD"},{"offset":0,"length":8,"style":"ITALIC"}],"entityRanges":[],"data":{}},{"key":"fsn0","text":"    ])","type":"custom-code-block-javascript","depth":0,"inlineStyleRanges":[{"offset":0,"length":6,"style":"BOLD"},{"offset":0,"length":6,"style":"ITALIC"}],"entityRanges":[],"data":{}},{"key":"58ug8","text":"  ]","type":"custom-code-block-javascript","depth":0,"inlineStyleRanges":[{"offset":0,"length":3,"style":"BOLD"},{"offset":0,"length":3,"style":"ITALIC"}],"entityRanges":[],"data":{}},{"key":"mua9","text":"})","type":"custom-code-block-javascript","depth":0,"inlineStyleRanges":[],"entityRanges":[],"data":{}},{"key":"7282o","text":"export class AppComponent {","type":"custom-code-block-javascript","depth":0,"inlineStyleRanges":[],"entityRanges":[],"data":{}},{"key":"61ar6","text":"  state = 'normal';","type":"custom-code-block-javascript","depth":0,"inlineStyleRanges":[{"offset":0,"length":19,"style":"BOLD"},{"offset":0,"length":19,"style":"ITALIC"}],"entityRanges":[],"data":{}},{"key":"e8iit","text":"  wildState = 'normal';","type":"custom-code-block-javascript","depth":0,"inlineStyleRanges":[{"offset":0,"length":23,"style":"BOLD"},{"offset":0,"length":23,"style":"ITALIC"}],"entityRanges":[],"data":{}},{"key":"e1c7u","text":"  list = ['Milk', 'Sugar', 'Bread'];","type":"custom-code-block-javascript","depth":0,"inlineStyleRanges":[],"entityRanges":[],"data":{}},{"key":"7h15h","text":"","type":"custom-code-block-javascript","depth":0,"inlineStyleRanges":[],"entityRanges":[],"data":{}},{"key":"tvsv","text":"    onAdd(item) {","type":"custom-code-block-javascript","depth":0,"inlineStyleRanges":[],"entityRanges":[],"data":{}},{"key":"6hhu6","text":"      this.list.push(item);","type":"custom-code-block-javascript","depth":0,"inlineStyleRanges":[],"entityRanges":[],"data":{}},{"key":"d7l4o","text":"    }","type":"custom-code-block-javascript","depth":0,"inlineStyleRanges":[],"entityRanges":[],"data":{}},{"key":"bsdar","text":"","type":"custom-code-block-javascript","depth":0,"inlineStyleRanges":[],"entityRanges":[],"data":{}},{"key":"3pc4t","text":"    onAnimate() {","type":"custom-code-block-javascript","depth":0,"inlineStyleRanges":[{"offset":0,"length":17,"style":"BOLD"},{"offset":0,"length":17,"style":"ITALIC"}],"entityRanges":[],"data":{}},{"key":"7julr","text":"      this.state === 'normal' ? this.state = 'highlighted' : this.state = 'normal';","type":"custom-code-block-javascript","depth":0,"inlineStyleRanges":[{"offset":0,"length":83,"style":"BOLD"},{"offset":0,"length":83,"style":"ITALIC"}],"entityRanges":[],"data":{}},{"key":"37dnc","text":"      this.wildState === 'normal' ? this.wildState = 'highlighted' : this.wildState = 'normal';","type":"custom-code-block-javascript","depth":0,"inlineStyleRanges":[{"offset":0,"length":95,"style":"BOLD"},{"offset":0,"length":95,"style":"ITALIC"}],"entityRanges":[],"data":{}},{"key":"bh1j7","text":"    }","type":"custom-code-block-javascript","depth":0,"inlineStyleRanges":[{"offset":0,"length":5,"style":"BOLD"},{"offset":0,"length":5,"style":"ITALIC"}],"entityRanges":[],"data":{}},{"key":"3ou22","text":"","type":"custom-code-block-javascript","depth":0,"inlineStyleRanges":[],"entityRanges":[],"data":{}},{"key":"8oq9n","text":"    onShrink() {","type":"custom-code-block-javascript","depth":0,"inlineStyleRanges":[{"offset":0,"length":16,"style":"BOLD"},{"offset":0,"length":16,"style":"ITALIC"}],"entityRanges":[],"data":{}},{"key":"feeh1","text":"      this.wildState = 'shrunken';","type":"custom-code-block-javascript","depth":0,"inlineStyleRanges":[{"offset":0,"length":34,"style":"BOLD"},{"offset":0,"length":34,"style":"ITALIC"}],"entityRanges":[],"data":{}},{"key":"ccgcd","text":"    }","type":"custom-code-block-javascript","depth":0,"inlineStyleRanges":[{"offset":0,"length":5,"style":"BOLD"},{"offset":0,"length":5,"style":"ITALIC"}],"entityRanges":[],"data":{}},{"key":"a8q22","text":"}","type":"custom-code-block-javascript","depth":0,"inlineStyleRanges":[],"entityRanges":[],"data":{}},{"key":"27nap","text":"","type":"unstyled","depth":0,"inlineStyleRanges":[],"entityRanges":[],"data":{}},{"key":"793cp","text":"2. Add it to your app.module.ts imports:","type":"unstyled","depth":0,"inlineStyleRanges":[],"entityRanges":[],"data":{}},{"key":"ln4j","text":"import { BrowserModule } from '@angular/platform-browser';","type":"custom-code-block-javascript","depth":0,"inlineStyleRanges":[],"entityRanges":[],"data":{}},{"key":"avhs4","text":"import { NgModule } from '@angular/core';","type":"custom-code-block-javascript","depth":0,"inlineStyleRanges":[],"entityRanges":[],"data":{}},{"key":"8vjrf","text":"import { FormsModule } from '@angular/forms';","type":"custom-code-block-javascript","depth":0,"inlineStyleRanges":[],"entityRanges":[],"data":{}},{"key":"bgajo","text":"import { HttpModule } from '@angular/http';","type":"custom-code-block-javascript","depth":0,"inlineStyleRanges":[],"entityRanges":[],"data":{}},{"key":"2s9jq","text":"import { BrowserAnimationsModule } from '@angular/platform-browser/animations';","type":"custom-code-block-javascript","depth":0,"inlineStyleRanges":[{"offset":0,"length":79,"style":"BOLD"},{"offset":0,"length":79,"style":"ITALIC"}],"entityRanges":[],"data":{}},{"key":"7boq6","text":"","type":"custom-code-block-javascript","depth":0,"inlineStyleRanges":[],"entityRanges":[],"data":{}},{"key":"ehid6","text":"import { AppComponent } from './app.component';","type":"custom-code-block-javascript","depth":0,"inlineStyleRanges":[],"entityRanges":[],"data":{}},{"key":"9vor3","text":"","type":"custom-code-block-javascript","depth":0,"inlineStyleRanges":[],"entityRanges":[],"data":{}},{"key":"t37o","text":"@NgModule({","type":"custom-code-block-javascript","depth":0,"inlineStyleRanges":[],"entityRanges":[],"data":{}},{"key":"ad5a3","text":"  declarations: [","type":"custom-code-block-javascript","depth":0,"inlineStyleRanges":[],"entityRanges":[],"data":{}},{"key":"e6a1f","text":"    AppComponent","type":"custom-code-block-javascript","depth":0,"inlineStyleRanges":[],"entityRanges":[],"data":{}},{"key":"5d080","text":"  ],","type":"custom-code-block-javascript","depth":0,"inlineStyleRanges":[],"entityRanges":[],"data":{}},{"key":"2d8ij","text":"  imports: [","type":"custom-code-block-javascript","depth":0,"inlineStyleRanges":[],"entityRanges":[],"data":{}},{"key":"bf1c2","text":"    BrowserModule,","type":"custom-code-block-javascript","depth":0,"inlineStyleRanges":[],"entityRanges":[],"data":{}},{"key":"d5k9h","text":"    FormsModule,","type":"custom-code-block-javascript","depth":0,"inlineStyleRanges":[],"entityRanges":[],"data":{}},{"key":"ernv5","text":"    HttpModule,","type":"custom-code-block-javascript","depth":0,"inlineStyleRanges":[],"entityRanges":[],"data":{}},{"key":"a9nkj","text":"    BrowserAnimationsModule","type":"custom-code-block-javascript","depth":0,"inlineStyleRanges":[{"offset":0,"length":27,"style":"BOLD"},{"offset":0,"length":27,"style":"ITALIC"}],"entityRanges":[],"data":{}},{"key":"1uom0","text":"  ],","type":"custom-code-block-javascript","depth":0,"inlineStyleRanges":[],"entityRanges":[],"data":{}},{"key":"lph6","text":"  providers: [],","type":"custom-code-block-javascript","depth":0,"inlineStyleRanges":[],"entityRanges":[],"data":{}},{"key":"ca7mq","text":"  bootstrap: [AppComponent]","type":"custom-code-block-javascript","depth":0,"inlineStyleRanges":[],"entityRanges":[],"data":{}},{"key":"2sg88","text":"})","type":"custom-code-block-javascript","depth":0,"inlineStyleRanges":[],"entityRanges":[],"data":{}},{"key":"1pads","text":"export class AppModule { }","type":"custom-code-block-javascript","depth":0,"inlineStyleRanges":[],"entityRanges":[],"data":{}},{"key":"c5jrf","text":"","type":"unstyled","depth":0,"inlineStyleRanges":[],"entityRanges":[],"data":{}},{"key":"8lf9a","text":"3. Animations when adding or deleting elements:","type":"unstyled","depth":0,"inlineStyleRanges":[],"entityRanges":[],"data":{}},{"key":"1cjvn","text":"    trigger('list1', [","type":"custom-code-block-javascript","depth":0,"inlineStyleRanges":[],"entityRanges":[],"data":{}},{"key":"2s8bn","text":"      state('in', style({","type":"custom-code-block-javascript","depth":0,"inlineStyleRanges":[],"entityRanges":[],"data":{}},{"key":"cq8p","text":"        opacity: 1,","type":"custom-code-block-javascript","depth":0,"inlineStyleRanges":[],"entityRanges":[],"data":{}},{"key":"7dfvi","text":"        transform: 'translateX(0)'","type":"custom-code-block-javascript","depth":0,"inlineStyleRanges":[],"entityRanges":[],"data":{}},{"key":"6333s","text":"      })),","type":"custom-code-block-javascript","depth":0,"inlineStyleRanges":[],"entityRanges":[],"data":{}},{"key":"53n2f","text":"      // void - is a special state provided by Angular2 for elements that hasn't added at the begining","type":"custom-code-block-javascript","depth":0,"inlineStyleRanges":[],"entityRanges":[],"data":{}},{"key":"5083q","text":"      // you can use void also when you remove something","type":"custom-code-block-javascript","depth":0,"inlineStyleRanges":[],"entityRanges":[],"data":{}},{"key":"37p10","text":"","type":"custom-code-block-javascript","depth":0,"inlineStyleRanges":[],"entityRanges":[],"data":{}},{"key":"8gac6","text":"      // here is for adding item","type":"custom-code-block-javascript","depth":0,"inlineStyleRanges":[],"entityRanges":[],"data":{}},{"key":"8rgm7","text":"      transition('void => *', [","type":"custom-code-block-javascript","depth":0,"inlineStyleRanges":[],"entityRanges":[],"data":{}},{"key":"2scmn","text":"        // here is the state before it appears","type":"custom-code-block-javascript","depth":0,"inlineStyleRanges":[],"entityRanges":[],"data":{}},{"key":"fu214","text":"        style({","type":"custom-code-block-javascript","depth":0,"inlineStyleRanges":[],"entityRanges":[],"data":{}},{"key":"613pg","text":"          opacity: 0,","type":"custom-code-block-javascript","depth":0,"inlineStyleRanges":[],"entityRanges":[],"data":{}},{"key":"dvm67","text":"          transform: 'translateX(-100px)'","type":"custom-code-block-javascript","depth":0,"inlineStyleRanges":[],"entityRanges":[],"data":{}},{"key":"1ufga","text":"        }),","type":"custom-code-block-javascript","depth":0,"inlineStyleRanges":[],"entityRanges":[],"data":{}},{"key":"63ugs","text":"        animate(300)","type":"custom-code-block-javascript","depth":0,"inlineStyleRanges":[],"entityRanges":[],"data":{}},{"key":"ct9g4","text":"      ]),","type":"custom-code-block-javascript","depth":0,"inlineStyleRanges":[],"entityRanges":[],"data":{}},{"key":"6idc5","text":"","type":"custom-code-block-javascript","depth":0,"inlineStyleRanges":[],"entityRanges":[],"data":{}},{"key":"4k8nn","text":"      // this is for removing item","type":"custom-code-block-javascript","depth":0,"inlineStyleRanges":[],"entityRanges":[],"data":{}},{"key":"nsb1","text":"      transition('* => void', [","type":"custom-code-block-javascript","depth":0,"inlineStyleRanges":[],"entityRanges":[],"data":{}},{"key":"fqnsr","text":"        animate(300, style({","type":"custom-code-block-javascript","depth":0,"inlineStyleRanges":[],"entityRanges":[],"data":{}},{"key":"3bp11","text":"          transform: 'translateX(100px)',","type":"custom-code-block-javascript","depth":0,"inlineStyleRanges":[],"entityRanges":[],"data":{}},{"key":"a9nfq","text":"          opacity: 0","type":"custom-code-block-javascript","depth":0,"inlineStyleRanges":[],"entityRanges":[],"data":{}},{"key":"bpm0","text":"        }))","type":"custom-code-block-javascript","depth":0,"inlineStyleRanges":[],"entityRanges":[],"data":{}},{"key":"2onie","text":"      ])","type":"custom-code-block-javascript","depth":0,"inlineStyleRanges":[],"entityRanges":[],"data":{}},{"key":"ft5nr","text":"    ])","type":"custom-code-block-javascript","depth":0,"inlineStyleRanges":[],"entityRanges":[],"data":{}},{"key":"88f99","text":"","type":"unstyled","depth":0,"inlineStyleRanges":[],"entityRanges":[],"data":{}},{"key":"dskt7","text":"4. Keyframes:","type":"unstyled","depth":0,"inlineStyleRanges":[],"entityRanges":[],"data":{}},{"key":"d5c1v","text":"   import { trigger, state, style, animate, transition, keyframes } from '@angular/animations'; ","type":"custom-code-block-javascript","depth":0,"inlineStyleRanges":[],"entityRanges":[],"data":{}},{"key":"disjv","text":"    trigger('list2', [","type":"custom-code-block-javascript","depth":0,"inlineStyleRanges":[],"entityRanges":[],"data":{}},{"key":"b8dtb","text":"      state('in', style({","type":"custom-code-block-javascript","depth":0,"inlineStyleRanges":[],"entityRanges":[],"data":{}},{"key":"dd37d","text":"        opacity: 1,","type":"custom-code-block-javascript","depth":0,"inlineStyleRanges":[],"entityRanges":[],"data":{}},{"key":"s4jp","text":"        transform: 'translateX(0)'","type":"custom-code-block-javascript","depth":0,"inlineStyleRanges":[],"entityRanges":[],"data":{}},{"key":"8qd4f","text":"      })),","type":"custom-code-block-javascript","depth":0,"inlineStyleRanges":[],"entityRanges":[],"data":{}},{"key":"7ppbj","text":"      transition('void => *', [","type":"custom-code-block-javascript","depth":0,"inlineStyleRanges":[],"entityRanges":[],"data":{}},{"key":"9au5e","text":"        animate(1000, keyframes([","type":"custom-code-block-javascript","depth":0,"inlineStyleRanges":[],"entityRanges":[],"data":{}},{"key":"bp8rd","text":"          style({","type":"custom-code-block-javascript","depth":0,"inlineStyleRanges":[],"entityRanges":[],"data":{}},{"key":"cskul","text":"            transform: 'translateX(-100px)',","type":"custom-code-block-javascript","depth":0,"inlineStyleRanges":[],"entityRanges":[],"data":{}},{"key":"b3c7v","text":"            opacity: 0,","type":"custom-code-block-javascript","depth":0,"inlineStyleRanges":[],"entityRanges":[],"data":{}},{"key":"9uck1","text":"            offset: 0","type":"custom-code-block-javascript","depth":0,"inlineStyleRanges":[],"entityRanges":[],"data":{}},{"key":"b1m85","text":"          }),","type":"custom-code-block-javascript","depth":0,"inlineStyleRanges":[],"entityRanges":[],"data":{}},{"key":"c77qj","text":"          style({","type":"custom-code-block-javascript","depth":0,"inlineStyleRanges":[],"entityRanges":[],"data":{}},{"key":"dhasq","text":"            transform: 'translateX(-50px)',","type":"custom-code-block-javascript","depth":0,"inlineStyleRanges":[],"entityRanges":[],"data":{}},{"key":"396l6","text":"            opacity: 0.5,","type":"custom-code-block-javascript","depth":0,"inlineStyleRanges":[],"entityRanges":[],"data":{}},{"key":"e3l95","text":"            offset: 0.7","type":"custom-code-block-javascript","depth":0,"inlineStyleRanges":[],"entityRanges":[],"data":{}},{"key":"60jmp","text":"          }),","type":"custom-code-block-javascript","depth":0,"inlineStyleRanges":[],"entityRanges":[],"data":{}},{"key":"66ifp","text":"          style({","type":"custom-code-block-javascript","depth":0,"inlineStyleRanges":[],"entityRanges":[],"data":{}},{"key":"992tn","text":"            transform: 'translateX(-20px)',","type":"custom-code-block-javascript","depth":0,"inlineStyleRanges":[],"entityRanges":[],"data":{}},{"key":"62g38","text":"            opacity: 1,","type":"custom-code-block-javascript","depth":0,"inlineStyleRanges":[],"entityRanges":[],"data":{}},{"key":"cselp","text":"            offset: 0.9","type":"custom-code-block-javascript","depth":0,"inlineStyleRanges":[],"entityRanges":[],"data":{}},{"key":"9maqg","text":"          }),","type":"custom-code-block-javascript","depth":0,"inlineStyleRanges":[],"entityRanges":[],"data":{}},{"key":"94fbr","text":"          style({","type":"custom-code-block-javascript","depth":0,"inlineStyleRanges":[],"entityRanges":[],"data":{}},{"key":"8u00l","text":"            transform: 'translateX(0px)',","type":"custom-code-block-javascript","depth":0,"inlineStyleRanges":[],"entityRanges":[],"data":{}},{"key":"cvotr","text":"            opacity: 1,","type":"custom-code-block-javascript","depth":0,"inlineStyleRanges":[],"entityRanges":[],"data":{}},{"key":"f50vi","text":"            offset: 1","type":"custom-code-block-javascript","depth":0,"inlineStyleRanges":[],"entityRanges":[],"data":{}},{"key":"qid9","text":"          })","type":"custom-code-block-javascript","depth":0,"inlineStyleRanges":[],"entityRanges":[],"data":{}},{"key":"12pec","text":"        ]))","type":"custom-code-block-javascript","depth":0,"inlineStyleRanges":[],"entityRanges":[],"data":{}},{"key":"fklj6","text":"      ])","type":"custom-code-block-javascript","depth":0,"inlineStyleRanges":[],"entityRanges":[],"data":{}},{"key":"5ufkb","text":"    ])","type":"custom-code-block-javascript","depth":0,"inlineStyleRanges":[],"entityRanges":[],"data":{}},{"key":"eptgn","text":"","type":"unstyled","depth":0,"inlineStyleRanges":[],"entityRanges":[],"data":{}},{"key":"9d36m","text":"5. Grouping Transitions:","type":"unstyled","depth":0,"inlineStyleRanges":[],"entityRanges":[],"data":{}},{"key":"78die","text":"-> we can use group method to invoke a couple of animations in the same time:","type":"unstyled","depth":0,"inlineStyleRanges":[],"entityRanges":[],"data":{}},{"key":"92vtn","text":"       import { trigger, state, style, animate, transition, keyframes, group } from '@angular/animations'; ","type":"custom-code-block-javascript","depth":0,"inlineStyleRanges":[],"entityRanges":[],"data":{}},{"key":"io18","text":"      transition('* => void', [","type":"custom-code-block-javascript","depth":0,"inlineStyleRanges":[],"entityRanges":[],"data":{}},{"key":"2a3gk","text":"        group([","type":"custom-code-block-javascript","depth":0,"inlineStyleRanges":[],"entityRanges":[],"data":{}},{"key":"a159i","text":"          animate(1000, style({","type":"custom-code-block-javascript","depth":0,"inlineStyleRanges":[],"entityRanges":[],"data":{}},{"key":"2b315","text":"            color: 'red'","type":"custom-code-block-javascript","depth":0,"inlineStyleRanges":[],"entityRanges":[],"data":{}},{"key":"8ck3q","text":"          })),","type":"custom-code-block-javascript","depth":0,"inlineStyleRanges":[],"entityRanges":[],"data":{}},{"key":"4m7ia","text":"          animate(3000, style({","type":"custom-code-block-javascript","depth":0,"inlineStyleRanges":[],"entityRanges":[],"data":{}},{"key":"9boof","text":"            transform: 'translateX(100px)',","type":"custom-code-block-javascript","depth":0,"inlineStyleRanges":[],"entityRanges":[],"data":{}},{"key":"8csfh","text":"            opacity: 0","type":"custom-code-block-javascript","depth":0,"inlineStyleRanges":[],"entityRanges":[],"data":{}},{"key":"3n2lv","text":"          }))","type":"custom-code-block-javascript","depth":0,"inlineStyleRanges":[],"entityRanges":[],"data":{}},{"key":"a27ao","text":"        ])","type":"custom-code-block-javascript","depth":0,"inlineStyleRanges":[],"entityRanges":[],"data":{}},{"key":"domfn","text":"      ])","type":"custom-code-block-javascript","depth":0,"inlineStyleRanges":[],"entityRanges":[],"data":{}},{"key":"2197r","text":"","type":"unstyled","depth":0,"inlineStyleRanges":[],"entityRanges":[],"data":{}},{"key":"dul6q","text":"6. Using Animation Callbacks","type":"unstyled","depth":0,"inlineStyleRanges":[],"entityRanges":[],"data":{}},{"key":"2gbll","text":"-> you can define methods to be called when your animation starts or ends:","type":"unstyled","depth":0,"inlineStyleRanges":[],"entityRanges":[],"data":{}},{"key":"798bv","text":"      <div style=\"width:100px;height:100px;\"","type":"custom-code-block-javascript","depth":0,"inlineStyleRanges":[],"entityRanges":[],"data":{}},{"key":"p5kq","text":"      [@divState]=\"state\"","type":"custom-code-block-javascript","depth":0,"inlineStyleRanges":[{"offset":1,"length":24,"style":"BOLD"},{"offset":1,"length":24,"style":"ITALIC"}],"entityRanges":[],"data":{}},{"key":"adtbg","text":"      (@divState.start)=\"animationStarted($event)\"","type":"custom-code-block-javascript","depth":0,"inlineStyleRanges":[{"offset":6,"length":44,"style":"BOLD"},{"offset":6,"length":44,"style":"ITALIC"}],"entityRanges":[],"data":{}},{"key":"4rk2o","text":"      (@divState.done)=\"animationDone($event)\"></div>","type":"custom-code-block-javascript","depth":0,"inlineStyleRanges":[{"offset":6,"length":40,"style":"BOLD"},{"offset":6,"length":40,"style":"ITALIC"}],"entityRanges":[],"data":{}},{"key":"46f4c","text":"      <br>","type":"custom-code-block-javascript","depth":0,"inlineStyleRanges":[],"entityRanges":[],"data":{}},{"key":"1qcfc","text":"","type":"unstyled","depth":0,"inlineStyleRanges":[],"entityRanges":[],"data":{}},{"key":"5ig0d","text":"","type":"unstyled","depth":0,"inlineStyleRanges":[],"entityRanges":[],"data":{}},{"key":"2m6lt","text":"","type":"unstyled","depth":0,"inlineStyleRanges":[],"entityRanges":[],"data":{}},{"key":"1liqe","text":"","type":"unstyled","depth":0,"inlineStyleRanges":[],"entityRanges":[],"data":{}},{"key":"6k4cb","text":"","type":"unstyled","depth":0,"inlineStyleRanges":[],"entityRanges":[],"data":{}},{"key":"ev05","text":"","type":"unstyled","depth":0,"inlineStyleRanges":[],"entityRanges":[],"data":{}},{"key":"bdue2","text":"","type":"unstyled","depth":0,"inlineStyleRanges":[],"entityRanges":[],"data":{}},{"key":"d1aps","text":"","type":"unstyled","depth":0,"inlineStyleRanges":[],"entityRanges":[],"data":{}},{"key":"59kd9","text":"","type":"unstyled","depth":0,"inlineStyleRanges":[],"entityRanges":[],"data":{}}],"entityMap":{}},"tags":[]}