{"_id":"SJE1YvmPz","title":"NgRx","dateCreated":"2018-02-15T20:09:00.321Z","lastAccessed":"2018-03-12T22:18:44.712Z","lastUpdated":"2018-02-20T23:02:40.163Z","notebookId":"rySu93hVz","body":{"blocks":[{"key":"ag6qs","text":"NgRx","type":"header-one","depth":0,"inlineStyleRanges":[],"entityRanges":[],"data":{}},{"key":"5683g","text":"-> RxJS powered state management for Angular applications, inspired by Redux","type":"unstyled","depth":0,"inlineStyleRanges":[],"entityRanges":[],"data":{}},{"key":"fqjb4","text":"","type":"unstyled","depth":0,"inlineStyleRanges":[],"entityRanges":[],"data":{}},{"key":"9itvu","text":"###################################################################","type":"unstyled","depth":0,"inlineStyleRanges":[],"entityRanges":[],"data":{}},{"key":"6m6c","text":"","type":"unstyled","depth":0,"inlineStyleRanges":[],"entityRanges":[],"data":{}},{"key":"6ecdk","text":"Official Github Repo with Documentation: https://github.com/ngrx/platform","type":"unstyled","depth":0,"inlineStyleRanges":[],"entityRanges":[{"offset":41,"length":32,"key":0}],"data":{}},{"key":"35kae","text":"Angular & NgRx Tutorial: https://blog.nrwl.io/using-ngrx-4-to-manage-state-in-angular-applications-64e7a1f84b7b","type":"unstyled","depth":0,"inlineStyleRanges":[],"entityRanges":[{"offset":25,"length":86,"key":1}],"data":{}},{"key":"cr007","text":"NgRx Patterns & Techniques: https://blog.nrwl.io/ngrx-patterns-and-techniques-f46126e2b1e5","type":"unstyled","depth":0,"inlineStyleRanges":[],"entityRanges":[{"offset":28,"length":62,"key":2}],"data":{}},{"key":"2e40g","text":"","type":"unstyled","depth":0,"inlineStyleRanges":[],"entityRanges":[],"data":{}},{"key":"e4knu","text":"####################################################################","type":"unstyled","depth":0,"inlineStyleRanges":[],"entityRanges":[],"data":{}},{"key":"5cavg","text":"1. Getting Started with Reducers - reducers update our state not by editing it, by sending a new one","type":"unstyled","depth":0,"inlineStyleRanges":[],"entityRanges":[],"data":{}},{"key":"c1106","text":"-> when you have them (reducers) set up is super easy to adjust your stuff there","type":"unstyled","depth":0,"inlineStyleRanges":[],"entityRanges":[],"data":{}},{"key":"7nt91","text":"-> install ngrx - npm install --save @ngrx/store","type":"unstyled","depth":0,"inlineStyleRanges":[],"entityRanges":[],"data":{}},{"key":"8u9k1","text":"-> add a new file shopping-list.reducers.ts","type":"unstyled","depth":0,"inlineStyleRanges":[],"entityRanges":[],"data":{}},{"key":"2es8i","text":"","type":"unstyled","depth":0,"inlineStyleRanges":[],"entityRanges":[],"data":{}},{"key":"dkomu","text":"A REDUCER FUNCTION WILL BE TRIGGERED WHENEVER THE ACTION IS DISPATCHED","type":"unstyled","depth":0,"inlineStyleRanges":[],"entityRanges":[],"data":{}},{"key":"43l3g","text":"","type":"unstyled","depth":0,"inlineStyleRanges":[],"entityRanges":[],"data":{}},{"key":"ahjhs","text":"import * as ShoppingListActions from './shopping-list.actions';","type":"custom-code-block-javascript","depth":0,"inlineStyleRanges":[],"entityRanges":[],"data":{}},{"key":"4pm4s","text":"// * import everything from that file - * as SOMETHING - bundle each export to one js object here ShoppingListActions","type":"custom-code-block-javascript","depth":0,"inlineStyleRanges":[],"entityRanges":[],"data":{}},{"key":"ch32n","text":"","type":"custom-code-block-javascript","depth":0,"inlineStyleRanges":[],"entityRanges":[],"data":{}},{"key":"27k6t","text":"import { Ingredient } from '../../shared/ingredient.model';","type":"custom-code-block-javascript","depth":0,"inlineStyleRanges":[],"entityRanges":[],"data":{}},{"key":"1g48k","text":"","type":"custom-code-block-javascript","depth":0,"inlineStyleRanges":[],"entityRanges":[],"data":{}},{"key":"l6hd","text":"export interface AppState {","type":"custom-code-block-javascript","depth":0,"inlineStyleRanges":[],"entityRanges":[],"data":{}},{"key":"bhl6e","text":"  shoppingList: State;","type":"custom-code-block-javascript","depth":0,"inlineStyleRanges":[],"entityRanges":[],"data":{}},{"key":"7ntk3","text":"}","type":"custom-code-block-javascript","depth":0,"inlineStyleRanges":[],"entityRanges":[],"data":{}},{"key":"tduf","text":"","type":"custom-code-block-javascript","depth":0,"inlineStyleRanges":[],"entityRanges":[],"data":{}},{"key":"d44tr","text":"// to make it easier to use that state you can just make an interface","type":"custom-code-block-javascript","depth":0,"inlineStyleRanges":[],"entityRanges":[],"data":{}},{"key":"9l8tn","text":"export interface State {","type":"custom-code-block-javascript","depth":0,"inlineStyleRanges":[],"entityRanges":[],"data":{}},{"key":"abrhd","text":"  ingredients: Ingredient[];","type":"custom-code-block-javascript","depth":0,"inlineStyleRanges":[],"entityRanges":[],"data":{}},{"key":"7ep7","text":"  editedIngredient: Ingredient;","type":"custom-code-block-javascript","depth":0,"inlineStyleRanges":[],"entityRanges":[],"data":{}},{"key":"a2pfo","text":"  editedIngredientIndex: number;","type":"custom-code-block-javascript","depth":0,"inlineStyleRanges":[],"entityRanges":[],"data":{}},{"key":"ep06q","text":"}","type":"custom-code-block-javascript","depth":0,"inlineStyleRanges":[],"entityRanges":[],"data":{}},{"key":"975cs","text":"","type":"custom-code-block-javascript","depth":0,"inlineStyleRanges":[],"entityRanges":[],"data":{}},{"key":"9pje1","text":"// initial state - because when app first load there won't be current state","type":"custom-code-block-javascript","depth":0,"inlineStyleRanges":[],"entityRanges":[],"data":{}},{"key":"fm7s6","text":"const initialState: State = {","type":"custom-code-block-javascript","depth":0,"inlineStyleRanges":[],"entityRanges":[],"data":{}},{"key":"cupob","text":"  ingredients: [","type":"custom-code-block-javascript","depth":0,"inlineStyleRanges":[],"entityRanges":[],"data":{}},{"key":"4rvsn","text":"    new Ingredient('Apples', 5),","type":"custom-code-block-javascript","depth":0,"inlineStyleRanges":[],"entityRanges":[],"data":{}},{"key":"526b5","text":"    new Ingredient('Tomatoes', 5)","type":"custom-code-block-javascript","depth":0,"inlineStyleRanges":[],"entityRanges":[],"data":{}},{"key":"1lo66","text":"  ],","type":"custom-code-block-javascript","depth":0,"inlineStyleRanges":[],"entityRanges":[],"data":{}},{"key":"ljb","text":"  editedIngredient: null,","type":"custom-code-block-javascript","depth":0,"inlineStyleRanges":[],"entityRanges":[],"data":{}},{"key":"78mcu","text":"  editedIngredientIndex: -1","type":"custom-code-block-javascript","depth":0,"inlineStyleRanges":[],"entityRanges":[],"data":{}},{"key":"aglap","text":"};","type":"custom-code-block-javascript","depth":0,"inlineStyleRanges":[],"entityRanges":[],"data":{}},{"key":"7379c","text":"","type":"custom-code-block-javascript","depth":0,"inlineStyleRanges":[],"entityRanges":[],"data":{}},{"key":"4bujf","text":"// argumants will be passed automatically by the ngrx to ShoppingListReducer function","type":"custom-code-block-javascript","depth":0,"inlineStyleRanges":[],"entityRanges":[],"data":{}},{"key":"euaqo","text":"// argumants: 1.state - current state of application ( initialState when state is not recognize )","type":"custom-code-block-javascript","depth":0,"inlineStyleRanges":[],"entityRanges":[],"data":{}},{"key":"e2pc3","text":"export function ShoppingListReducer(state = initialState, action: ShoppingListActions.ShoppingListActions) {","type":"custom-code-block-javascript","depth":0,"inlineStyleRanges":[],"entityRanges":[],"data":{}},{"key":"3n8qh","text":"  // there could be multiple actions that could be dispatched so typically use switch","type":"custom-code-block-javascript","depth":0,"inlineStyleRanges":[],"entityRanges":[],"data":{}},{"key":"1qeqt","text":"  switch (action.type) {","type":"custom-code-block-javascript","depth":0,"inlineStyleRanges":[],"entityRanges":[],"data":{}},{"key":"37u00","text":"    case ShoppingListActions.ADD_INGREDIENT:","type":"custom-code-block-javascript","depth":0,"inlineStyleRanges":[],"entityRanges":[],"data":{}},{"key":"7cgoa","text":"      return {","type":"custom-code-block-javascript","depth":0,"inlineStyleRanges":[],"entityRanges":[],"data":{}},{"key":"8l7in","text":"        ...state, // ... - just spread operator - it will pass the state object properties there instead of whole object","type":"custom-code-block-javascript","depth":0,"inlineStyleRanges":[],"entityRanges":[],"data":{}},{"key":"5n163","text":"        ingredients: [...state.ingredients, action.payload]","type":"custom-code-block-javascript","depth":0,"inlineStyleRanges":[],"entityRanges":[],"data":{}},{"key":"cujho","text":"      };","type":"custom-code-block-javascript","depth":0,"inlineStyleRanges":[],"entityRanges":[],"data":{}},{"key":"cb9v","text":"    case ShoppingListActions.ADD_INGREDIENTS:","type":"custom-code-block-javascript","depth":0,"inlineStyleRanges":[],"entityRanges":[],"data":{}},{"key":"8kb4h","text":"      return {","type":"custom-code-block-javascript","depth":0,"inlineStyleRanges":[],"entityRanges":[],"data":{}},{"key":"24poi","text":"        ...state,","type":"custom-code-block-javascript","depth":0,"inlineStyleRanges":[],"entityRanges":[],"data":{}},{"key":"68fr3","text":"        ingredients: [...state.ingredients, ...action.payload]","type":"custom-code-block-javascript","depth":0,"inlineStyleRanges":[],"entityRanges":[],"data":{}},{"key":"1simf","text":"      };","type":"custom-code-block-javascript","depth":0,"inlineStyleRanges":[],"entityRanges":[],"data":{}},{"key":"9cpkv","text":"    case ShoppingListActions.UPDATE_INGREDIENT:","type":"custom-code-block-javascript","depth":0,"inlineStyleRanges":[],"entityRanges":[],"data":{}},{"key":"80p2g","text":"      const ingredient = state.ingredients[state.editedIngredientIndex];","type":"custom-code-block-javascript","depth":0,"inlineStyleRanges":[],"entityRanges":[],"data":{}},{"key":"6sf3q","text":"      const updatedIngredient = {","type":"custom-code-block-javascript","depth":0,"inlineStyleRanges":[],"entityRanges":[],"data":{}},{"key":"am3ih","text":"        ...ingredient,","type":"custom-code-block-javascript","depth":0,"inlineStyleRanges":[],"entityRanges":[],"data":{}},{"key":"acq39","text":"        ...action.payload.ingredient","type":"custom-code-block-javascript","depth":0,"inlineStyleRanges":[],"entityRanges":[],"data":{}},{"key":"4ka5h","text":"      };","type":"custom-code-block-javascript","depth":0,"inlineStyleRanges":[],"entityRanges":[],"data":{}},{"key":"9po33","text":"      const ingredients = [...state.ingredients];","type":"custom-code-block-javascript","depth":0,"inlineStyleRanges":[],"entityRanges":[],"data":{}},{"key":"bpt5u","text":"      ingredients[state.editedIngredientIndex] = updatedIngredient;","type":"custom-code-block-javascript","depth":0,"inlineStyleRanges":[],"entityRanges":[],"data":{}},{"key":"28bsb","text":"      return {","type":"custom-code-block-javascript","depth":0,"inlineStyleRanges":[],"entityRanges":[],"data":{}},{"key":"cqo3m","text":"        ...state,","type":"custom-code-block-javascript","depth":0,"inlineStyleRanges":[],"entityRanges":[],"data":{}},{"key":"27b2c","text":"        ingredients: ingredients,","type":"custom-code-block-javascript","depth":0,"inlineStyleRanges":[],"entityRanges":[],"data":{}},{"key":"7ohf8","text":"        editedIngredient: null,","type":"custom-code-block-javascript","depth":0,"inlineStyleRanges":[],"entityRanges":[],"data":{}},{"key":"5l2p6","text":"        editedIngredientIndex: -1","type":"custom-code-block-javascript","depth":0,"inlineStyleRanges":[],"entityRanges":[],"data":{}},{"key":"7u15b","text":"      };","type":"custom-code-block-javascript","depth":0,"inlineStyleRanges":[],"entityRanges":[],"data":{}},{"key":"bbhrq","text":"    case ShoppingListActions.DELETE_INGREDIENT:","type":"custom-code-block-javascript","depth":0,"inlineStyleRanges":[],"entityRanges":[],"data":{}},{"key":"6kdlc","text":"      const ingredients2 = [...state.ingredients];","type":"custom-code-block-javascript","depth":0,"inlineStyleRanges":[],"entityRanges":[],"data":{}},{"key":"fr1f9","text":"      ingredients2.splice(state.editedIngredientIndex, 1);","type":"custom-code-block-javascript","depth":0,"inlineStyleRanges":[],"entityRanges":[],"data":{}},{"key":"3krt6","text":"      return {","type":"custom-code-block-javascript","depth":0,"inlineStyleRanges":[],"entityRanges":[],"data":{}},{"key":"62tlk","text":"        ...state,","type":"custom-code-block-javascript","depth":0,"inlineStyleRanges":[],"entityRanges":[],"data":{}},{"key":"ca9rf","text":"        ingredients: ingredients2,","type":"custom-code-block-javascript","depth":0,"inlineStyleRanges":[],"entityRanges":[],"data":{}},{"key":"11tmj","text":"        editedIngredient: null,","type":"custom-code-block-javascript","depth":0,"inlineStyleRanges":[],"entityRanges":[],"data":{}},{"key":"bcr1p","text":"        editedIngredientIndex: -1","type":"custom-code-block-javascript","depth":0,"inlineStyleRanges":[],"entityRanges":[],"data":{}},{"key":"9ef1h","text":"      };","type":"custom-code-block-javascript","depth":0,"inlineStyleRanges":[],"entityRanges":[],"data":{}},{"key":"fc70o","text":"    case ShoppingListActions.START_EDIT:","type":"custom-code-block-javascript","depth":0,"inlineStyleRanges":[],"entityRanges":[],"data":{}},{"key":"dvgp1","text":"      const editedIngredient = {...state.ingredients[action.payload]};","type":"custom-code-block-javascript","depth":0,"inlineStyleRanges":[],"entityRanges":[],"data":{}},{"key":"5qjgg","text":"      return {","type":"custom-code-block-javascript","depth":0,"inlineStyleRanges":[],"entityRanges":[],"data":{}},{"key":"42nej","text":"        ...state,","type":"custom-code-block-javascript","depth":0,"inlineStyleRanges":[],"entityRanges":[],"data":{}},{"key":"28cb8","text":"        editedIngredient: editedIngredient","type":"custom-code-block-javascript","depth":0,"inlineStyleRanges":[],"entityRanges":[],"data":{}},{"key":"2ubma","text":"        editedIngredientIndex: action.payload","type":"custom-code-block-javascript","depth":0,"inlineStyleRanges":[],"entityRanges":[],"data":{}},{"key":"b4p0b","text":"      };","type":"custom-code-block-javascript","depth":0,"inlineStyleRanges":[],"entityRanges":[],"data":{}},{"key":"4f5ud","text":"    case ShoppingListActions.STOP_EDIT:","type":"custom-code-block-javascript","depth":0,"inlineStyleRanges":[],"entityRanges":[],"data":{}},{"key":"5ijkp","text":"      return {","type":"custom-code-block-javascript","depth":0,"inlineStyleRanges":[],"entityRanges":[],"data":{}},{"key":"70sk1","text":"        ...state,","type":"custom-code-block-javascript","depth":0,"inlineStyleRanges":[],"entityRanges":[],"data":{}},{"key":"7575v","text":"        editedIngredient: null,","type":"custom-code-block-javascript","depth":0,"inlineStyleRanges":[],"entityRanges":[],"data":{}},{"key":"c41dg","text":"        editedIngredientIndex: -1","type":"custom-code-block-javascript","depth":0,"inlineStyleRanges":[],"entityRanges":[],"data":{}},{"key":"fa5tb","text":"      };","type":"custom-code-block-javascript","depth":0,"inlineStyleRanges":[],"entityRanges":[],"data":{}},{"key":"3ern9","text":"    default:","type":"custom-code-block-javascript","depth":0,"inlineStyleRanges":[],"entityRanges":[],"data":{}},{"key":"e44d0","text":"      return state;","type":"custom-code-block-javascript","depth":0,"inlineStyleRanges":[],"entityRanges":[],"data":{}},{"key":"5f66t","text":"  }","type":"custom-code-block-javascript","depth":0,"inlineStyleRanges":[],"entityRanges":[],"data":{}},{"key":"epoj","text":"  // behind the scene ngrx return a new state","type":"custom-code-block-javascript","depth":0,"inlineStyleRanges":[],"entityRanges":[],"data":{}},{"key":"27iqj","text":"  // one task here - we have to return updated state of our app","type":"custom-code-block-javascript","depth":0,"inlineStyleRanges":[],"entityRanges":[],"data":{}},{"key":"aumsr","text":"}","type":"custom-code-block-javascript","depth":0,"inlineStyleRanges":[],"entityRanges":[],"data":{}},{"key":"59kd9","text":"","type":"unstyled","depth":0,"inlineStyleRanges":[],"entityRanges":[],"data":{}},{"key":"8ma2c","text":"2. Add an actions file for that - shopping-list.actions.ts","type":"unstyled","depth":0,"inlineStyleRanges":[],"entityRanges":[],"data":{}},{"key":"ccejp","text":"import { Action } from '@ngrx/store';","type":"custom-code-block-javascript","depth":0,"inlineStyleRanges":[],"entityRanges":[],"data":{}},{"key":"7uvdu","text":"import { Ingredient } from '../../shared/ingredient.model';","type":"custom-code-block-javascript","depth":0,"inlineStyleRanges":[],"entityRanges":[],"data":{}},{"key":"7dssv","text":"","type":"custom-code-block-javascript","depth":0,"inlineStyleRanges":[],"entityRanges":[],"data":{}},{"key":"f4dt6","text":"export const ADD_INGREDIENT = 'ADD_INGREDIENT';","type":"custom-code-block-javascript","depth":0,"inlineStyleRanges":[],"entityRanges":[],"data":{}},{"key":"9dorg","text":"export const ADD_INGREDIENTS = 'ADD_INGREDIENTS';","type":"custom-code-block-javascript","depth":0,"inlineStyleRanges":[],"entityRanges":[],"data":{}},{"key":"ba3mc","text":"export const UPDATE_INGREDIENT = 'UPDATE_INGREDIENT';","type":"custom-code-block-javascript","depth":0,"inlineStyleRanges":[],"entityRanges":[],"data":{}},{"key":"127p9","text":"export const DELETE_INGREDIENT = 'DELETE_INGREDIENT';","type":"custom-code-block-javascript","depth":0,"inlineStyleRanges":[],"entityRanges":[],"data":{}},{"key":"4lag8","text":"export const START_EDIT = 'START_EDIT';","type":"custom-code-block-javascript","depth":0,"inlineStyleRanges":[],"entityRanges":[],"data":{}},{"key":"appmu","text":"export const STOP_EDIT = 'STOP_EDIT';","type":"custom-code-block-javascript","depth":0,"inlineStyleRanges":[],"entityRanges":[],"data":{}},{"key":"7q3e","text":"","type":"custom-code-block-javascript","depth":0,"inlineStyleRanges":[],"entityRanges":[],"data":{}},{"key":"7htsr","text":"export class AddIngredient implements Action {","type":"custom-code-block-javascript","depth":0,"inlineStyleRanges":[],"entityRanges":[],"data":{}},{"key":"7648a","text":"  readonly type = ADD_INGREDIENT; // unique identifier for this action // readonly is TypeScript type","type":"custom-code-block-javascript","depth":0,"inlineStyleRanges":[],"entityRanges":[],"data":{}},{"key":"82oko","text":"  // if your action have payload (fetch something with it) you can add another property","type":"custom-code-block-javascript","depth":0,"inlineStyleRanges":[],"entityRanges":[],"data":{}},{"key":"11p6v","text":"  constructor(public payload: Ingredient) {}","type":"custom-code-block-javascript","depth":0,"inlineStyleRanges":[],"entityRanges":[],"data":{}},{"key":"8uok","text":"}","type":"custom-code-block-javascript","depth":0,"inlineStyleRanges":[],"entityRanges":[],"data":{}},{"key":"bksi4","text":"export class AddIngredients implements Action {","type":"custom-code-block-javascript","depth":0,"inlineStyleRanges":[],"entityRanges":[],"data":{}},{"key":"8fv6h","text":"  readonly type = ADD_INGREDIENTS;","type":"custom-code-block-javascript","depth":0,"inlineStyleRanges":[],"entityRanges":[],"data":{}},{"key":"283n7","text":"  constructor (public payload: Ingredient[]) {}","type":"custom-code-block-javascript","depth":0,"inlineStyleRanges":[],"entityRanges":[],"data":{}},{"key":"49l0c","text":"}","type":"custom-code-block-javascript","depth":0,"inlineStyleRanges":[],"entityRanges":[],"data":{}},{"key":"2ljpu","text":"export class UpdateIngredient implements Action {","type":"custom-code-block-javascript","depth":0,"inlineStyleRanges":[],"entityRanges":[],"data":{}},{"key":"3k0r7","text":"  readonly type = UPDATE_INGREDIENT;","type":"custom-code-block-javascript","depth":0,"inlineStyleRanges":[],"entityRanges":[],"data":{}},{"key":"5kqk2","text":"  constructor (public payload: {ingredient: Ingredient}) {}","type":"custom-code-block-javascript","depth":0,"inlineStyleRanges":[],"entityRanges":[],"data":{}},{"key":"odvs","text":"}","type":"custom-code-block-javascript","depth":0,"inlineStyleRanges":[],"entityRanges":[],"data":{}},{"key":"89jkv","text":"export class DeleteIngredient implements Action {","type":"custom-code-block-javascript","depth":0,"inlineStyleRanges":[],"entityRanges":[],"data":{}},{"key":"8uqei","text":"  readonly type = DELETE_INGREDIENT;","type":"custom-code-block-javascript","depth":0,"inlineStyleRanges":[],"entityRanges":[],"data":{}},{"key":"a1rbk","text":"}","type":"custom-code-block-javascript","depth":0,"inlineStyleRanges":[],"entityRanges":[],"data":{}},{"key":"a117s","text":"export class StartEdit implements Action {","type":"custom-code-block-javascript","depth":0,"inlineStyleRanges":[],"entityRanges":[],"data":{}},{"key":"1cp65","text":"  readonly type = START_EDIT;","type":"custom-code-block-javascript","depth":0,"inlineStyleRanges":[],"entityRanges":[],"data":{}},{"key":"5rbr7","text":"  constructor (public payload: number) {}","type":"custom-code-block-javascript","depth":0,"inlineStyleRanges":[],"entityRanges":[],"data":{}},{"key":"2s45s","text":"}","type":"custom-code-block-javascript","depth":0,"inlineStyleRanges":[],"entityRanges":[],"data":{}},{"key":"dhq36","text":"export class StopEdit implements Action {","type":"custom-code-block-javascript","depth":0,"inlineStyleRanges":[],"entityRanges":[],"data":{}},{"key":"8lifa","text":"  readonly type = STOP_EDIT;","type":"custom-code-block-javascript","depth":0,"inlineStyleRanges":[],"entityRanges":[],"data":{}},{"key":"9qh44","text":"}","type":"custom-code-block-javascript","depth":0,"inlineStyleRanges":[],"entityRanges":[],"data":{}},{"key":"84pni","text":"","type":"custom-code-block-javascript","depth":0,"inlineStyleRanges":[],"entityRanges":[],"data":{}},{"key":"2lg0u","text":"// bundle all ations in one single export here - it will be usefull with more actions","type":"custom-code-block-javascript","depth":0,"inlineStyleRanges":[],"entityRanges":[],"data":{}},{"key":"epm9n","text":"// type is just TypeScript feature we can define","type":"custom-code-block-javascript","depth":0,"inlineStyleRanges":[],"entityRanges":[],"data":{}},{"key":"1jqaj","text":"export type ShoppingListActions =","type":"custom-code-block-javascript","depth":0,"inlineStyleRanges":[],"entityRanges":[],"data":{}},{"key":"f22fi","text":"AddIngredient |","type":"custom-code-block-javascript","depth":0,"inlineStyleRanges":[],"entityRanges":[],"data":{}},{"key":"86h9t","text":"AddIngredients |","type":"custom-code-block-javascript","depth":0,"inlineStyleRanges":[],"entityRanges":[],"data":{}},{"key":"50kbo","text":"UpdateIngredient |","type":"custom-code-block-javascript","depth":0,"inlineStyleRanges":[],"entityRanges":[],"data":{}},{"key":"lgbg","text":"DeleteIngredient |","type":"custom-code-block-javascript","depth":0,"inlineStyleRanges":[],"entityRanges":[],"data":{}},{"key":"2f27t","text":"StartEdit|","type":"custom-code-block-javascript","depth":0,"inlineStyleRanges":[],"entityRanges":[],"data":{}},{"key":"cp65m","text":"StopEdit;","type":"custom-code-block-javascript","depth":0,"inlineStyleRanges":[],"entityRanges":[],"data":{}},{"key":"5c0eu","text":"","type":"custom-code-block-javascript","depth":0,"inlineStyleRanges":[],"entityRanges":[],"data":{}},{"key":"5mu32","text":"","type":"unstyled","depth":0,"inlineStyleRanges":[],"entityRanges":[],"data":{}},{"key":"7kkc0","text":"3. Register it in app.module.ts:","type":"unstyled","depth":0,"inlineStyleRanges":[],"entityRanges":[],"data":{}},{"key":"9rc7a","text":"-> ngrx set up our store, register shopping-list.reducers as one thing that can edit the store and initial state of app","type":"unstyled","depth":0,"inlineStyleRanges":[],"entityRanges":[],"data":{}},{"key":"9u92j","text":"import { BrowserModule } from '@angular/platform-browser';","type":"custom-code-block-javascript","depth":0,"inlineStyleRanges":[],"entityRanges":[],"data":{}},{"key":"drlce","text":"import { NgModule } from '@angular/core';","type":"custom-code-block-javascript","depth":0,"inlineStyleRanges":[],"entityRanges":[],"data":{}},{"key":"83o0n","text":"import { HttpClientModule } from '@angular/common/http';","type":"custom-code-block-javascript","depth":0,"inlineStyleRanges":[],"entityRanges":[],"data":{}},{"key":"7ivks","text":"import { StoreModule } from '@ngrx/store';","type":"custom-code-block-javascript","depth":0,"inlineStyleRanges":[{"offset":0,"length":42,"style":"BOLD"},{"offset":0,"length":42,"style":"ITALIC"}],"entityRanges":[],"data":{}},{"key":"6bn9p","text":"","type":"custom-code-block-javascript","depth":0,"inlineStyleRanges":[],"entityRanges":[],"data":{}},{"key":"178pn","text":"import { AppComponent } from './app.component';","type":"custom-code-block-javascript","depth":0,"inlineStyleRanges":[],"entityRanges":[],"data":{}},{"key":"7gnkh","text":"import { CoreModule } from './core/core.module';","type":"custom-code-block-javascript","depth":0,"inlineStyleRanges":[],"entityRanges":[],"data":{}},{"key":"3m7ju","text":"","type":"custom-code-block-javascript","depth":0,"inlineStyleRanges":[],"entityRanges":[],"data":{}},{"key":"3r5er","text":"import { AppRoutingModule } from './app-routing.module';","type":"custom-code-block-javascript","depth":0,"inlineStyleRanges":[],"entityRanges":[],"data":{}},{"key":"fkc4c","text":"import { ReactiveFormsModule } from '@angular/forms';","type":"custom-code-block-javascript","depth":0,"inlineStyleRanges":[],"entityRanges":[],"data":{}},{"key":"7a9nq","text":"import { SharedModule } from './shared/shared.module';","type":"custom-code-block-javascript","depth":0,"inlineStyleRanges":[],"entityRanges":[],"data":{}},{"key":"d5nhh","text":"import { ShoppingListModule } from './shopping-list/shopping-list.module';","type":"custom-code-block-javascript","depth":0,"inlineStyleRanges":[],"entityRanges":[],"data":{}},{"key":"6sst0","text":"import { AuthModule } from './auth/auth.module';","type":"custom-code-block-javascript","depth":0,"inlineStyleRanges":[],"entityRanges":[],"data":{}},{"key":"dt2bf","text":"import { shoppingListReducer } from './shopping-list/store/shopping-list.reducers';","type":"custom-code-block-javascript","depth":0,"inlineStyleRanges":[{"offset":0,"length":83,"style":"BOLD"},{"offset":0,"length":83,"style":"ITALIC"}],"entityRanges":[],"data":{}},{"key":"3j0ub","text":"","type":"custom-code-block-javascript","depth":0,"inlineStyleRanges":[],"entityRanges":[],"data":{}},{"key":"4387l","text":"@NgModule({","type":"custom-code-block-javascript","depth":0,"inlineStyleRanges":[],"entityRanges":[],"data":{}},{"key":"4v85u","text":"  declarations: [","type":"custom-code-block-javascript","depth":0,"inlineStyleRanges":[],"entityRanges":[],"data":{}},{"key":"8udom","text":"    AppComponent","type":"custom-code-block-javascript","depth":0,"inlineStyleRanges":[],"entityRanges":[],"data":{}},{"key":"983km","text":"  ],","type":"custom-code-block-javascript","depth":0,"inlineStyleRanges":[],"entityRanges":[],"data":{}},{"key":"aqger","text":"  imports: [","type":"custom-code-block-javascript","depth":0,"inlineStyleRanges":[],"entityRanges":[],"data":{}},{"key":"7spsd","text":"    BrowserModule,","type":"custom-code-block-javascript","depth":0,"inlineStyleRanges":[],"entityRanges":[],"data":{}},{"key":"8ea5i","text":"    HttpClientModule,","type":"custom-code-block-javascript","depth":0,"inlineStyleRanges":[],"entityRanges":[],"data":{}},{"key":"1aton","text":"    AppRoutingModule,","type":"custom-code-block-javascript","depth":0,"inlineStyleRanges":[],"entityRanges":[],"data":{}},{"key":"bil9h","text":"    SharedModule,","type":"custom-code-block-javascript","depth":0,"inlineStyleRanges":[],"entityRanges":[],"data":{}},{"key":"3bc22","text":"    ShoppingListModule,","type":"custom-code-block-javascript","depth":0,"inlineStyleRanges":[],"entityRanges":[],"data":{}},{"key":"2mr52","text":"    AuthModule,","type":"custom-code-block-javascript","depth":0,"inlineStyleRanges":[],"entityRanges":[],"data":{}},{"key":"7egt3","text":"    CoreModule,","type":"custom-code-block-javascript","depth":0,"inlineStyleRanges":[],"entityRanges":[],"data":{}},{"key":"e0grk","text":"    StoreModule.forRoot({shoppingList: shoppingListReducer}) // register storeModule","type":"custom-code-block-javascript","depth":0,"inlineStyleRanges":[{"offset":0,"length":84,"style":"BOLD"},{"offset":0,"length":84,"style":"ITALIC"}],"entityRanges":[],"data":{}},{"key":"7q2g1","text":"  ],","type":"custom-code-block-javascript","depth":0,"inlineStyleRanges":[],"entityRanges":[],"data":{}},{"key":"65bks","text":"  bootstrap: [AppComponent]","type":"custom-code-block-javascript","depth":0,"inlineStyleRanges":[],"entityRanges":[],"data":{}},{"key":"8rgvf","text":"})","type":"custom-code-block-javascript","depth":0,"inlineStyleRanges":[],"entityRanges":[],"data":{}},{"key":"3uve2","text":"export class AppModule { }","type":"custom-code-block-javascript","depth":0,"inlineStyleRanges":[],"entityRanges":[],"data":{}},{"key":"3nkq6","text":"","type":"custom-code-block-javascript","depth":0,"inlineStyleRanges":[],"entityRanges":[],"data":{}},{"key":"3v550","text":"","type":"unstyled","depth":0,"inlineStyleRanges":[],"entityRanges":[],"data":{}},{"key":"2v8uf","text":"-> when you have got more reducers it's better to bind them in global app.reducers.ts file ( more about this file in subpoint 5! ) and then pass it all bound to app.module imports","type":"unstyled","depth":0,"inlineStyleRanges":[{"offset":90,"length":41,"style":"BOLD"}],"entityRanges":[],"data":{}},{"key":"a9bel","text":"// export global application reducer","type":"custom-code-block-javascript","depth":0,"inlineStyleRanges":[],"entityRanges":[],"data":{}},{"key":"dlk6o","text":"// export state which bundle all the apllication states","type":"custom-code-block-javascript","depth":0,"inlineStyleRanges":[],"entityRanges":[],"data":{}},{"key":"16vkd","text":"import { ActionReducerMap } from '@ngrx/store';","type":"custom-code-block-javascript","depth":0,"inlineStyleRanges":[],"entityRanges":[],"data":{}},{"key":"baeor","text":"import * as fromShoppingList from '../shopping-list/store/shopping-list.reducers';","type":"custom-code-block-javascript","depth":0,"inlineStyleRanges":[],"entityRanges":[],"data":{}},{"key":"e7qqo","text":"import * as fromAuth from '../auth/store/auth.reducers';","type":"custom-code-block-javascript","depth":0,"inlineStyleRanges":[],"entityRanges":[],"data":{}},{"key":"4o2ri","text":"","type":"custom-code-block-javascript","depth":0,"inlineStyleRanges":[],"entityRanges":[],"data":{}},{"key":"9at3s","text":"export interface AppState {","type":"custom-code-block-javascript","depth":0,"inlineStyleRanges":[],"entityRanges":[],"data":{}},{"key":"50f7q","text":"  shoppingList: fromShoppingList.State;","type":"custom-code-block-javascript","depth":0,"inlineStyleRanges":[],"entityRanges":[],"data":{}},{"key":"1rjgs","text":"  auth: fromAuth.State;","type":"custom-code-block-javascript","depth":0,"inlineStyleRanges":[],"entityRanges":[],"data":{}},{"key":"qlh","text":"}","type":"custom-code-block-javascript","depth":0,"inlineStyleRanges":[],"entityRanges":[],"data":{}},{"key":"4090h","text":"","type":"custom-code-block-javascript","depth":0,"inlineStyleRanges":[],"entityRanges":[],"data":{}},{"key":"6hq2s","text":"export const reducers: ActionReducerMap<AppState> = {","type":"custom-code-block-javascript","depth":0,"inlineStyleRanges":[{"offset":0,"length":53,"style":"BOLD"},{"offset":0,"length":53,"style":"ITALIC"}],"entityRanges":[],"data":{}},{"key":"1aeic","text":"  shoppingList: fromShoppingList.ShoppingListReducer,","type":"custom-code-block-javascript","depth":0,"inlineStyleRanges":[{"offset":0,"length":53,"style":"BOLD"},{"offset":0,"length":53,"style":"ITALIC"}],"entityRanges":[],"data":{}},{"key":"767sl","text":"  auth: fromAuth.AuthReducer","type":"custom-code-block-javascript","depth":0,"inlineStyleRanges":[{"offset":0,"length":28,"style":"BOLD"},{"offset":0,"length":28,"style":"ITALIC"}],"entityRanges":[],"data":{}},{"key":"7bc11","text":"};","type":"custom-code-block-javascript","depth":0,"inlineStyleRanges":[{"offset":0,"length":2,"style":"BOLD"},{"offset":0,"length":2,"style":"ITALIC"}],"entityRanges":[],"data":{}},{"key":"e85na","text":"-> and then pass it bound to app.module.ts:","type":"unstyled","depth":0,"inlineStyleRanges":[],"entityRanges":[],"data":{}},{"key":"9pnhm","text":"import { BrowserModule } from '@angular/platform-browser';","type":"custom-code-block-javascript","depth":0,"inlineStyleRanges":[],"entityRanges":[],"data":{}},{"key":"43ov5","text":"import { NgModule } from '@angular/core';","type":"custom-code-block-javascript","depth":0,"inlineStyleRanges":[],"entityRanges":[],"data":{}},{"key":"e42hd","text":"import { HttpClientModule } from '@angular/common/http';","type":"custom-code-block-javascript","depth":0,"inlineStyleRanges":[],"entityRanges":[],"data":{}},{"key":"8rj55","text":"import { StoreModule } from '@ngrx/store';","type":"custom-code-block-javascript","depth":0,"inlineStyleRanges":[],"entityRanges":[],"data":{}},{"key":"d4h3d","text":"import { AppComponent } from './app.component';","type":"custom-code-block-javascript","depth":0,"inlineStyleRanges":[],"entityRanges":[],"data":{}},{"key":"4jted","text":"import { CoreModule } from './core/core.module';","type":"custom-code-block-javascript","depth":0,"inlineStyleRanges":[],"entityRanges":[],"data":{}},{"key":"4hsil","text":"import { AppRoutingModule } from './app-routing.module';","type":"custom-code-block-javascript","depth":0,"inlineStyleRanges":[],"entityRanges":[],"data":{}},{"key":"epnf7","text":"import { ReactiveFormsModule } from '@angular/forms';","type":"custom-code-block-javascript","depth":0,"inlineStyleRanges":[],"entityRanges":[],"data":{}},{"key":"bfhc4","text":"import { SharedModule } from './shared/shared.module';","type":"custom-code-block-javascript","depth":0,"inlineStyleRanges":[],"entityRanges":[],"data":{}},{"key":"ftac9","text":"import { ShoppingListModule } from './shopping-list/shopping-list.module';","type":"custom-code-block-javascript","depth":0,"inlineStyleRanges":[],"entityRanges":[],"data":{}},{"key":"963na","text":"import { AuthModule } from './auth/auth.module';","type":"custom-code-block-javascript","depth":0,"inlineStyleRanges":[],"entityRanges":[],"data":{}},{"key":"b81e","text":"import { reducers } from './store/app.reducers';","type":"custom-code-block-javascript","depth":0,"inlineStyleRanges":[{"offset":0,"length":48,"style":"BOLD"},{"offset":0,"length":48,"style":"ITALIC"}],"entityRanges":[],"data":{}},{"key":"717k5","text":"","type":"custom-code-block-javascript","depth":0,"inlineStyleRanges":[],"entityRanges":[],"data":{}},{"key":"9hcsu","text":"@NgModule({","type":"custom-code-block-javascript","depth":0,"inlineStyleRanges":[],"entityRanges":[],"data":{}},{"key":"b17al","text":"  declarations: [","type":"custom-code-block-javascript","depth":0,"inlineStyleRanges":[],"entityRanges":[],"data":{}},{"key":"af5d","text":"    AppComponent","type":"custom-code-block-javascript","depth":0,"inlineStyleRanges":[],"entityRanges":[],"data":{}},{"key":"7act9","text":"  ],","type":"custom-code-block-javascript","depth":0,"inlineStyleRanges":[],"entityRanges":[],"data":{}},{"key":"9d2ll","text":"  imports: [","type":"custom-code-block-javascript","depth":0,"inlineStyleRanges":[],"entityRanges":[],"data":{}},{"key":"7ptpu","text":"    BrowserModule,","type":"custom-code-block-javascript","depth":0,"inlineStyleRanges":[],"entityRanges":[],"data":{}},{"key":"79v1c","text":"    HttpClientModule,","type":"custom-code-block-javascript","depth":0,"inlineStyleRanges":[],"entityRanges":[],"data":{}},{"key":"dts8i","text":"    AppRoutingModule,","type":"custom-code-block-javascript","depth":0,"inlineStyleRanges":[],"entityRanges":[],"data":{}},{"key":"aiq96","text":"    SharedModule,","type":"custom-code-block-javascript","depth":0,"inlineStyleRanges":[],"entityRanges":[],"data":{}},{"key":"dp2v6","text":"    ShoppingListModule,","type":"custom-code-block-javascript","depth":0,"inlineStyleRanges":[],"entityRanges":[],"data":{}},{"key":"a05tk","text":"    AuthModule,","type":"custom-code-block-javascript","depth":0,"inlineStyleRanges":[],"entityRanges":[],"data":{}},{"key":"6limd","text":"    CoreModule,","type":"custom-code-block-javascript","depth":0,"inlineStyleRanges":[],"entityRanges":[],"data":{}},{"key":"bucv7","text":"    StoreModule.forRoot(reducers)","type":"custom-code-block-javascript","depth":0,"inlineStyleRanges":[{"offset":0,"length":33,"style":"BOLD"},{"offset":0,"length":33,"style":"ITALIC"}],"entityRanges":[],"data":{}},{"key":"1dr0v","text":"  ],","type":"custom-code-block-javascript","depth":0,"inlineStyleRanges":[],"entityRanges":[],"data":{}},{"key":"2kbmd","text":"  bootstrap: [AppComponent]","type":"custom-code-block-javascript","depth":0,"inlineStyleRanges":[],"entityRanges":[],"data":{}},{"key":"etee5","text":"})","type":"custom-code-block-javascript","depth":0,"inlineStyleRanges":[],"entityRanges":[],"data":{}},{"key":"8dte8","text":"export class AppModule { }","type":"custom-code-block-javascript","depth":0,"inlineStyleRanges":[],"entityRanges":[],"data":{}},{"key":"t5n","text":"","type":"unstyled","depth":0,"inlineStyleRanges":[],"entityRanges":[],"data":{}},{"key":"3dd96","text":"","type":"unstyled","depth":0,"inlineStyleRanges":[],"entityRanges":[],"data":{}},{"key":"1d86q","text":"4. Dispatch Actions in component where you want to use it:","type":"unstyled","depth":0,"inlineStyleRanges":[],"entityRanges":[],"data":{}},{"key":"8intv","text":"-> here we will use it to add a new Ingredient","type":"unstyled","depth":0,"inlineStyleRanges":[],"entityRanges":[],"data":{}},{"key":"43hko","text":"import { Component, OnInit, OnDestroy, ViewChild } from '@angular/core';","type":"custom-code-block-javascript","depth":0,"inlineStyleRanges":[],"entityRanges":[],"data":{}},{"key":"72hld","text":"","type":"custom-code-block-javascript","depth":0,"inlineStyleRanges":[],"entityRanges":[],"data":{}},{"key":"co4sl","text":"import { Ingredient } from '../../shared/ingredient.model';","type":"custom-code-block-javascript","depth":0,"inlineStyleRanges":[],"entityRanges":[],"data":{}},{"key":"d3q2v","text":"import { NgForm } from '@angular/forms';","type":"custom-code-block-javascript","depth":0,"inlineStyleRanges":[],"entityRanges":[],"data":{}},{"key":"er18d","text":"import { Subscription } from 'rxjs/Subscription';","type":"custom-code-block-javascript","depth":0,"inlineStyleRanges":[],"entityRanges":[],"data":{}},{"key":"efide","text":"import { Store } from '@ngrx/store';","type":"custom-code-block-javascript","depth":0,"inlineStyleRanges":[{"offset":0,"length":36,"style":"BOLD"},{"offset":0,"length":36,"style":"ITALIC"}],"entityRanges":[],"data":{}},{"key":"4603t","text":"import * as ShoppingListActions from '../store/shopping-list.actions';","type":"custom-code-block-javascript","depth":0,"inlineStyleRanges":[{"offset":0,"length":70,"style":"BOLD"},{"offset":0,"length":70,"style":"ITALIC"}],"entityRanges":[],"data":{}},{"key":"c2bne","text":"// import * as fromShoppingList from '../store/shopping-list.reducers'; //the old shoppinglist state","type":"custom-code-block-javascript","depth":0,"inlineStyleRanges":[{"offset":0,"length":100,"style":"BOLD"},{"offset":0,"length":100,"style":"ITALIC"}],"entityRanges":[],"data":{}},{"key":"deh5u","text":"import * as fromApp from '../../store/app.reducers'; // gloab app state","type":"custom-code-block-javascript","depth":0,"inlineStyleRanges":[{"offset":0,"length":71,"style":"BOLD"},{"offset":0,"length":71,"style":"ITALIC"}],"entityRanges":[],"data":{}},{"key":"1j0tr","text":"","type":"custom-code-block-javascript","depth":0,"inlineStyleRanges":[],"entityRanges":[],"data":{}},{"key":"6r30","text":"@Component({","type":"custom-code-block-javascript","depth":0,"inlineStyleRanges":[],"entityRanges":[],"data":{}},{"key":"1jq2k","text":"  selector: 'app-shopping-edit',","type":"custom-code-block-javascript","depth":0,"inlineStyleRanges":[],"entityRanges":[],"data":{}},{"key":"8djpt","text":"  templateUrl: './shopping-edit.component.html',","type":"custom-code-block-javascript","depth":0,"inlineStyleRanges":[],"entityRanges":[],"data":{}},{"key":"b8rft","text":"  styleUrls: ['./shopping-edit.component.css']","type":"custom-code-block-javascript","depth":0,"inlineStyleRanges":[],"entityRanges":[],"data":{}},{"key":"fadid","text":"})","type":"custom-code-block-javascript","depth":0,"inlineStyleRanges":[],"entityRanges":[],"data":{}},{"key":"ee1cs","text":"export class ShoppingEditComponent implements OnInit, OnDestroy {","type":"custom-code-block-javascript","depth":0,"inlineStyleRanges":[],"entityRanges":[],"data":{}},{"key":"bpgr0","text":"","type":"custom-code-block-javascript","depth":0,"inlineStyleRanges":[],"entityRanges":[],"data":{}},{"key":"7tdil","text":"  subscription: Subscription;","type":"custom-code-block-javascript","depth":0,"inlineStyleRanges":[],"entityRanges":[],"data":{}},{"key":"8ltoi","text":"  editMode = false;","type":"custom-code-block-javascript","depth":0,"inlineStyleRanges":[],"entityRanges":[],"data":{}},{"key":"bll28","text":"  editedItem: Ingredient;","type":"custom-code-block-javascript","depth":0,"inlineStyleRanges":[],"entityRanges":[],"data":{}},{"key":"1br1d","text":"  @ViewChild('f') form;","type":"custom-code-block-javascript","depth":0,"inlineStyleRanges":[],"entityRanges":[],"data":{}},{"key":"7sp0c","text":"","type":"custom-code-block-javascript","depth":0,"inlineStyleRanges":[],"entityRanges":[],"data":{}},{"key":"8gbh","text":"  constructor(private store: Store<fromApp.AppState>) { }","type":"custom-code-block-javascript","depth":0,"inlineStyleRanges":[],"entityRanges":[],"data":{}},{"key":"dmhh7","text":"","type":"custom-code-block-javascript","depth":0,"inlineStyleRanges":[],"entityRanges":[],"data":{}},{"key":"8bcp3","text":"  ngOnInit() {","type":"custom-code-block-javascript","depth":0,"inlineStyleRanges":[],"entityRanges":[],"data":{}},{"key":"5norm","text":"    this.subscription = this.store.select('shoppingList').subscribe(","type":"custom-code-block-javascript","depth":0,"inlineStyleRanges":[{"offset":0,"length":68,"style":"BOLD"},{"offset":0,"length":68,"style":"ITALIC"}],"entityRanges":[],"data":{}},{"key":"fuip4","text":"      (data) => {","type":"custom-code-block-javascript","depth":0,"inlineStyleRanges":[{"offset":0,"length":17,"style":"BOLD"},{"offset":0,"length":17,"style":"ITALIC"}],"entityRanges":[],"data":{}},{"key":"1u90t","text":"        if (data.editedIngredientIndex > -1) {","type":"custom-code-block-javascript","depth":0,"inlineStyleRanges":[{"offset":0,"length":46,"style":"BOLD"},{"offset":0,"length":46,"style":"ITALIC"}],"entityRanges":[],"data":{}},{"key":"e6v7","text":"          this.editMode = true;","type":"custom-code-block-javascript","depth":0,"inlineStyleRanges":[{"offset":0,"length":31,"style":"BOLD"},{"offset":0,"length":31,"style":"ITALIC"}],"entityRanges":[],"data":{}},{"key":"dj20n","text":"          this.editedItem = data.editedIngredient;","type":"custom-code-block-javascript","depth":0,"inlineStyleRanges":[{"offset":0,"length":50,"style":"BOLD"},{"offset":0,"length":50,"style":"ITALIC"}],"entityRanges":[],"data":{}},{"key":"aj4du","text":"          this.form.setValue({name: this.editedItem.name, amount: this.editedItem.amount});","type":"custom-code-block-javascript","depth":0,"inlineStyleRanges":[{"offset":0,"length":91,"style":"BOLD"},{"offset":0,"length":91,"style":"ITALIC"}],"entityRanges":[],"data":{}},{"key":"m3qs","text":"        } else {","type":"custom-code-block-javascript","depth":0,"inlineStyleRanges":[{"offset":0,"length":16,"style":"BOLD"},{"offset":0,"length":16,"style":"ITALIC"}],"entityRanges":[],"data":{}},{"key":"5dgh9","text":"          this.editMode = false;","type":"custom-code-block-javascript","depth":0,"inlineStyleRanges":[{"offset":0,"length":32,"style":"BOLD"},{"offset":0,"length":32,"style":"ITALIC"}],"entityRanges":[],"data":{}},{"key":"2ajnh","text":"        }","type":"custom-code-block-javascript","depth":0,"inlineStyleRanges":[{"offset":0,"length":9,"style":"BOLD"},{"offset":0,"length":9,"style":"ITALIC"}],"entityRanges":[],"data":{}},{"key":"6n8kt","text":"      }","type":"custom-code-block-javascript","depth":0,"inlineStyleRanges":[{"offset":0,"length":7,"style":"BOLD"},{"offset":0,"length":7,"style":"ITALIC"}],"entityRanges":[],"data":{}},{"key":"fq0m3","text":"    );","type":"custom-code-block-javascript","depth":0,"inlineStyleRanges":[],"entityRanges":[],"data":{}},{"key":"3u382","text":"    // this.subscription = this.shoppingListService.editIngredient.subscribe(","type":"custom-code-block-javascript","depth":0,"inlineStyleRanges":[],"entityRanges":[],"data":{}},{"key":"16t6h","text":"    //   (i: number) => {","type":"custom-code-block-javascript","depth":0,"inlineStyleRanges":[],"entityRanges":[],"data":{}},{"key":"1spsa","text":"    //     this.editMode = true;","type":"custom-code-block-javascript","depth":0,"inlineStyleRanges":[],"entityRanges":[],"data":{}},{"key":"55vmg","text":"    //     this.editedItemIndex = i;","type":"custom-code-block-javascript","depth":0,"inlineStyleRanges":[],"entityRanges":[],"data":{}},{"key":"fdu6t","text":"    //     this.editedItem = this.shoppingListService.getIngredient(i);","type":"custom-code-block-javascript","depth":0,"inlineStyleRanges":[],"entityRanges":[],"data":{}},{"key":"e63nc","text":"    //     this.form.setValue({name: this.editedItem.name, amount: this.editedItem.amount});","type":"custom-code-block-javascript","depth":0,"inlineStyleRanges":[],"entityRanges":[],"data":{}},{"key":"2m79m","text":"    //   }","type":"custom-code-block-javascript","depth":0,"inlineStyleRanges":[],"entityRanges":[],"data":{}},{"key":"456i7","text":"    // );","type":"custom-code-block-javascript","depth":0,"inlineStyleRanges":[],"entityRanges":[],"data":{}},{"key":"f3497","text":"  }","type":"custom-code-block-javascript","depth":0,"inlineStyleRanges":[],"entityRanges":[],"data":{}},{"key":"jo57","text":"","type":"custom-code-block-javascript","depth":0,"inlineStyleRanges":[],"entityRanges":[],"data":{}},{"key":"273mr","text":"  onSubmitIngredient() {","type":"custom-code-block-javascript","depth":0,"inlineStyleRanges":[],"entityRanges":[],"data":{}},{"key":"abame","text":"    const value = this.form.value;","type":"custom-code-block-javascript","depth":0,"inlineStyleRanges":[],"entityRanges":[],"data":{}},{"key":"6jmma","text":"    const newIngredient = new Ingredient(","type":"custom-code-block-javascript","depth":0,"inlineStyleRanges":[],"entityRanges":[],"data":{}},{"key":"7r88b","text":"      value.name,","type":"custom-code-block-javascript","depth":0,"inlineStyleRanges":[],"entityRanges":[],"data":{}},{"key":"46pt3","text":"      value.amount","type":"custom-code-block-javascript","depth":0,"inlineStyleRanges":[],"entityRanges":[],"data":{}},{"key":"65m9u","text":"    );","type":"custom-code-block-javascript","depth":0,"inlineStyleRanges":[],"entityRanges":[],"data":{}},{"key":"fdbo1","text":"    if (this.editMode) {","type":"custom-code-block-javascript","depth":0,"inlineStyleRanges":[],"entityRanges":[],"data":{}},{"key":"ahft","text":"      // this.shoppingListService.updateIngredient(this.editedItemIndex, newIngredient);","type":"custom-code-block-javascript","depth":0,"inlineStyleRanges":[],"entityRanges":[],"data":{}},{"key":"9mgd2","text":"      this.store.dispatch(new ShoppingListActions.UpdateIngredient({'ingredient': newIngredient}));","type":"custom-code-block-javascript","depth":0,"inlineStyleRanges":[{"offset":4,"length":95,"style":"BOLD"},{"offset":4,"length":95,"style":"ITALIC"}],"entityRanges":[],"data":{}},{"key":"5b83c","text":"    } else {","type":"custom-code-block-javascript","depth":0,"inlineStyleRanges":[],"entityRanges":[],"data":{}},{"key":"7re19","text":"      // this.shoppingListService.addNewIngredient(newIngredient);","type":"custom-code-block-javascript","depth":0,"inlineStyleRanges":[],"entityRanges":[],"data":{}},{"key":"84spn","text":"      this.store.dispatch(new ShoppingListActions.AddIngredient(newIngredient));","type":"custom-code-block-javascript","depth":0,"inlineStyleRanges":[{"offset":1,"length":79,"style":"BOLD"},{"offset":1,"length":79,"style":"ITALIC"}],"entityRanges":[],"data":{}},{"key":"d3l9g","text":"    }","type":"custom-code-block-javascript","depth":0,"inlineStyleRanges":[],"entityRanges":[],"data":{}},{"key":"9md33","text":"    this.form.reset();","type":"custom-code-block-javascript","depth":0,"inlineStyleRanges":[],"entityRanges":[],"data":{}},{"key":"drdj9","text":"  }","type":"custom-code-block-javascript","depth":0,"inlineStyleRanges":[],"entityRanges":[],"data":{}},{"key":"b3nfs","text":"  ngOnDestroy() {","type":"custom-code-block-javascript","depth":0,"inlineStyleRanges":[],"entityRanges":[],"data":{}},{"key":"d7pps","text":"    this.store.dispatch(new ShoppingListActions.StopEdit());","type":"custom-code-block-javascript","depth":0,"inlineStyleRanges":[{"offset":0,"length":60,"style":"BOLD"},{"offset":0,"length":60,"style":"ITALIC"}],"entityRanges":[],"data":{}},{"key":"276mo","text":"    this.subscription.unsubscribe();","type":"custom-code-block-javascript","depth":0,"inlineStyleRanges":[],"entityRanges":[],"data":{}},{"key":"qk6h","text":"  }","type":"custom-code-block-javascript","depth":0,"inlineStyleRanges":[],"entityRanges":[],"data":{}},{"key":"1h9i3","text":"  onClear() {","type":"custom-code-block-javascript","depth":0,"inlineStyleRanges":[],"entityRanges":[],"data":{}},{"key":"88aj4","text":"    this.editMode = false;","type":"custom-code-block-javascript","depth":0,"inlineStyleRanges":[],"entityRanges":[],"data":{}},{"key":"cfdgb","text":"    this.form.reset();","type":"custom-code-block-javascript","depth":0,"inlineStyleRanges":[],"entityRanges":[],"data":{}},{"key":"5hpev","text":"  }","type":"custom-code-block-javascript","depth":0,"inlineStyleRanges":[],"entityRanges":[],"data":{}},{"key":"pa09","text":"  onDelete() {","type":"custom-code-block-javascript","depth":0,"inlineStyleRanges":[],"entityRanges":[],"data":{}},{"key":"bfl15","text":"    this.editMode = false;","type":"custom-code-block-javascript","depth":0,"inlineStyleRanges":[],"entityRanges":[],"data":{}},{"key":"7gtc9","text":"    // this.shoppingListService.deleteIngredient(this.editedItemIndex);","type":"custom-code-block-javascript","depth":0,"inlineStyleRanges":[],"entityRanges":[],"data":{}},{"key":"1k5mr","text":"    this.store.dispatch(new ShoppingListActions.DeleteIngredient());","type":"custom-code-block-javascript","depth":0,"inlineStyleRanges":[{"offset":2,"length":66,"style":"BOLD"},{"offset":2,"length":66,"style":"ITALIC"}],"entityRanges":[],"data":{}},{"key":"93s09","text":"    this.form.reset();","type":"custom-code-block-javascript","depth":0,"inlineStyleRanges":[],"entityRanges":[],"data":{}},{"key":"fdjl5","text":"  }","type":"custom-code-block-javascript","depth":0,"inlineStyleRanges":[],"entityRanges":[],"data":{}},{"key":"ahco7","text":"}","type":"custom-code-block-javascript","depth":0,"inlineStyleRanges":[],"entityRanges":[],"data":{}},{"key":"15fc","text":"","type":"custom-code-block-javascript","depth":0,"inlineStyleRanges":[],"entityRanges":[],"data":{}},{"key":"6ao0u","text":"","type":"unstyled","depth":0,"inlineStyleRanges":[],"entityRanges":[],"data":{}},{"key":"2qgg7","text":"++++++++++++++++++++++++++++++++++++++++++++++","type":"unstyled","depth":0,"inlineStyleRanges":[],"entityRanges":[],"data":{}},{"key":"dfe9v","text":"5. When you have more states in your app it is a good practice to bundle all of them in one app state object which can be accessed globally:","type":"unstyled","depth":0,"inlineStyleRanges":[],"entityRanges":[],"data":{}},{"key":"b89mc","text":"","type":"unstyled","depth":0,"inlineStyleRanges":[],"entityRanges":[],"data":{}},{"key":"dkl1s","text":"-> in your app folder create a new folder store,","type":"unstyled","depth":0,"inlineStyleRanges":[],"entityRanges":[],"data":{}},{"key":"61j7i","text":"-> create a new file there app.reducers.ts","type":"unstyled","depth":0,"inlineStyleRanges":[],"entityRanges":[],"data":{}},{"key":"1klac","text":"// export global application reducer","type":"custom-code-block-javascript","depth":0,"inlineStyleRanges":[],"entityRanges":[],"data":{}},{"key":"acfho","text":"// export state which bundle all the apllication states","type":"custom-code-block-javascript","depth":0,"inlineStyleRanges":[],"entityRanges":[],"data":{}},{"key":"bgifk","text":"import * as fromShoppingList from '../shopping-list/store/shopping-list.reducers';","type":"custom-code-block-javascript","depth":0,"inlineStyleRanges":[],"entityRanges":[],"data":{}},{"key":"2b4es","text":"import * as fromAuth from '../auth/store/auth.reducers';","type":"custom-code-block-javascript","depth":0,"inlineStyleRanges":[],"entityRanges":[],"data":{}},{"key":"4qvqr","text":"","type":"custom-code-block-javascript","depth":0,"inlineStyleRanges":[],"entityRanges":[],"data":{}},{"key":"6o9ru","text":"export interface AppState {","type":"custom-code-block-javascript","depth":0,"inlineStyleRanges":[],"entityRanges":[],"data":{}},{"key":"1lbm6","text":"  shoppingList: fromShoppingList.State;","type":"custom-code-block-javascript","depth":0,"inlineStyleRanges":[],"entityRanges":[],"data":{}},{"key":"bp0r","text":"  auth: fromAuth.State;","type":"custom-code-block-javascript","depth":0,"inlineStyleRanges":[],"entityRanges":[],"data":{}},{"key":"cp19q","text":"}","type":"custom-code-block-javascript","depth":0,"inlineStyleRanges":[],"entityRanges":[],"data":{}},{"key":"70e3n","text":"","type":"unstyled","depth":0,"inlineStyleRanges":[],"entityRanges":[],"data":{}},{"key":"572ao","text":"","type":"unstyled","depth":0,"inlineStyleRanges":[],"entityRanges":[],"data":{}},{"key":"4j1rg","text":"","type":"unstyled","depth":0,"inlineStyleRanges":[],"entityRanges":[],"data":{}},{"key":"dbrs5","text":"","type":"unstyled","depth":0,"inlineStyleRanges":[],"entityRanges":[],"data":{}},{"key":"7ackc","text":"","type":"unstyled","depth":0,"inlineStyleRanges":[],"entityRanges":[],"data":{}}],"entityMap":{"0":{"type":"LINK","mutability":"MUTABLE","data":{"href":"https://github.com/ngrx/platform","rel":"nofollow","target":"_blank","url":"https://github.com/ngrx/platform"}},"1":{"type":"LINK","mutability":"MUTABLE","data":{"href":"https://blog.nrwl.io/using-ngrx-4-to-manage-state-in-angular-applications-64e7a1f84b7b","rel":"nofollow","target":"_blank","url":"https://blog.nrwl.io/using-ngrx-4-to-manage-state-in-angular-applications-64e7a1f84b7b"}},"2":{"type":"LINK","mutability":"MUTABLE","data":{"href":"https://blog.nrwl.io/ngrx-patterns-and-techniques-f46126e2b1e5","rel":"nofollow","target":"_blank","url":"https://blog.nrwl.io/ngrx-patterns-and-techniques-f46126e2b1e5"}}}},"tags":[]}