{"_id":"SJKGX2ODG","title":"Ngrx/store-devtools","dateCreated":"2018-02-19T20:26:56.738Z","lastAccessed":"2018-03-12T22:18:48.328Z","lastUpdated":"2018-02-19T20:39:23.958Z","notebookId":"rySu93hVz","body":{"blocks":[{"key":"ag6qs","text":"Ngrx/store-devtools","type":"header-one","depth":0,"inlineStyleRanges":[],"entityRanges":[],"data":{}},{"key":"dupdo","text":"->","type":"unstyled","depth":0,"inlineStyleRanges":[],"entityRanges":[],"data":{}},{"key":"8vmtc","text":"","type":"unstyled","depth":0,"inlineStyleRanges":[],"entityRanges":[],"data":{}},{"key":"79mql","text":"1. Install it:","type":"unstyled","depth":0,"inlineStyleRanges":[],"entityRanges":[],"data":{}},{"key":"99dqn","text":"npm install --save @ngrx/store-devtools","type":"custom-code-block-bash","depth":0,"inlineStyleRanges":[],"entityRanges":[],"data":{}},{"key":"5mmmm","text":"","type":"unstyled","depth":0,"inlineStyleRanges":[],"entityRanges":[],"data":{}},{"key":"4k8pf","text":"2. Install special Chrome extension","type":"unstyled","depth":0,"inlineStyleRanges":[],"entityRanges":[],"data":{}},{"key":"704dm","text":"-> redux devtools chrome","type":"unstyled","depth":0,"inlineStyleRanges":[],"entityRanges":[],"data":{}},{"key":"eoq1l","text":"","type":"unstyled","depth":0,"inlineStyleRanges":[],"entityRanges":[],"data":{}},{"key":"a34d","text":"3. Add it to app.module.ts","type":"unstyled","depth":0,"inlineStyleRanges":[],"entityRanges":[],"data":{}},{"key":"dtrv5","text":"import { BrowserModule } from '@angular/platform-browser';","type":"custom-code-block-javascript","depth":0,"inlineStyleRanges":[],"entityRanges":[],"data":{}},{"key":"1pg0t","text":"import { NgModule } from '@angular/core';","type":"custom-code-block-javascript","depth":0,"inlineStyleRanges":[],"entityRanges":[],"data":{}},{"key":"f4rju","text":"import { HttpClientModule } from '@angular/common/http';","type":"custom-code-block-javascript","depth":0,"inlineStyleRanges":[],"entityRanges":[],"data":{}},{"key":"569tn","text":"import { StoreModule } from '@ngrx/store';","type":"custom-code-block-javascript","depth":0,"inlineStyleRanges":[],"entityRanges":[],"data":{}},{"key":"8l4s8","text":"","type":"custom-code-block-javascript","depth":0,"inlineStyleRanges":[],"entityRanges":[],"data":{}},{"key":"3tiv2","text":"import { AppComponent } from './app.component';","type":"custom-code-block-javascript","depth":0,"inlineStyleRanges":[],"entityRanges":[],"data":{}},{"key":"4csf0","text":"import { CoreModule } from './core/core.module';","type":"custom-code-block-javascript","depth":0,"inlineStyleRanges":[],"entityRanges":[],"data":{}},{"key":"2th0h","text":"","type":"custom-code-block-javascript","depth":0,"inlineStyleRanges":[],"entityRanges":[],"data":{}},{"key":"184sb","text":"import { AppRoutingModule } from './app-routing.module';","type":"custom-code-block-javascript","depth":0,"inlineStyleRanges":[],"entityRanges":[],"data":{}},{"key":"90ko2","text":"import { ReactiveFormsModule } from '@angular/forms';","type":"custom-code-block-javascript","depth":0,"inlineStyleRanges":[],"entityRanges":[],"data":{}},{"key":"9lals","text":"import { SharedModule } from './shared/shared.module';","type":"custom-code-block-javascript","depth":0,"inlineStyleRanges":[],"entityRanges":[],"data":{}},{"key":"9406j","text":"import { ShoppingListModule } from './shopping-list/shopping-list.module';","type":"custom-code-block-javascript","depth":0,"inlineStyleRanges":[],"entityRanges":[],"data":{}},{"key":"4ehp1","text":"import { AuthModule } from './auth/auth.module';","type":"custom-code-block-javascript","depth":0,"inlineStyleRanges":[],"entityRanges":[],"data":{}},{"key":"99r8e","text":"import { reducers } from './store/app.reducers';","type":"custom-code-block-javascript","depth":0,"inlineStyleRanges":[],"entityRanges":[],"data":{}},{"key":"e9jup","text":"import { EffectsModule } from '@ngrx/effects';","type":"custom-code-block-javascript","depth":0,"inlineStyleRanges":[],"entityRanges":[],"data":{}},{"key":"fgfui","text":"import { AuthEffects } from './auth/store/auth.effects';","type":"custom-code-block-javascript","depth":0,"inlineStyleRanges":[],"entityRanges":[],"data":{}},{"key":"v7ot","text":"import { StoreRouterConnectingModule } from '@ngrx/router-store';","type":"custom-code-block-javascript","depth":0,"inlineStyleRanges":[],"entityRanges":[],"data":{}},{"key":"5g24f","text":"import { StoreDevtoolsModule } from '@ngrx/store-devtools';","type":"custom-code-block-javascript","depth":0,"inlineStyleRanges":[{"offset":0,"length":59,"style":"BOLD"},{"offset":0,"length":59,"style":"ITALIC"}],"entityRanges":[],"data":{}},{"key":"c9iui","text":"","type":"custom-code-block-javascript","depth":0,"inlineStyleRanges":[],"entityRanges":[],"data":{}},{"key":"6rj0n","text":"@NgModule({","type":"custom-code-block-javascript","depth":0,"inlineStyleRanges":[],"entityRanges":[],"data":{}},{"key":"cjch7","text":"  declarations: [","type":"custom-code-block-javascript","depth":0,"inlineStyleRanges":[],"entityRanges":[],"data":{}},{"key":"3t89q","text":"    AppComponent","type":"custom-code-block-javascript","depth":0,"inlineStyleRanges":[],"entityRanges":[],"data":{}},{"key":"fo28l","text":"  ],","type":"custom-code-block-javascript","depth":0,"inlineStyleRanges":[],"entityRanges":[],"data":{}},{"key":"78ccm","text":"  imports: [","type":"custom-code-block-javascript","depth":0,"inlineStyleRanges":[],"entityRanges":[],"data":{}},{"key":"ftlul","text":"    BrowserModule,","type":"custom-code-block-javascript","depth":0,"inlineStyleRanges":[],"entityRanges":[],"data":{}},{"key":"8m912","text":"    HttpClientModule,","type":"custom-code-block-javascript","depth":0,"inlineStyleRanges":[],"entityRanges":[],"data":{}},{"key":"30ppa","text":"    AppRoutingModule,","type":"custom-code-block-javascript","depth":0,"inlineStyleRanges":[],"entityRanges":[],"data":{}},{"key":"14dac","text":"    SharedModule,","type":"custom-code-block-javascript","depth":0,"inlineStyleRanges":[],"entityRanges":[],"data":{}},{"key":"eg25l","text":"    ShoppingListModule,","type":"custom-code-block-javascript","depth":0,"inlineStyleRanges":[],"entityRanges":[],"data":{}},{"key":"3fckd","text":"    AuthModule,","type":"custom-code-block-javascript","depth":0,"inlineStyleRanges":[],"entityRanges":[],"data":{}},{"key":"4lcr9","text":"    CoreModule,","type":"custom-code-block-javascript","depth":0,"inlineStyleRanges":[],"entityRanges":[],"data":{}},{"key":"942dp","text":"    StoreModule.forRoot(reducers),","type":"custom-code-block-javascript","depth":0,"inlineStyleRanges":[],"entityRanges":[],"data":{}},{"key":"fj6m2","text":"    EffectsModule.forRoot([AuthEffects]),","type":"custom-code-block-javascript","depth":0,"inlineStyleRanges":[],"entityRanges":[],"data":{}},{"key":"rg3q","text":"    StoreRouterConnectingModule,","type":"custom-code-block-javascript","depth":0,"inlineStyleRanges":[],"entityRanges":[],"data":{}},{"key":"f0de3","text":"    StoreDevtoolsModule","type":"custom-code-block-javascript","depth":0,"inlineStyleRanges":[{"offset":3,"length":20,"style":"BOLD"},{"offset":3,"length":20,"style":"ITALIC"}],"entityRanges":[],"data":{}},{"key":"65sl7","text":"  ],","type":"custom-code-block-javascript","depth":0,"inlineStyleRanges":[],"entityRanges":[],"data":{}},{"key":"9foda","text":"  bootstrap: [AppComponent]","type":"custom-code-block-javascript","depth":0,"inlineStyleRanges":[],"entityRanges":[],"data":{}},{"key":"dje3s","text":"})","type":"custom-code-block-javascript","depth":0,"inlineStyleRanges":[],"entityRanges":[],"data":{}},{"key":"3r7t6","text":"export class AppModule { }","type":"custom-code-block-javascript","depth":0,"inlineStyleRanges":[],"entityRanges":[],"data":{}},{"key":"4pq4i","text":"","type":"custom-code-block-javascript","depth":0,"inlineStyleRanges":[],"entityRanges":[],"data":{}},{"key":"59kd9","text":"","type":"unstyled","depth":0,"inlineStyleRanges":[],"entityRanges":[],"data":{}}],"entityMap":{}},"tags":[]}