{"_id":"SJm40qAEM","title":"Property binding, string interpolation, event binding","dateCreated":"2018-01-18T22:22:34.755Z","lastAccessed":"2018-03-12T22:18:50.437Z","lastUpdated":"2018-01-20T11:52:07.174Z","notebookId":"rySu93hVz","body":{"blocks":[{"key":"ag6qs","text":"Property binding, string interpolation, event binding","type":"header-one","depth":0,"inlineStyleRanges":[],"entityRanges":[],"data":{}},{"key":"97lbn","text":"","type":"unstyled","depth":0,"inlineStyleRanges":[],"entityRanges":[],"data":{}},{"key":"fj9m9","text":"1. Property binding -> as property will change in our TypeScript code the DOM will also change","type":"unstyled","depth":0,"inlineStyleRanges":[],"entityRanges":[],"data":{}},{"key":"2pd1i","text":"2. String interpolation","type":"unstyled","depth":0,"inlineStyleRanges":[],"entityRanges":[],"data":{}},{"key":"c7jo3","text":"3. Event binding -> here after click we'll invoke the onServerCreation() method in our TypeScript class","type":"unstyled","depth":0,"inlineStyleRanges":[],"entityRanges":[],"data":{}},{"key":"bdc8v","text":"","type":"unstyled","depth":0,"inlineStyleRanges":[],"entityRanges":[],"data":{}},{"key":"2q2ch","text":"<button class=\"btn btn-primary\" [disabled] = '!enabledButton'/* property binding */ (click)=\"onServerCreation()\" /* event binding */>","type":"custom-code-block-javascript","depth":0,"inlineStyleRanges":[],"entityRanges":[],"data":{}},{"key":"47fb3","text":"  Click me!","type":"custom-code-block-javascript","depth":0,"inlineStyleRanges":[],"entityRanges":[],"data":{}},{"key":"5cldd","text":"</button>","type":"custom-code-block-javascript","depth":0,"inlineStyleRanges":[],"entityRanges":[],"data":{}},{"key":"45og0","text":"","type":"custom-code-block-javascript","depth":0,"inlineStyleRanges":[],"entityRanges":[],"data":{}},{"key":"1le1k","text":"<p>{{ serverCreationStatus }}</p> //string interpolation","type":"custom-code-block-javascript","depth":0,"inlineStyleRanges":[],"entityRanges":[],"data":{}},{"key":"42fg4","text":"","type":"unstyled","depth":0,"inlineStyleRanges":[],"entityRanges":[],"data":{}},{"key":"57osb","text":"4. The $event object:","type":"unstyled","depth":0,"inlineStyleRanges":[],"entityRanges":[],"data":{}},{"key":"2ol0p","text":"<input type=\"text\" class=\"form-control\" (input)=\"onUpdateServerName($event)\">","type":"custom-code-block-html","depth":0,"inlineStyleRanges":[],"entityRanges":[],"data":{}},{"key":"8glbp","text":"<p> {{ serverName }} </p>","type":"custom-code-block-html","depth":0,"inlineStyleRanges":[],"entityRanges":[],"data":{}},{"key":"cp2uo","text":"","type":"custom-code-block-html","depth":0,"inlineStyleRanges":[],"entityRanges":[],"data":{}},{"key":"acc6c","text":"//input -> html event","type":"custom-code-block-html","depth":0,"inlineStyleRanges":[],"entityRanges":[],"data":{}},{"key":"6es8l","text":"//onUpdateServerName -> our component method","type":"custom-code-block-html","depth":0,"inlineStyleRanges":[],"entityRanges":[],"data":{}},{"key":"3ss56","text":"//$event -> the object with event properties (event.target.value)","type":"custom-code-block-html","depth":0,"inlineStyleRanges":[],"entityRanges":[],"data":{}},{"key":"9n7gk","text":"","type":"unstyled","depth":0,"inlineStyleRanges":[],"entityRanges":[],"data":{}},{"key":"eoc8c","text":"In our component:","type":"unstyled","depth":0,"inlineStyleRanges":[],"entityRanges":[],"data":{}},{"key":"1b3v2","text":"serverName = \"\";","type":"custom-code-block-javascript","depth":0,"inlineStyleRanges":[],"entityRanges":[],"data":{}},{"key":"f6cd4","text":"onUpdateServerName(event:Event) {","type":"custom-code-block-javascript","depth":0,"inlineStyleRanges":[],"entityRanges":[],"data":{}},{"key":"ead3d","text":"    this.serverName = (<HTMLInputElement>event.target).value;","type":"custom-code-block-javascript","depth":0,"inlineStyleRanges":[],"entityRanges":[],"data":{}},{"key":"96g5v","text":"}","type":"custom-code-block-javascript","depth":0,"inlineStyleRanges":[],"entityRanges":[],"data":{}},{"key":"4ic9s","text":"This is the approach how we can pass an html event obejct to our component","type":"unstyled","depth":0,"inlineStyleRanges":[],"entityRanges":[],"data":{}},{"key":"5ntr6","text":"","type":"unstyled","depth":0,"inlineStyleRanges":[],"entityRanges":[],"data":{}},{"key":"di1jb","text":"5. Two way data binding - we can combine event binding and propert binding","type":"unstyled","depth":0,"inlineStyleRanges":[],"entityRanges":[],"data":{}},{"key":"5687n","text":"<input type=\"text\" class=\"form-control\" [(ngModel)]=\"serverName\">","type":"custom-code-block-html","depth":0,"inlineStyleRanges":[],"entityRanges":[],"data":{}},{"key":"6715m","text":"<p> {{ serverName }} </p>","type":"custom-code-block-html","depth":0,"inlineStyleRanges":[],"entityRanges":[],"data":{}},{"key":"9cgnn","text":"//ngModel -> directive","type":"custom-code-block-html","depth":0,"inlineStyleRanges":[],"entityRanges":[],"data":{}},{"key":"9rrne","text":"//serverName -> property that we are changing","type":"custom-code-block-html","depth":0,"inlineStyleRanges":[],"entityRanges":[],"data":{}},{"key":"bd0t1","text":"This approach will change the input value each time another method will change our serverName property. That's why we call it two way data bainding.","type":"unstyled","depth":0,"inlineStyleRanges":[],"entityRanges":[],"data":{}},{"key":"8q1pr","text":"","type":"unstyled","depth":0,"inlineStyleRanges":[],"entityRanges":[],"data":{}},{"key":"bl66f","text":"","type":"unstyled","depth":0,"inlineStyleRanges":[],"entityRanges":[],"data":{}},{"key":"1dbns","text":"","type":"unstyled","depth":0,"inlineStyleRanges":[],"entityRanges":[],"data":{}},{"key":"dvn23","text":"","type":"unstyled","depth":0,"inlineStyleRanges":[],"entityRanges":[],"data":{}},{"key":"26cgs","text":"","type":"unstyled","depth":0,"inlineStyleRanges":[],"entityRanges":[],"data":{}},{"key":"5m49c","text":"","type":"unstyled","depth":0,"inlineStyleRanges":[],"entityRanges":[],"data":{}}],"entityMap":{}},"tags":[]}