{"_id":"SJZk1a_PG","title":"Ngrx state - lazyload modules","dateCreated":"2018-02-19T21:17:13.097Z","lastAccessed":"2018-03-12T22:18:49.243Z","lastUpdated":"2018-02-20T20:18:19.385Z","notebookId":"rySu93hVz","body":{"blocks":[{"key":"ag6qs","text":"Ngrx state - lazyload modules","type":"header-one","depth":0,"inlineStyleRanges":[],"entityRanges":[],"data":{}},{"key":"7li6p","text":"-> approach to use ngrx states when we have got an lazyload modules in our app","type":"unstyled","depth":0,"inlineStyleRanges":[],"entityRanges":[],"data":{}},{"key":"8smi9","text":"","type":"unstyled","depth":0,"inlineStyleRanges":[],"entityRanges":[],"data":{}},{"key":"7q6hv","text":"1. Lazy Load and Dynamic Injection","type":"unstyled","depth":0,"inlineStyleRanges":[{"offset":0,"length":34,"style":"BOLD"}],"entityRanges":[],"data":{}},{"key":"1f1po","text":"-> create a normal reducer file for e.g. recipe.reducers.ts","type":"unstyled","depth":0,"inlineStyleRanges":[],"entityRanges":[],"data":{}},{"key":"9j1ml","text":"import { Recipe } from '../recipe.model.ts';","type":"custom-code-block-javascript","depth":0,"inlineStyleRanges":[],"entityRanges":[],"data":{}},{"key":"9r6pu","text":"import { Ingredient } from '../../shared/ingredient.model';","type":"custom-code-block-javascript","depth":0,"inlineStyleRanges":[],"entityRanges":[],"data":{}},{"key":"4r6ih","text":"import * as fromApp from '../../store/app.reducers';","type":"custom-code-block-javascript","depth":0,"inlineStyleRanges":[],"entityRanges":[],"data":{}},{"key":"eg15s","text":"","type":"custom-code-block-javascript","depth":0,"inlineStyleRanges":[],"entityRanges":[],"data":{}},{"key":"8upr9","text":"// extands our whole app state so that you can use FeatureState to also have app states","type":"custom-code-block-javascript","depth":0,"inlineStyleRanges":[],"entityRanges":[],"data":{}},{"key":"6o8o6","text":"export interface FeatureState extends fromApp.AppState  {","type":"custom-code-block-javascript","depth":0,"inlineStyleRanges":[],"entityRanges":[],"data":{}},{"key":"auheh","text":"  recipes: State;","type":"custom-code-block-javascript","depth":0,"inlineStyleRanges":[],"entityRanges":[],"data":{}},{"key":"133ao","text":"}","type":"custom-code-block-javascript","depth":0,"inlineStyleRanges":[],"entityRanges":[],"data":{}},{"key":"31f4","text":"","type":"custom-code-block-javascript","depth":0,"inlineStyleRanges":[],"entityRanges":[],"data":{}},{"key":"ahhg6","text":"export interface State {","type":"custom-code-block-javascript","depth":0,"inlineStyleRanges":[],"entityRanges":[],"data":{}},{"key":"29nuv","text":"  recipes: Recipe[];","type":"custom-code-block-javascript","depth":0,"inlineStyleRanges":[],"entityRanges":[],"data":{}},{"key":"9t2ke","text":"}","type":"custom-code-block-javascript","depth":0,"inlineStyleRanges":[],"entityRanges":[],"data":{}},{"key":"6dsrk","text":"","type":"custom-code-block-javascript","depth":0,"inlineStyleRanges":[],"entityRanges":[],"data":{}},{"key":"66d6o","text":"const initialState: State = {","type":"custom-code-block-javascript","depth":0,"inlineStyleRanges":[],"entityRanges":[],"data":{}},{"key":"dg6ol","text":"  recipes: [","type":"custom-code-block-javascript","depth":0,"inlineStyleRanges":[],"entityRanges":[],"data":{}},{"key":"89khb","text":"    new Recipe('A Test Recipe 1',","type":"custom-code-block-javascript","depth":0,"inlineStyleRanges":[],"entityRanges":[],"data":{}},{"key":"f2j96","text":"      'This is simply a test 1',","type":"custom-code-block-javascript","depth":0,"inlineStyleRanges":[],"entityRanges":[],"data":{}},{"key":"2r6vi","text":"      'http://food.fnr.sndimg.com/content/dam/images/food/fullset/2012/2/29/0/0149359_Making-Taco_s4x3.jpg.rend.hgtvcom.616.462.suffix/1371603491866.jpeg',","type":"custom-code-block-javascript","depth":0,"inlineStyleRanges":[],"entityRanges":[],"data":{}},{"key":"4ato2","text":"      [","type":"custom-code-block-javascript","depth":0,"inlineStyleRanges":[],"entityRanges":[],"data":{}},{"key":"fkddg","text":"        new Ingredient('Bread', 1),","type":"custom-code-block-javascript","depth":0,"inlineStyleRanges":[],"entityRanges":[],"data":{}},{"key":"8l1vk","text":"        new Ingredient('Cheese', 5)","type":"custom-code-block-javascript","depth":0,"inlineStyleRanges":[],"entityRanges":[],"data":{}},{"key":"98scu","text":"      ]),","type":"custom-code-block-javascript","depth":0,"inlineStyleRanges":[],"entityRanges":[],"data":{}},{"key":"49vhh","text":"    new Recipe('A Test Recipe 2',","type":"custom-code-block-javascript","depth":0,"inlineStyleRanges":[],"entityRanges":[],"data":{}},{"key":"8lp6m","text":"      'This is simply a test 2',","type":"custom-code-block-javascript","depth":0,"inlineStyleRanges":[],"entityRanges":[],"data":{}},{"key":"bn2n4","text":"      'http://s3.amazonaws.com/finecooking.s3.tauntonclud.com/app/uploads/2017/04/18180350/051SIP112-grilled-mustard-rosemary-chicken-recipe-alt-main.jpg',","type":"custom-code-block-javascript","depth":0,"inlineStyleRanges":[],"entityRanges":[],"data":{}},{"key":"26eju","text":"      [","type":"custom-code-block-javascript","depth":0,"inlineStyleRanges":[],"entityRanges":[],"data":{}},{"key":"ctc7p","text":"        new Ingredient('Bun', 2),","type":"custom-code-block-javascript","depth":0,"inlineStyleRanges":[],"entityRanges":[],"data":{}},{"key":"cgdj6","text":"        new Ingredient('Ham', 4)","type":"custom-code-block-javascript","depth":0,"inlineStyleRanges":[],"entityRanges":[],"data":{}},{"key":"5stsa","text":"      ]),","type":"custom-code-block-javascript","depth":0,"inlineStyleRanges":[],"entityRanges":[],"data":{}},{"key":"eepsm","text":"    new Recipe('A Test Recipe 3',","type":"custom-code-block-javascript","depth":0,"inlineStyleRanges":[],"entityRanges":[],"data":{}},{"key":"p6gr","text":"      'This is simply a test 3',","type":"custom-code-block-javascript","depth":0,"inlineStyleRanges":[],"entityRanges":[],"data":{}},{"key":"6fb9j","text":"      'http://www.seriouseats.com/images/2015/09/20150914-pressure-cooker-recipes-roundup-09.jpg',","type":"custom-code-block-javascript","depth":0,"inlineStyleRanges":[],"entityRanges":[],"data":{}},{"key":"fch8p","text":"      [","type":"custom-code-block-javascript","depth":0,"inlineStyleRanges":[],"entityRanges":[],"data":{}},{"key":"7c1go","text":"        new Ingredient('Bun', 1),","type":"custom-code-block-javascript","depth":0,"inlineStyleRanges":[],"entityRanges":[],"data":{}},{"key":"84uu4","text":"        new Ingredient('Ham', 10)","type":"custom-code-block-javascript","depth":0,"inlineStyleRanges":[],"entityRanges":[],"data":{}},{"key":"2rqtv","text":"      ])","type":"custom-code-block-javascript","depth":0,"inlineStyleRanges":[],"entityRanges":[],"data":{}},{"key":"1jqjo","text":"  ]","type":"custom-code-block-javascript","depth":0,"inlineStyleRanges":[],"entityRanges":[],"data":{}},{"key":"dvl90","text":"};","type":"custom-code-block-javascript","depth":0,"inlineStyleRanges":[],"entityRanges":[],"data":{}},{"key":"3cjr0","text":"","type":"custom-code-block-javascript","depth":0,"inlineStyleRanges":[],"entityRanges":[],"data":{}},{"key":"9d3qn","text":"export function RecipeReducer(state = initialState, action) {","type":"custom-code-block-javascript","depth":0,"inlineStyleRanges":[],"entityRanges":[],"data":{}},{"key":"6cp71","text":"}","type":"custom-code-block-javascript","depth":0,"inlineStyleRanges":[],"entityRanges":[],"data":{}},{"key":"2hlce","text":"","type":"unstyled","depth":0,"inlineStyleRanges":[],"entityRanges":[],"data":{}},{"key":"bf8na","text":"-> register it in your module reicpe.module.ts file it is difficoult beacouse this module is loaded lazly so you can't load it by default in your app.module:","type":"unstyled","depth":0,"inlineStyleRanges":[],"entityRanges":[],"data":{}},{"key":"2b5vp","text":"-> forFeature - it tells ngrx to add this reducer and its state to the global application state and mapp all reducers once this component (lazy loaded module here) has been added to our application","type":"unstyled","depth":0,"inlineStyleRanges":[{"offset":0,"length":197,"style":"BOLD"},{"offset":0,"length":197,"style":"ITALIC"}],"entityRanges":[],"data":{}},{"key":"f0fqd","text":"import { NgModule } from '@angular/core';","type":"custom-code-block-javascript","depth":0,"inlineStyleRanges":[],"entityRanges":[],"data":{}},{"key":"ehlil","text":"import { ReactiveFormsModule } from '@angular/forms';","type":"custom-code-block-javascript","depth":0,"inlineStyleRanges":[],"entityRanges":[],"data":{}},{"key":"9d4p8","text":"import { CommonModule } from '@angular/common';","type":"custom-code-block-javascript","depth":0,"inlineStyleRanges":[],"entityRanges":[],"data":{}},{"key":"2ibf2","text":"import { RecipesRoutingModule } from './recipes-routing.module';","type":"custom-code-block-javascript","depth":0,"inlineStyleRanges":[],"entityRanges":[],"data":{}},{"key":"di2ig","text":"","type":"custom-code-block-javascript","depth":0,"inlineStyleRanges":[],"entityRanges":[],"data":{}},{"key":"9vom6","text":"import { RecipesComponent } from './recipes.component';","type":"custom-code-block-javascript","depth":0,"inlineStyleRanges":[],"entityRanges":[],"data":{}},{"key":"1nns1","text":"import { RecipeDetailComponent } from './recipe-detail/recipe-detail.component';","type":"custom-code-block-javascript","depth":0,"inlineStyleRanges":[],"entityRanges":[],"data":{}},{"key":"8t2qf","text":"import { RecipeListComponent } from './recipe-list/recipe-list.component';","type":"custom-code-block-javascript","depth":0,"inlineStyleRanges":[],"entityRanges":[],"data":{}},{"key":"f3nl8","text":"import { RecipeItemComponent } from './recipe-list/recipe-item/recipe-item.component';","type":"custom-code-block-javascript","depth":0,"inlineStyleRanges":[],"entityRanges":[],"data":{}},{"key":"85pom","text":"import { RecipeDetailEmptyComponent } from './recipe-detail/recipe-detail-empty/recipe-detail-empty.component';","type":"custom-code-block-javascript","depth":0,"inlineStyleRanges":[],"entityRanges":[],"data":{}},{"key":"fq7c1","text":"import { RecipeEditComponent } from './recipe-edit/recipe-edit.component';","type":"custom-code-block-javascript","depth":0,"inlineStyleRanges":[],"entityRanges":[],"data":{}},{"key":"ekhrd","text":"import { SharedModule } from '../shared/shared.module';","type":"custom-code-block-javascript","depth":0,"inlineStyleRanges":[],"entityRanges":[],"data":{}},{"key":"6k9oj","text":"import { StoreModule } from '@ngrx/store';","type":"custom-code-block-javascript","depth":0,"inlineStyleRanges":[{"offset":0,"length":42,"style":"BOLD"},{"offset":0,"length":42,"style":"ITALIC"}],"entityRanges":[],"data":{}},{"key":"8a2n8","text":"import { recipeReducer } from './store/recipe.reducers';","type":"custom-code-block-javascript","depth":0,"inlineStyleRanges":[{"offset":0,"length":56,"style":"BOLD"},{"offset":0,"length":56,"style":"ITALIC"}],"entityRanges":[],"data":{}},{"key":"73out","text":"","type":"custom-code-block-javascript","depth":0,"inlineStyleRanges":[],"entityRanges":[],"data":{}},{"key":"cpjgm","text":"@NgModule({","type":"custom-code-block-javascript","depth":0,"inlineStyleRanges":[],"entityRanges":[],"data":{}},{"key":"2n7l4","text":"  declarations: [","type":"custom-code-block-javascript","depth":0,"inlineStyleRanges":[],"entityRanges":[],"data":{}},{"key":"1sok9","text":"    RecipesComponent,","type":"custom-code-block-javascript","depth":0,"inlineStyleRanges":[],"entityRanges":[],"data":{}},{"key":"dveft","text":"    RecipeDetailComponent,","type":"custom-code-block-javascript","depth":0,"inlineStyleRanges":[],"entityRanges":[],"data":{}},{"key":"7s86q","text":"    RecipeListComponent,","type":"custom-code-block-javascript","depth":0,"inlineStyleRanges":[],"entityRanges":[],"data":{}},{"key":"2ki1v","text":"    RecipeItemComponent,","type":"custom-code-block-javascript","depth":0,"inlineStyleRanges":[],"entityRanges":[],"data":{}},{"key":"fr76q","text":"    RecipeDetailEmptyComponent,","type":"custom-code-block-javascript","depth":0,"inlineStyleRanges":[],"entityRanges":[],"data":{}},{"key":"bjii2","text":"    RecipeEditComponent","type":"custom-code-block-javascript","depth":0,"inlineStyleRanges":[],"entityRanges":[],"data":{}},{"key":"4fb8e","text":"  ],","type":"custom-code-block-javascript","depth":0,"inlineStyleRanges":[],"entityRanges":[],"data":{}},{"key":"8ef7b","text":"  imports: [","type":"custom-code-block-javascript","depth":0,"inlineStyleRanges":[],"entityRanges":[],"data":{}},{"key":"28ugq","text":"    CommonModule,","type":"custom-code-block-javascript","depth":0,"inlineStyleRanges":[],"entityRanges":[],"data":{}},{"key":"b226l","text":"    ReactiveFormsModule,","type":"custom-code-block-javascript","depth":0,"inlineStyleRanges":[],"entityRanges":[],"data":{}},{"key":"bp2g9","text":"    RecipesRoutingModule,","type":"custom-code-block-javascript","depth":0,"inlineStyleRanges":[],"entityRanges":[],"data":{}},{"key":"3vq8s","text":"    SharedModule,","type":"custom-code-block-javascript","depth":0,"inlineStyleRanges":[],"entityRanges":[],"data":{}},{"key":"agqsc","text":"    // forFeature - it tells ngrx to add this reducer and its state to the global application state and mapp all reducers once this component (lazy loaded module here) has been added to our application","type":"custom-code-block-javascript","depth":0,"inlineStyleRanges":[{"offset":4,"length":197,"style":"BOLD"},{"offset":4,"length":197,"style":"ITALIC"}],"entityRanges":[],"data":{}},{"key":"8o61g","text":"    StoreModule.forFeature('recipes', recipeReducer); // third parameter can be additional configuration","type":"custom-code-block-javascript","depth":0,"inlineStyleRanges":[{"offset":0,"length":104,"style":"BOLD"},{"offset":0,"length":104,"style":"ITALIC"}],"entityRanges":[],"data":{}},{"key":"2kvrt","text":"  ]","type":"custom-code-block-javascript","depth":0,"inlineStyleRanges":[],"entityRanges":[],"data":{}},{"key":"frhvi","text":"})","type":"custom-code-block-javascript","depth":0,"inlineStyleRanges":[],"entityRanges":[],"data":{}},{"key":"c1spc","text":"export class RecipesModule {","type":"custom-code-block-javascript","depth":0,"inlineStyleRanges":[],"entityRanges":[],"data":{}},{"key":"dnlhd","text":"","type":"custom-code-block-javascript","depth":0,"inlineStyleRanges":[],"entityRanges":[],"data":{}},{"key":"8shie","text":"}","type":"custom-code-block-javascript","depth":0,"inlineStyleRanges":[],"entityRanges":[],"data":{}},{"key":"8tg5c","text":"","type":"custom-code-block-javascript","depth":0,"inlineStyleRanges":[],"entityRanges":[],"data":{}},{"key":"eo5is","text":"","type":"unstyled","depth":0,"inlineStyleRanges":[],"entityRanges":[],"data":{}},{"key":"59kd9","text":"","type":"unstyled","depth":0,"inlineStyleRanges":[],"entityRanges":[],"data":{}}],"entityMap":{}},"tags":[]}