{"_id":"Sy_MMaWDf","title":"HttpClient","dateCreated":"2018-02-14T14:05:03.719Z","lastAccessed":"2018-03-12T22:18:51.311Z","lastUpdated":"2018-02-14T22:37:13.460Z","notebookId":"rySu93hVz","body":{"blocks":[{"key":"ag6qs","text":"HttpClient","type":"header-one","depth":0,"inlineStyleRanges":[],"entityRanges":[],"data":{}},{"key":"56gi8","text":"Link to official HttpClient Documentation: https://angular.io/guide/http","type":"unstyled","depth":0,"inlineStyleRanges":[],"entityRanges":[{"offset":43,"length":29,"key":0}],"data":{}},{"key":"6g9uq","text":"-> from Angular 4 this is a new Http with new features ( Of course is perfectly fine to use the old http )","type":"unstyled","depth":0,"inlineStyleRanges":[],"entityRanges":[],"data":{}},{"key":"2et5r","text":"1.1. Import HttpClientModule instead of HttpModule in your app.module.ts imports","type":"unstyled","depth":0,"inlineStyleRanges":[],"entityRanges":[],"data":{}},{"key":"ff6ol","text":"1.2. Use it in your service for e.g. :","type":"unstyled","depth":0,"inlineStyleRanges":[],"entityRanges":[],"data":{}},{"key":"e2bo9","text":"import { Injectable } from '@angular/core';","type":"custom-code-block-javascript","depth":0,"inlineStyleRanges":[],"entityRanges":[],"data":{}},{"key":"666d","text":"import { HttpClient } from '@angular/common/http';","type":"custom-code-block-javascript","depth":0,"inlineStyleRanges":[{"offset":0,"length":50,"style":"BOLD"},{"offset":0,"length":50,"style":"ITALIC"}],"entityRanges":[],"data":{}},{"key":"6rpgv","text":"import { Recipe } from './recipes/recipe.model';","type":"custom-code-block-javascript","depth":0,"inlineStyleRanges":[],"entityRanges":[],"data":{}},{"key":"6db9k","text":"import { Response} from '@angular/http';","type":"custom-code-block-javascript","depth":0,"inlineStyleRanges":[],"entityRanges":[],"data":{}},{"key":"4idvv","text":"import 'rxjs/Rx';","type":"custom-code-block-javascript","depth":0,"inlineStyleRanges":[],"entityRanges":[],"data":{}},{"key":"4sk9n","text":"import { AuthService } from './auth/auth.service';","type":"custom-code-block-javascript","depth":0,"inlineStyleRanges":[],"entityRanges":[],"data":{}},{"key":"dh3b7","text":"","type":"custom-code-block-javascript","depth":0,"inlineStyleRanges":[],"entityRanges":[],"data":{}},{"key":"7m6bm","text":"@Injectable()","type":"custom-code-block-javascript","depth":0,"inlineStyleRanges":[],"entityRanges":[],"data":{}},{"key":"19ahp","text":"export class ServerService {","type":"custom-code-block-javascript","depth":0,"inlineStyleRanges":[],"entityRanges":[],"data":{}},{"key":"8agdn","text":"  constructor(private httpClient: HttpClient,","type":"custom-code-block-javascript","depth":0,"inlineStyleRanges":[],"entityRanges":[],"data":{}},{"key":"1c058","text":"              private authService: AuthService) {}","type":"custom-code-block-javascript","depth":0,"inlineStyleRanges":[],"entityRanges":[],"data":{}},{"key":"8mta9","text":"","type":"custom-code-block-javascript","depth":0,"inlineStyleRanges":[],"entityRanges":[],"data":{}},{"key":"96ilh","text":"  saveRecipes(recipes: Recipe[]) {","type":"custom-code-block-javascript","depth":0,"inlineStyleRanges":[],"entityRanges":[],"data":{}},{"key":"799q8","text":"    const token = this.authService.getToken();","type":"custom-code-block-javascript","depth":0,"inlineStyleRanges":[],"entityRanges":[],"data":{}},{"key":"fp92k","text":"    // put here is the same","type":"custom-code-block-javascript","depth":0,"inlineStyleRanges":[{"offset":4,"length":23,"style":"BOLD"},{"offset":4,"length":23,"style":"ITALIC"}],"entityRanges":[],"data":{}},{"key":"54dcc","text":"    return this.httpClient.put('https://ng-recipe-book-285a2.firebaseio.com/recipes.json?auth=' + token, recipes).map(","type":"custom-code-block-javascript","depth":0,"inlineStyleRanges":[],"entityRanges":[],"data":{}},{"key":"8keqs","text":"      (response: Response) => {","type":"custom-code-block-javascript","depth":0,"inlineStyleRanges":[],"entityRanges":[],"data":{}},{"key":"2pne1","text":"        return response.json();","type":"custom-code-block-javascript","depth":0,"inlineStyleRanges":[],"entityRanges":[],"data":{}},{"key":"2a6ts","text":"      }","type":"custom-code-block-javascript","depth":0,"inlineStyleRanges":[],"entityRanges":[],"data":{}},{"key":"6fs97","text":"    );","type":"custom-code-block-javascript","depth":0,"inlineStyleRanges":[],"entityRanges":[],"data":{}},{"key":"399ui","text":"  }","type":"custom-code-block-javascript","depth":0,"inlineStyleRanges":[],"entityRanges":[],"data":{}},{"key":"4l960","text":"","type":"custom-code-block-javascript","depth":0,"inlineStyleRanges":[],"entityRanges":[],"data":{}},{"key":"f7a74","text":"  fetchRecipes() {","type":"custom-code-block-javascript","depth":0,"inlineStyleRanges":[],"entityRanges":[],"data":{}},{"key":"19cgv","text":"    const token = this.authService.getToken();","type":"custom-code-block-javascript","depth":0,"inlineStyleRanges":[],"entityRanges":[],"data":{}},{"key":"7mr3e","text":"    // <Recipe[]> we can tell what type of response we will get so recipes will be of type Recipe[]","type":"custom-code-block-javascript","depth":0,"inlineStyleRanges":[{"offset":0,"length":99,"style":"BOLD"},{"offset":0,"length":99,"style":"ITALIC"}],"entityRanges":[],"data":{}},{"key":"7a39p","text":"    return this.httpClient.get<Recipe[]>('https://ng-recipe-book-285a2.firebaseio.com/recipes.json?auth=' + token).map(","type":"custom-code-block-javascript","depth":0,"inlineStyleRanges":[{"offset":30,"length":10,"style":"BOLD"},{"offset":30,"length":10,"style":"ITALIC"}],"entityRanges":[],"data":{}},{"key":"94trp","text":"      (recipes) => { // in a new hhtpClient you dont have Response type","type":"custom-code-block-javascript","depth":0,"inlineStyleRanges":[{"offset":6,"length":65,"style":"BOLD"},{"offset":6,"length":65,"style":"ITALIC"}],"entityRanges":[],"data":{}},{"key":"b843j","text":"        // const recipes: Recipe[] = response.json(); // in a new httpClient by default you have access to the body response","type":"custom-code-block-javascript","depth":0,"inlineStyleRanges":[{"offset":0,"length":124,"style":"BOLD"},{"offset":0,"length":124,"style":"ITALIC"}],"entityRanges":[],"data":{}},{"key":"1h3vr","text":"        for (const recipe of recipes) {","type":"custom-code-block-javascript","depth":0,"inlineStyleRanges":[],"entityRanges":[],"data":{}},{"key":"2a65o","text":"          if (!recipe['ingredients']) {","type":"custom-code-block-javascript","depth":0,"inlineStyleRanges":[],"entityRanges":[],"data":{}},{"key":"dsv5","text":"            recipe['ingredient'] = [];","type":"custom-code-block-javascript","depth":0,"inlineStyleRanges":[],"entityRanges":[],"data":{}},{"key":"e8i0d","text":"          }","type":"custom-code-block-javascript","depth":0,"inlineStyleRanges":[],"entityRanges":[],"data":{}},{"key":"22ui2","text":"        }","type":"custom-code-block-javascript","depth":0,"inlineStyleRanges":[],"entityRanges":[],"data":{}},{"key":"b76j3","text":"        return recipes;","type":"custom-code-block-javascript","depth":0,"inlineStyleRanges":[],"entityRanges":[],"data":{}},{"key":"8e9bj","text":"      }","type":"custom-code-block-javascript","depth":0,"inlineStyleRanges":[],"entityRanges":[],"data":{}},{"key":"dh0pc","text":"    );","type":"custom-code-block-javascript","depth":0,"inlineStyleRanges":[],"entityRanges":[],"data":{}},{"key":"9q2c1","text":"  }","type":"custom-code-block-javascript","depth":0,"inlineStyleRanges":[],"entityRanges":[],"data":{}},{"key":"b1hb5","text":"}","type":"custom-code-block-javascript","depth":0,"inlineStyleRanges":[],"entityRanges":[],"data":{}},{"key":"9osh","text":"","type":"custom-code-block-javascript","depth":0,"inlineStyleRanges":[],"entityRanges":[],"data":{}},{"key":"bm818","text":"","type":"unstyled","depth":0,"inlineStyleRanges":[],"entityRanges":[],"data":{}},{"key":"59kd9","text":"","type":"unstyled","depth":0,"inlineStyleRanges":[],"entityRanges":[],"data":{}},{"key":"cm38u","text":"2.1 The options object that you can pass to get or put methods to set for e.g. the responseType","type":"unstyled","depth":0,"inlineStyleRanges":[],"entityRanges":[],"data":{}},{"key":"3sikg","text":"import { Injectable } from '@angular/core';","type":"custom-code-block-javascript","depth":0,"inlineStyleRanges":[],"entityRanges":[],"data":{}},{"key":"a91lk","text":"import { HttpClient, HttpHeaders, HttpParams } from '@angular/common/http';","type":"custom-code-block-javascript","depth":0,"inlineStyleRanges":[{"offset":21,"length":23,"style":"BOLD"},{"offset":21,"length":23,"style":"ITALIC"}],"entityRanges":[],"data":{}},{"key":"6voel","text":"import { Recipe } from './recipes/recipe.model';","type":"custom-code-block-javascript","depth":0,"inlineStyleRanges":[],"entityRanges":[],"data":{}},{"key":"9u8v5","text":"import { Response} from '@angular/http';","type":"custom-code-block-javascript","depth":0,"inlineStyleRanges":[],"entityRanges":[],"data":{}},{"key":"37u1g","text":"import 'rxjs/Rx';","type":"custom-code-block-javascript","depth":0,"inlineStyleRanges":[],"entityRanges":[],"data":{}},{"key":"94n35","text":"import { AuthService } from './auth/auth.service';","type":"custom-code-block-javascript","depth":0,"inlineStyleRanges":[],"entityRanges":[],"data":{}},{"key":"64upp","text":"","type":"custom-code-block-javascript","depth":0,"inlineStyleRanges":[],"entityRanges":[],"data":{}},{"key":"6mqm2","text":"@Injectable()","type":"custom-code-block-javascript","depth":0,"inlineStyleRanges":[],"entityRanges":[],"data":{}},{"key":"7qnnj","text":"export class ServerService {","type":"custom-code-block-javascript","depth":0,"inlineStyleRanges":[],"entityRanges":[],"data":{}},{"key":"d0mae","text":"  constructor(private httpClient: HttpClient,","type":"custom-code-block-javascript","depth":0,"inlineStyleRanges":[],"entityRanges":[],"data":{}},{"key":"c5936","text":"              private authService: AuthService) {}","type":"custom-code-block-javascript","depth":0,"inlineStyleRanges":[],"entityRanges":[],"data":{}},{"key":"bul0v","text":"","type":"custom-code-block-javascript","depth":0,"inlineStyleRanges":[],"entityRanges":[],"data":{}},{"key":"1a67d","text":"  saveRecipes(recipes: Recipe[]) {","type":"custom-code-block-javascript","depth":0,"inlineStyleRanges":[],"entityRanges":[],"data":{}},{"key":"39gv8","text":"    const token = this.authService.getToken();","type":"custom-code-block-javascript","depth":0,"inlineStyleRanges":[],"entityRanges":[],"data":{}},{"key":"duatq","text":"    return this.httpClient.put('https://ng-recipe-book-285a2.firebaseio.com/recipes.json?auth=' + token, recipes).map(","type":"custom-code-block-javascript","depth":0,"inlineStyleRanges":[],"entityRanges":[],"data":{}},{"key":"1n67o","text":"      (response: Response) => {","type":"custom-code-block-javascript","depth":0,"inlineStyleRanges":[],"entityRanges":[],"data":{}},{"key":"7aldm","text":"        return response.json();","type":"custom-code-block-javascript","depth":0,"inlineStyleRanges":[],"entityRanges":[],"data":{}},{"key":"6mosa","text":"      }","type":"custom-code-block-javascript","depth":0,"inlineStyleRanges":[],"entityRanges":[],"data":{}},{"key":"3ivdq","text":"    );","type":"custom-code-block-javascript","depth":0,"inlineStyleRanges":[],"entityRanges":[],"data":{}},{"key":"ba9vs","text":"  }","type":"custom-code-block-javascript","depth":0,"inlineStyleRanges":[],"entityRanges":[],"data":{}},{"key":"2qn27","text":"","type":"custom-code-block-javascript","depth":0,"inlineStyleRanges":[],"entityRanges":[],"data":{}},{"key":"fbn9b","text":"  fetchRecipes() {","type":"custom-code-block-javascript","depth":0,"inlineStyleRanges":[],"entityRanges":[],"data":{}},{"key":"1dmid","text":"    const token = this.authService.getToken();","type":"custom-code-block-javascript","depth":0,"inlineStyleRanges":[],"entityRanges":[],"data":{}},{"key":"cmc27","text":"    const headers = new HttpHeaders().set('Authorization', 'tokennnnnnnnn'); // header declaration","type":"custom-code-block-javascript","depth":0,"inlineStyleRanges":[{"offset":3,"length":95,"style":"BOLD"},{"offset":3,"length":95,"style":"ITALIC"}],"entityRanges":[],"data":{}},{"key":"8japf","text":"    ","type":"custom-code-block-javascript","depth":0,"inlineStyleRanges":[],"entityRanges":[],"data":{}},{"key":"5duaj","text":"    // return this.httpClient.get<Recipe[]>('https://ng-recipe-book-285a2.firebaseio.com/recipes.json?auth=' + token).map(","type":"custom-code-block-javascript","depth":0,"inlineStyleRanges":[],"entityRanges":[],"data":{}},{"key":"21pm9","text":"    return this.httpClient.get<Recipe[]>('https://ng-recipe-book-285a2.firebaseio.com/recipes.json?auth=' + token, { // here we are passing the options js object","type":"custom-code-block-javascript","depth":0,"inlineStyleRanges":[{"offset":115,"length":2,"style":"BOLD"},{"offset":115,"length":2,"style":"ITALIC"}],"entityRanges":[],"data":{}},{"key":"e6vt6","text":"      // e.g. body:","type":"custom-code-block-javascript","depth":0,"inlineStyleRanges":[{"offset":0,"length":19,"style":"BOLD"},{"offset":0,"length":19,"style":"ITALIC"}],"entityRanges":[],"data":{}},{"key":"5dugj","text":"      // e.g. headers:","type":"custom-code-block-javascript","depth":0,"inlineStyleRanges":[{"offset":0,"length":22,"style":"BOLD"},{"offset":0,"length":22,"style":"ITALIC"}],"entityRanges":[],"data":{}},{"key":"46svj","text":"      // observe: 'response', // now it will not automatically extract data to the response but give as a full response","type":"custom-code-block-javascript","depth":0,"inlineStyleRanges":[{"offset":0,"length":119,"style":"BOLD"},{"offset":0,"length":119,"style":"ITALIC"}],"entityRanges":[],"data":{}},{"key":"bb7nt","text":"      observe: 'body', // it will give as a body (this is also default)","type":"custom-code-block-javascript","depth":0,"inlineStyleRanges":[{"offset":0,"length":71,"style":"BOLD"},{"offset":0,"length":71,"style":"ITALIC"}],"entityRanges":[],"data":{}},{"key":"ehdm2","text":"      responseType: 'text', // the most common type is of course json (json is default of course)","type":"custom-code-block-javascript","depth":0,"inlineStyleRanges":[{"offset":0,"length":97,"style":"BOLD"},{"offset":0,"length":97,"style":"ITALIC"}],"entityRanges":[],"data":{}},{"key":"aavba","text":"      // responseType: 'blob' // useful when you download a file","type":"custom-code-block-javascript","depth":0,"inlineStyleRanges":[{"offset":0,"length":64,"style":"BOLD"},{"offset":0,"length":64,"style":"ITALIC"}],"entityRanges":[],"data":{}},{"key":"9vf5j","text":"      // responseType: 'arraybuffer' // when you want to buffer something","type":"custom-code-block-javascript","depth":0,"inlineStyleRanges":[{"offset":0,"length":73,"style":"BOLD"},{"offset":0,"length":73,"style":"ITALIC"}],"entityRanges":[],"data":{}},{"key":"10dnm","text":"      headers: headers // sending header","type":"custom-code-block-javascript","depth":0,"inlineStyleRanges":[{"offset":6,"length":34,"style":"BOLD"},{"offset":6,"length":34,"style":"ITALIC"}],"entityRanges":[],"data":{}},{"key":"bjftr","text":"      params: new HttpParams().set('auth', token); // you can add params in your url or here in options","type":"custom-code-block-javascript","depth":0,"inlineStyleRanges":[{"offset":6,"length":97,"style":"BOLD"},{"offset":6,"length":97,"style":"ITALIC"}],"entityRanges":[],"data":{}},{"key":"uj1a","text":"    })","type":"custom-code-block-javascript","depth":0,"inlineStyleRanges":[{"offset":0,"length":5,"style":"BOLD"},{"offset":0,"length":5,"style":"ITALIC"}],"entityRanges":[],"data":{}},{"key":"d9uu6","text":"    .map(","type":"custom-code-block-javascript","depth":0,"inlineStyleRanges":[],"entityRanges":[],"data":{}},{"key":"46a1","text":"      (recipes) => {","type":"custom-code-block-javascript","depth":0,"inlineStyleRanges":[],"entityRanges":[],"data":{}},{"key":"f76ia","text":"        for (const recipe of recipes) {","type":"custom-code-block-javascript","depth":0,"inlineStyleRanges":[],"entityRanges":[],"data":{}},{"key":"98f29","text":"          if (!recipe['ingredients']) {","type":"custom-code-block-javascript","depth":0,"inlineStyleRanges":[],"entityRanges":[],"data":{}},{"key":"e1ju9","text":"            recipe['ingredient'] = [];","type":"custom-code-block-javascript","depth":0,"inlineStyleRanges":[],"entityRanges":[],"data":{}},{"key":"c4dur","text":"          }","type":"custom-code-block-javascript","depth":0,"inlineStyleRanges":[],"entityRanges":[],"data":{}},{"key":"17v5s","text":"        }","type":"custom-code-block-javascript","depth":0,"inlineStyleRanges":[],"entityRanges":[],"data":{}},{"key":"3s00","text":"        return recipes;","type":"custom-code-block-javascript","depth":0,"inlineStyleRanges":[],"entityRanges":[],"data":{}},{"key":"e9pha","text":"      }","type":"custom-code-block-javascript","depth":0,"inlineStyleRanges":[],"entityRanges":[],"data":{}},{"key":"9cs0h","text":"    );","type":"custom-code-block-javascript","depth":0,"inlineStyleRanges":[],"entityRanges":[],"data":{}},{"key":"df33d","text":"  }","type":"custom-code-block-javascript","depth":0,"inlineStyleRanges":[],"entityRanges":[],"data":{}},{"key":"5i3n9","text":"}","type":"custom-code-block-javascript","depth":0,"inlineStyleRanges":[],"entityRanges":[],"data":{}},{"key":"2781s","text":"","type":"custom-code-block-javascript","depth":0,"inlineStyleRanges":[],"entityRanges":[],"data":{}},{"key":"bgea0","text":"","type":"unstyled","depth":0,"inlineStyleRanges":[],"entityRanges":[],"data":{}},{"key":"5q18o","text":"#####################################################################","type":"unstyled","depth":0,"inlineStyleRanges":[],"entityRanges":[],"data":{}},{"key":"c0mgl","text":"3. Progress","type":"unstyled","depth":0,"inlineStyleRanges":[{"offset":0,"length":11,"style":"BOLD"}],"entityRanges":[],"data":{}},{"key":"5ah7j","text":"-> to fetch progress with your http request you have to use antoher method of creating http requests - it will allow us to listen to the progress our request response has made - it is useful for uploading and downloading files","type":"unstyled","depth":0,"inlineStyleRanges":[{"offset":0,"length":226,"style":"BOLD"}],"entityRanges":[],"data":{}},{"key":"18ndj","text":"","type":"unstyled","depth":0,"inlineStyleRanges":[],"entityRanges":[],"data":{}},{"key":"5hid8","text":"import { Injectable } from '@angular/core';","type":"custom-code-block-javascript","depth":0,"inlineStyleRanges":[{"offset":0,"length":43,"style":"BOLD"}],"entityRanges":[],"data":{}},{"key":"3dtcn","text":"import { HttpClient, HttpRequest } from '@angular/common/http';","type":"custom-code-block-javascript","depth":0,"inlineStyleRanges":[{"offset":0,"length":63,"style":"BOLD"}],"entityRanges":[],"data":{}},{"key":"8613a","text":"import { Recipe } from './recipes/recipe.model';","type":"custom-code-block-javascript","depth":0,"inlineStyleRanges":[{"offset":0,"length":48,"style":"BOLD"}],"entityRanges":[],"data":{}},{"key":"aht1l","text":"import { Response } from '@angular/http';","type":"custom-code-block-javascript","depth":0,"inlineStyleRanges":[{"offset":0,"length":41,"style":"BOLD"}],"entityRanges":[],"data":{}},{"key":"esujn","text":"import 'rxjs/Rx';","type":"custom-code-block-javascript","depth":0,"inlineStyleRanges":[{"offset":0,"length":17,"style":"BOLD"}],"entityRanges":[],"data":{}},{"key":"e3rec","text":"import { AuthService } from './auth/auth.service';","type":"custom-code-block-javascript","depth":0,"inlineStyleRanges":[{"offset":0,"length":50,"style":"BOLD"}],"entityRanges":[],"data":{}},{"key":"a0a58","text":"","type":"custom-code-block-javascript","depth":0,"inlineStyleRanges":[],"entityRanges":[],"data":{}},{"key":"d5asr","text":"@Injectable()","type":"custom-code-block-javascript","depth":0,"inlineStyleRanges":[{"offset":0,"length":13,"style":"BOLD"}],"entityRanges":[],"data":{}},{"key":"anvk","text":"export class ServerService {","type":"custom-code-block-javascript","depth":0,"inlineStyleRanges":[{"offset":0,"length":28,"style":"BOLD"}],"entityRanges":[],"data":{}},{"key":"1ccns","text":"  constructor(private httpClient: HttpClient,","type":"custom-code-block-javascript","depth":0,"inlineStyleRanges":[{"offset":0,"length":45,"style":"BOLD"}],"entityRanges":[],"data":{}},{"key":"5u6qc","text":"    private authService: AuthService) { }","type":"custom-code-block-javascript","depth":0,"inlineStyleRanges":[{"offset":0,"length":41,"style":"BOLD"}],"entityRanges":[],"data":{}},{"key":"8tu7h","text":"","type":"custom-code-block-javascript","depth":0,"inlineStyleRanges":[],"entityRanges":[],"data":{}},{"key":"ag86s","text":"  saveRecipes(recipes: Recipe[]) {","type":"custom-code-block-javascript","depth":0,"inlineStyleRanges":[{"offset":0,"length":34,"style":"BOLD"}],"entityRanges":[],"data":{}},{"key":"1ihvf","text":"    const token = this.authService.getToken();","type":"custom-code-block-javascript","depth":0,"inlineStyleRanges":[{"offset":0,"length":46,"style":"BOLD"}],"entityRanges":[],"data":{}},{"key":"2chqt","text":"    // return this.httpClient.put('https://ng-recipe-book-285a2.firebaseio.com/recipes.json?auth=' + token, recipes).map(","type":"custom-code-block-javascript","depth":0,"inlineStyleRanges":[{"offset":0,"length":121,"style":"BOLD"}],"entityRanges":[],"data":{}},{"key":"dj8m0","text":"    //   (response: Response) => {","type":"custom-code-block-javascript","depth":0,"inlineStyleRanges":[{"offset":0,"length":34,"style":"BOLD"}],"entityRanges":[],"data":{}},{"key":"4mhmr","text":"    //     return response.json();","type":"custom-code-block-javascript","depth":0,"inlineStyleRanges":[{"offset":0,"length":34,"style":"BOLD"}],"entityRanges":[],"data":{}},{"key":"1n00h","text":"    //   }","type":"custom-code-block-javascript","depth":0,"inlineStyleRanges":[{"offset":0,"length":10,"style":"BOLD"}],"entityRanges":[],"data":{}},{"key":"46ti9","text":"    // );","type":"custom-code-block-javascript","depth":0,"inlineStyleRanges":[{"offset":0,"length":9,"style":"BOLD"}],"entityRanges":[],"data":{}},{"key":"fnh3d","text":"","type":"custom-code-block-javascript","depth":0,"inlineStyleRanges":[],"entityRanges":[],"data":{}},{"key":"corid","text":"    // this is more advanced way of creating requests","type":"custom-code-block-javascript","depth":0,"inlineStyleRanges":[{"offset":0,"length":53,"style":"BOLD"}],"entityRanges":[],"data":{}},{"key":"1o59i","text":"    // inputs - 1. type of request, 2.url you want to target, 3. data you want to send, 4.object with options","type":"custom-code-block-javascript","depth":0,"inlineStyleRanges":[{"offset":0,"length":109,"style":"BOLD"}],"entityRanges":[],"data":{}},{"key":"cv7np","text":"    const req = new HttpRequest('PUT', 'https://ng-recipe-book-285a2.firebaseio.com/recipes.json?auth=' + token, recipes, {","type":"custom-code-block-javascript","depth":0,"inlineStyleRanges":[{"offset":0,"length":123,"style":"BOLD"}],"entityRanges":[],"data":{}},{"key":"2819s","text":"      reportProgress: true // it will give us a feedback","type":"custom-code-block-javascript","depth":0,"inlineStyleRanges":[{"offset":0,"length":56,"style":"BOLD"}],"entityRanges":[],"data":{}},{"key":"95qj8","text":"    })","type":"custom-code-block-javascript","depth":0,"inlineStyleRanges":[{"offset":0,"length":6,"style":"BOLD"}],"entityRanges":[],"data":{}},{"key":"a8h3i","text":"","type":"custom-code-block-javascript","depth":0,"inlineStyleRanges":[],"entityRanges":[],"data":{}},{"key":"81mdn","text":"    // above we only create a request now we have to send it","type":"custom-code-block-javascript","depth":0,"inlineStyleRanges":[{"offset":0,"length":60,"style":"BOLD"}],"entityRanges":[],"data":{}},{"key":"dpkg7","text":"    return this.httpClient.request(req);","type":"custom-code-block-javascript","depth":0,"inlineStyleRanges":[{"offset":0,"length":40,"style":"BOLD"}],"entityRanges":[],"data":{}},{"key":"65ter","text":"  }","type":"custom-code-block-javascript","depth":0,"inlineStyleRanges":[{"offset":0,"length":3,"style":"BOLD"}],"entityRanges":[],"data":{}},{"key":"p7hd","text":"","type":"custom-code-block-javascript","depth":0,"inlineStyleRanges":[],"entityRanges":[],"data":{}},{"key":"5a9j3","text":"  fetchRecipes() {","type":"custom-code-block-javascript","depth":0,"inlineStyleRanges":[{"offset":0,"length":18,"style":"BOLD"}],"entityRanges":[],"data":{}},{"key":"4qd0u","text":"    const token = this.authService.getToken();","type":"custom-code-block-javascript","depth":0,"inlineStyleRanges":[{"offset":0,"length":46,"style":"BOLD"}],"entityRanges":[],"data":{}},{"key":"folve","text":"    return this.httpClient.get<Recipe[]>('https://ng-recipe-book-285a2.firebaseio.com/recipes.json?auth=' + token, {","type":"custom-code-block-javascript","depth":0,"inlineStyleRanges":[{"offset":0,"length":116,"style":"BOLD"}],"entityRanges":[],"data":{}},{"key":"ehgbo","text":"      observe: 'body',","type":"custom-code-block-javascript","depth":0,"inlineStyleRanges":[{"offset":0,"length":22,"style":"BOLD"}],"entityRanges":[],"data":{}},{"key":"6u704","text":"      responseType: 'text'","type":"custom-code-block-javascript","depth":0,"inlineStyleRanges":[{"offset":0,"length":26,"style":"BOLD"}],"entityRanges":[],"data":{}},{"key":"20d27","text":"    })","type":"custom-code-block-javascript","depth":0,"inlineStyleRanges":[{"offset":0,"length":6,"style":"BOLD"}],"entityRanges":[],"data":{}},{"key":"dhrbc","text":"      .map(","type":"custom-code-block-javascript","depth":0,"inlineStyleRanges":[{"offset":0,"length":11,"style":"BOLD"}],"entityRanges":[],"data":{}},{"key":"58cbm","text":"      (recipes) => {","type":"custom-code-block-javascript","depth":0,"inlineStyleRanges":[{"offset":0,"length":20,"style":"BOLD"}],"entityRanges":[],"data":{}},{"key":"fi3j2","text":"        for (const recipe of recipes) {","type":"custom-code-block-javascript","depth":0,"inlineStyleRanges":[{"offset":0,"length":39,"style":"BOLD"}],"entityRanges":[],"data":{}},{"key":"665g","text":"          if (!recipe['ingredients']) {","type":"custom-code-block-javascript","depth":0,"inlineStyleRanges":[{"offset":0,"length":39,"style":"BOLD"}],"entityRanges":[],"data":{}},{"key":"brq2e","text":"            recipe['ingredient'] = [];","type":"custom-code-block-javascript","depth":0,"inlineStyleRanges":[{"offset":0,"length":38,"style":"BOLD"}],"entityRanges":[],"data":{}},{"key":"10usc","text":"          }","type":"custom-code-block-javascript","depth":0,"inlineStyleRanges":[{"offset":0,"length":11,"style":"BOLD"}],"entityRanges":[],"data":{}},{"key":"2mamo","text":"        }","type":"custom-code-block-javascript","depth":0,"inlineStyleRanges":[{"offset":0,"length":9,"style":"BOLD"}],"entityRanges":[],"data":{}},{"key":"4qr44","text":"        return recipes;","type":"custom-code-block-javascript","depth":0,"inlineStyleRanges":[{"offset":0,"length":23,"style":"BOLD"}],"entityRanges":[],"data":{}},{"key":"5mqae","text":"      }","type":"custom-code-block-javascript","depth":0,"inlineStyleRanges":[{"offset":0,"length":7,"style":"BOLD"}],"entityRanges":[],"data":{}},{"key":"4p61o","text":"      );","type":"custom-code-block-javascript","depth":0,"inlineStyleRanges":[{"offset":0,"length":8,"style":"BOLD"}],"entityRanges":[],"data":{}},{"key":"9h5n6","text":"  }","type":"custom-code-block-javascript","depth":0,"inlineStyleRanges":[{"offset":0,"length":3,"style":"BOLD"}],"entityRanges":[],"data":{}},{"key":"6na53","text":"}","type":"custom-code-block-javascript","depth":0,"inlineStyleRanges":[{"offset":0,"length":1,"style":"BOLD"}],"entityRanges":[],"data":{}},{"key":"b43go","text":"","type":"custom-code-block-javascript","depth":0,"inlineStyleRanges":[],"entityRanges":[],"data":{}},{"key":"4mvmj","text":"","type":"unstyled","depth":0,"inlineStyleRanges":[],"entityRanges":[],"data":{}},{"key":"53e3u","text":"-> now in your component when you subscribe for this saveRecipes you will get the progress infomration which you can use to create a progress bar for e.g.","type":"unstyled","depth":0,"inlineStyleRanges":[{"offset":0,"length":154,"style":"BOLD"}],"entityRanges":[],"data":{}},{"key":"7umc","text":"","type":"unstyled","depth":0,"inlineStyleRanges":[],"entityRanges":[],"data":{}},{"key":"4gfhr","text":"#########################################################################","type":"unstyled","depth":0,"inlineStyleRanges":[{"offset":0,"length":73,"style":"BOLD"}],"entityRanges":[],"data":{}},{"key":"ac1bo","text":"4. Interceptors - the middleware before your http request is sended","type":"unstyled","depth":0,"inlineStyleRanges":[{"offset":0,"length":3,"style":"BOLD"}],"entityRanges":[],"data":{}},{"key":"576nb","text":"-> you can use it to shorten your http request code when you always use the same backend, for e.g. send always a authentication token without it you will have to send it manually each time you send http request","type":"unstyled","depth":0,"inlineStyleRanges":[],"entityRanges":[],"data":{}},{"key":"e3ds8","text":"-> it will change your http before you actually send it - you can add something to your headers or parameteres","type":"unstyled","depth":0,"inlineStyleRanges":[],"entityRanges":[],"data":{}},{"key":"dj3k4","text":"","type":"unstyled","depth":0,"inlineStyleRanges":[],"entityRanges":[],"data":{}},{"key":"kmlp","text":"4.1. add a new file auth.interceptor.ts and create class:","type":"unstyled","depth":0,"inlineStyleRanges":[],"entityRanges":[],"data":{}},{"key":"cgvjj","text":"import { Injectable } from '@angular/core';","type":"custom-code-block-javascript","depth":0,"inlineStyleRanges":[],"entityRanges":[],"data":{}},{"key":"53s54","text":"import { HttpInterceptor, HttpRequest, HttpHandler, HttpEvent } from '@angular/common/http';","type":"custom-code-block-javascript","depth":0,"inlineStyleRanges":[],"entityRanges":[],"data":{}},{"key":"fm9su","text":"import { Observalbe } from 'rxjs/Observalbe';","type":"custom-code-block-javascript","depth":0,"inlineStyleRanges":[],"entityRanges":[],"data":{}},{"key":"c0crh","text":"import { AuthService } from '../auth/auth.service';","type":"custom-code-block-javascript","depth":0,"inlineStyleRanges":[],"entityRanges":[],"data":{}},{"key":"6c8tu","text":"","type":"custom-code-block-javascript","depth":0,"inlineStyleRanges":[],"entityRanges":[],"data":{}},{"key":"2iej","text":"@Injectable()","type":"custom-code-block-javascript","depth":0,"inlineStyleRanges":[],"entityRanges":[],"data":{}},{"key":"15em7","text":"export class AuthInterceptor implements HttpInterceptor {","type":"custom-code-block-javascript","depth":0,"inlineStyleRanges":[],"entityRanges":[],"data":{}},{"key":"6qvvv","text":"  constructor (private authService: AuthService) {}","type":"custom-code-block-javascript","depth":0,"inlineStyleRanges":[],"entityRanges":[],"data":{}},{"key":"48jj8","text":"  // requires to implements intercept method:","type":"custom-code-block-javascript","depth":0,"inlineStyleRanges":[],"entityRanges":[],"data":{}},{"key":"fejvm","text":"  // it takes two argumants 1. request, 2. next function - it let your request leave the app","type":"custom-code-block-javascript","depth":0,"inlineStyleRanges":[],"entityRanges":[],"data":{}},{"key":"cufmt","text":"  intercept(req: HttpRequest<any>, next: HttpHandler): Observalbe<HttpEvent<any>> {","type":"custom-code-block-javascript","depth":0,"inlineStyleRanges":[],"entityRanges":[],"data":{}},{"key":"66qmr","text":"    // by default you can't edit the request so you have to clone it before you will edit it","type":"custom-code-block-javascript","depth":0,"inlineStyleRanges":[],"entityRanges":[],"data":{}},{"key":"6mqeo","text":"    // you can edit it passing an object to clone method","type":"custom-code-block-javascript","depth":0,"inlineStyleRanges":[],"entityRanges":[],"data":{}},{"key":"8qa20","text":"","type":"custom-code-block-javascript","depth":0,"inlineStyleRanges":[],"entityRanges":[],"data":{}},{"key":"4vi1a","text":"    // const copiedReq = req.clone({headers: req.headers.append() /* it will add to the headers */})","type":"custom-code-block-javascript","depth":0,"inlineStyleRanges":[],"entityRanges":[],"data":{}},{"key":"egsjt","text":"    // const copiedReq = req.clone({headers: req.headers.set() /* it will override headers */})","type":"custom-code-block-javascript","depth":0,"inlineStyleRanges":[],"entityRanges":[],"data":{}},{"key":"5etce","text":"    const copiedReq = req.clone({params: req.params.set('auth', this.authService.getToken()) /* it will override headers */});","type":"custom-code-block-javascript","depth":0,"inlineStyleRanges":[],"entityRanges":[],"data":{}},{"key":"e24ek","text":"","type":"custom-code-block-javascript","depth":0,"inlineStyleRanges":[],"entityRanges":[],"data":{}},{"key":"e5aqi","text":"    // copiedReq.body - you can read your copied request, but still you can't edit it here","type":"custom-code-block-javascript","depth":0,"inlineStyleRanges":[],"entityRanges":[],"data":{}},{"key":"51nuc","text":"    console.log('Intercepted!', req);","type":"custom-code-block-javascript","depth":0,"inlineStyleRanges":[],"entityRanges":[],"data":{}},{"key":"4pirn","text":"    return next.handle(copiedReq); // it will simply let the request continue it's jurney","type":"custom-code-block-javascript","depth":0,"inlineStyleRanges":[],"entityRanges":[],"data":{}},{"key":"1vnrr","text":"    // copiedReq when you want to send edited request","type":"custom-code-block-javascript","depth":0,"inlineStyleRanges":[],"entityRanges":[],"data":{}},{"key":"1pmu3","text":"  }","type":"custom-code-block-javascript","depth":0,"inlineStyleRanges":[],"entityRanges":[],"data":{}},{"key":"b2jq","text":"}","type":"custom-code-block-javascript","depth":0,"inlineStyleRanges":[],"entityRanges":[],"data":{}},{"key":"erudo","text":"","type":"unstyled","depth":0,"inlineStyleRanges":[],"entityRanges":[],"data":{}},{"key":"2n6tb","text":"4.2. Tell Angular to use that intersector:","type":"unstyled","depth":0,"inlineStyleRanges":[],"entityRanges":[],"data":{}},{"key":"66s2k","text":"-> for all app so do it in core.module.ts ( if you don't have it in app.module.ts )","type":"unstyled","depth":0,"inlineStyleRanges":[],"entityRanges":[],"data":{}},{"key":"6e35l","text":"import { NgModule } from '@angular/core';","type":"custom-code-block-javascript","depth":0,"inlineStyleRanges":[],"entityRanges":[],"data":{}},{"key":"6iqf0","text":"import { HTTP_INTERCEPTORS } from '@angular/common/http';","type":"custom-code-block-javascript","depth":0,"inlineStyleRanges":[{"offset":0,"length":57,"style":"BOLD"},{"offset":0,"length":57,"style":"ITALIC"}],"entityRanges":[],"data":{}},{"key":"2dr0v","text":"","type":"custom-code-block-javascript","depth":0,"inlineStyleRanges":[],"entityRanges":[],"data":{}},{"key":"ffii","text":"import { HeaderComponent } from './header/header.component';","type":"custom-code-block-javascript","depth":0,"inlineStyleRanges":[],"entityRanges":[],"data":{}},{"key":"bde3i","text":"import { HomeComponent } from './home/home.component';","type":"custom-code-block-javascript","depth":0,"inlineStyleRanges":[],"entityRanges":[],"data":{}},{"key":"be35c","text":"import { AppRoutingModule } from '../app-routing.module';","type":"custom-code-block-javascript","depth":0,"inlineStyleRanges":[],"entityRanges":[],"data":{}},{"key":"62quc","text":"import { SharedModule } from '../shared/shared.module';","type":"custom-code-block-javascript","depth":0,"inlineStyleRanges":[],"entityRanges":[],"data":{}},{"key":"d67oe","text":"","type":"custom-code-block-javascript","depth":0,"inlineStyleRanges":[],"entityRanges":[],"data":{}},{"key":"86k95","text":"import { ShoppingListService } from '../shopping-list/shopping-list.service';","type":"custom-code-block-javascript","depth":0,"inlineStyleRanges":[],"entityRanges":[],"data":{}},{"key":"31u9f","text":"import { RecipeService } from '../recipes/recipe.service';","type":"custom-code-block-javascript","depth":0,"inlineStyleRanges":[],"entityRanges":[],"data":{}},{"key":"7j3lr","text":"import { ServerService } from '../server.service';","type":"custom-code-block-javascript","depth":0,"inlineStyleRanges":[],"entityRanges":[],"data":{}},{"key":"5a7or","text":"import { AuthService } from '../auth/auth.service';","type":"custom-code-block-javascript","depth":0,"inlineStyleRanges":[],"entityRanges":[],"data":{}},{"key":"fbmn6","text":"import { AuthInterceptor } from '../shared/auth.interceptor';","type":"custom-code-block-javascript","depth":0,"inlineStyleRanges":[{"offset":0,"length":61,"style":"BOLD"},{"offset":0,"length":61,"style":"ITALIC"}],"entityRanges":[],"data":{}},{"key":"fie93","text":"","type":"custom-code-block-javascript","depth":0,"inlineStyleRanges":[],"entityRanges":[],"data":{}},{"key":"bofqo","text":"@NgModule({","type":"custom-code-block-javascript","depth":0,"inlineStyleRanges":[],"entityRanges":[],"data":{}},{"key":"7bvmr","text":"  declarations: [","type":"custom-code-block-javascript","depth":0,"inlineStyleRanges":[],"entityRanges":[],"data":{}},{"key":"80l5q","text":"    HeaderComponent,","type":"custom-code-block-javascript","depth":0,"inlineStyleRanges":[],"entityRanges":[],"data":{}},{"key":"72bf7","text":"    HomeComponent","type":"custom-code-block-javascript","depth":0,"inlineStyleRanges":[],"entityRanges":[],"data":{}},{"key":"4bt4v","text":"  ],","type":"custom-code-block-javascript","depth":0,"inlineStyleRanges":[],"entityRanges":[],"data":{}},{"key":"8et3t","text":"  imports: [","type":"custom-code-block-javascript","depth":0,"inlineStyleRanges":[],"entityRanges":[],"data":{}},{"key":"2n244","text":"    SharedModule, // beacouse we use that module in header.component","type":"custom-code-block-javascript","depth":0,"inlineStyleRanges":[],"entityRanges":[],"data":{}},{"key":"abd47","text":"    AppRoutingModule","type":"custom-code-block-javascript","depth":0,"inlineStyleRanges":[],"entityRanges":[],"data":{}},{"key":"sds","text":"  ],","type":"custom-code-block-javascript","depth":0,"inlineStyleRanges":[],"entityRanges":[],"data":{}},{"key":"7fbkn","text":"  exports: [","type":"custom-code-block-javascript","depth":0,"inlineStyleRanges":[],"entityRanges":[],"data":{}},{"key":"bda6","text":"    AppRoutingModule, // export it beacouse you will always need that module in root module (app.module)","type":"custom-code-block-javascript","depth":0,"inlineStyleRanges":[],"entityRanges":[],"data":{}},{"key":"3lm3v","text":"    HeaderComponent // export it because you use it in app.component -> <app-header></app-header>","type":"custom-code-block-javascript","depth":0,"inlineStyleRanges":[],"entityRanges":[],"data":{}},{"key":"aist9","text":"  ],","type":"custom-code-block-javascript","depth":0,"inlineStyleRanges":[],"entityRanges":[],"data":{}},{"key":"3r0lp","text":"  providers: [","type":"custom-code-block-javascript","depth":0,"inlineStyleRanges":[],"entityRanges":[],"data":{}},{"key":"c2ldd","text":"    ShoppingListService,","type":"custom-code-block-javascript","depth":0,"inlineStyleRanges":[],"entityRanges":[],"data":{}},{"key":"463m7","text":"    RecipeService,","type":"custom-code-block-javascript","depth":0,"inlineStyleRanges":[],"entityRanges":[],"data":{}},{"key":"20rd9","text":"    ServerService,","type":"custom-code-block-javascript","depth":0,"inlineStyleRanges":[],"entityRanges":[],"data":{}},{"key":"67m7e","text":"    AuthService,","type":"custom-code-block-javascript","depth":0,"inlineStyleRanges":[],"entityRanges":[],"data":{}},{"key":"bt8ic","text":"    // in useClass add your interceptor class","type":"custom-code-block-javascript","depth":0,"inlineStyleRanges":[{"offset":0,"length":45,"style":"BOLD"},{"offset":0,"length":45,"style":"ITALIC"}],"entityRanges":[],"data":{}},{"key":"fprd7","text":"    // mulit: true - tells Angular you can have multiple of these","type":"custom-code-block-javascript","depth":0,"inlineStyleRanges":[{"offset":0,"length":65,"style":"BOLD"},{"offset":0,"length":65,"style":"ITALIC"}],"entityRanges":[],"data":{}},{"key":"dpfnk","text":"    {provide: HTTP_INTERCEPTORS, useClass: AuthInterceptor, multi: true}","type":"custom-code-block-javascript","depth":0,"inlineStyleRanges":[{"offset":0,"length":72,"style":"BOLD"},{"offset":0,"length":72,"style":"ITALIC"}],"entityRanges":[],"data":{}},{"key":"docmb","text":"  ]","type":"custom-code-block-javascript","depth":0,"inlineStyleRanges":[],"entityRanges":[],"data":{}},{"key":"2gr7b","text":"})","type":"custom-code-block-javascript","depth":0,"inlineStyleRanges":[],"entityRanges":[],"data":{}},{"key":"871rg","text":"export class CoreModule {","type":"custom-code-block-javascript","depth":0,"inlineStyleRanges":[],"entityRanges":[],"data":{}},{"key":"19uku","text":"","type":"custom-code-block-javascript","depth":0,"inlineStyleRanges":[],"entityRanges":[],"data":{}},{"key":"fk3ns","text":"}","type":"custom-code-block-javascript","depth":0,"inlineStyleRanges":[],"entityRanges":[],"data":{}},{"key":"ai4ua","text":"","type":"custom-code-block-javascript","depth":0,"inlineStyleRanges":[],"entityRanges":[],"data":{}},{"key":"3igcs","text":"","type":"unstyled","depth":0,"inlineStyleRanges":[],"entityRanges":[],"data":{}},{"key":"ddarf","text":"4.3. Multiple Interceptors","type":"unstyled","depth":0,"inlineStyleRanges":[],"entityRanges":[],"data":{}},{"key":"djite","text":"add a new interceptor:","type":"unstyled","depth":0,"inlineStyleRanges":[],"entityRanges":[],"data":{}},{"key":"1rtb8","text":"import { HttpInterceptor, HttpRequest, HttpHandler, HttpEvent } from '@angular/common/http';","type":"custom-code-block-javascript","depth":0,"inlineStyleRanges":[],"entityRanges":[],"data":{}},{"key":"9vfhc","text":"import 'rxjs/Observable';","type":"custom-code-block-javascript","depth":0,"inlineStyleRanges":[],"entityRanges":[],"data":{}},{"key":"7vrtk","text":"import 'rxjs/add/operator/do';","type":"custom-code-block-javascript","depth":0,"inlineStyleRanges":[],"entityRanges":[],"data":{}},{"key":"d46g4","text":"","type":"custom-code-block-javascript","depth":0,"inlineStyleRanges":[],"entityRanges":[],"data":{}},{"key":"b370c","text":"export class LoggingInterceptor implements HttpInterceptor {","type":"custom-code-block-javascript","depth":0,"inlineStyleRanges":[],"entityRanges":[],"data":{}},{"key":"d5bdu","text":"  intercept(req: HttpRequest<any>, next: HttpHandler): Observable<HttpEvent<any>> {","type":"custom-code-block-javascript","depth":0,"inlineStyleRanges":[],"entityRanges":[],"data":{}},{"key":"eh493","text":"    // do only gives us chance to do something with any data which comes through that Observable without consuming it","type":"custom-code-block-javascript","depth":0,"inlineStyleRanges":[],"entityRanges":[],"data":{}},{"key":"aks3n","text":"    // we have got some in between step with do","type":"custom-code-block-javascript","depth":0,"inlineStyleRanges":[],"entityRanges":[],"data":{}},{"key":"eiqo","text":"    return next.handle(req).do(","type":"custom-code-block-javascript","depth":0,"inlineStyleRanges":[{"offset":27,"length":4,"style":"BOLD"},{"offset":27,"length":4,"style":"ITALIC"}],"entityRanges":[],"data":{}},{"key":"c34t0","text":"      (event) => {","type":"custom-code-block-javascript","depth":0,"inlineStyleRanges":[],"entityRanges":[],"data":{}},{"key":"fbg3m","text":"        console.log('LoggingInterceptor: ', event);","type":"custom-code-block-javascript","depth":0,"inlineStyleRanges":[],"entityRanges":[],"data":{}},{"key":"aoiv6","text":"      }","type":"custom-code-block-javascript","depth":0,"inlineStyleRanges":[],"entityRanges":[],"data":{}},{"key":"bo7hj","text":"    );","type":"custom-code-block-javascript","depth":0,"inlineStyleRanges":[],"entityRanges":[],"data":{}},{"key":"ft4e2","text":"  }","type":"custom-code-block-javascript","depth":0,"inlineStyleRanges":[],"entityRanges":[],"data":{}},{"key":"2t8n4","text":"}","type":"custom-code-block-javascript","depth":0,"inlineStyleRanges":[],"entityRanges":[],"data":{}},{"key":"5s21i","text":"","type":"unstyled","depth":0,"inlineStyleRanges":[],"entityRanges":[],"data":{}},{"key":"dfb0v","text":"next add it to core.module.ts in providers:","type":"unstyled","depth":0,"inlineStyleRanges":[],"entityRanges":[],"data":{}},{"key":"cqr2d","text":"  providers: [","type":"custom-code-block-javascript","depth":0,"inlineStyleRanges":[],"entityRanges":[],"data":{}},{"key":"f567h","text":"    ShoppingListService,","type":"custom-code-block-javascript","depth":0,"inlineStyleRanges":[],"entityRanges":[],"data":{}},{"key":"6ql79","text":"    RecipeService,","type":"custom-code-block-javascript","depth":0,"inlineStyleRanges":[],"entityRanges":[],"data":{}},{"key":"b1e9h","text":"    ServerService,","type":"custom-code-block-javascript","depth":0,"inlineStyleRanges":[],"entityRanges":[],"data":{}},{"key":"60u80","text":"    AuthService,","type":"custom-code-block-javascript","depth":0,"inlineStyleRanges":[],"entityRanges":[],"data":{}},{"key":"ch1d","text":"    // in useClass add your interceptor class","type":"custom-code-block-javascript","depth":0,"inlineStyleRanges":[],"entityRanges":[],"data":{}},{"key":"50ce0","text":"    // mulit: true - tells Angular you can have multiple of these","type":"custom-code-block-javascript","depth":0,"inlineStyleRanges":[],"entityRanges":[],"data":{}},{"key":"5u2do","text":"    {provide: HTTP_INTERCEPTORS, useClass: AuthInterceptor, multi: true} //it will be first","type":"custom-code-block-javascript","depth":0,"inlineStyleRanges":[{"offset":73,"length":18,"style":"BOLD"},{"offset":73,"length":18,"style":"ITALIC"}],"entityRanges":[],"data":{}},{"key":"6jvgv","text":"    {provide: HTTP_INTERCEPTORS, useClass: LoggingInterceptor, multi: true} //it will be second","type":"custom-code-block-javascript","depth":0,"inlineStyleRanges":[{"offset":4,"length":91,"style":"BOLD"},{"offset":4,"length":91,"style":"ITALIC"}],"entityRanges":[],"data":{}},{"key":"eo2t1","text":"  ]","type":"custom-code-block-javascript","depth":0,"inlineStyleRanges":[],"entityRanges":[],"data":{}},{"key":"2ei4d","text":"","type":"unstyled","depth":0,"inlineStyleRanges":[],"entityRanges":[],"data":{}},{"key":"64d0o","text":"","type":"unstyled","depth":0,"inlineStyleRanges":[],"entityRanges":[],"data":{}},{"key":"bgobf","text":"","type":"unstyled","depth":0,"inlineStyleRanges":[],"entityRanges":[],"data":{}},{"key":"dbhap","text":"","type":"unstyled","depth":0,"inlineStyleRanges":[],"entityRanges":[],"data":{}},{"key":"41gmd","text":"","type":"unstyled","depth":0,"inlineStyleRanges":[],"entityRanges":[],"data":{}},{"key":"6mjts","text":"","type":"unstyled","depth":0,"inlineStyleRanges":[],"entityRanges":[],"data":{}}],"entityMap":{"0":{"type":"LINK","mutability":"MUTABLE","data":{"href":"https://angular.io/guide/http","rel":"nofollow","target":"_blank","url":"https://angular.io/guide/http"}}}},"tags":[]}