{"_id":"SyWfzvmLG","title":"Passing Query Parameters and Fragments","dateCreated":"2018-02-03T16:23:36.886Z","lastAccessed":"2018-03-12T22:18:50.643Z","lastUpdated":"2018-02-03T16:23:51.459Z","notebookId":"rySu93hVz","body":{"blocks":[{"key":"ag6qs","text":"Passing Query Parameters and Fragments","type":"header-one","depth":0,"inlineStyleRanges":[{"offset":0,"length":38,"style":"BOLD"}],"entityRanges":[],"data":{}},{"key":"1llqn","text":"->  queryParams are observables ( can be subscribed )","type":"unstyled","depth":0,"inlineStyleRanges":[{"offset":0,"length":53,"style":"BOLD"}],"entityRanges":[],"data":{}},{"key":"etfj","text":"->  fragment is observable ( can be subscribe )","type":"unstyled","depth":0,"inlineStyleRanges":[{"offset":0,"length":47,"style":"BOLD"}],"entityRanges":[],"data":{}},{"key":"cu480","text":"","type":"unstyled","depth":0,"inlineStyleRanges":[],"entityRanges":[],"data":{}},{"key":"8e8fh","text":"1.1. IN TEMPLATE: add a queryParams to your link next to the routerLink directive ( queryParams it's not a new directive! It's just another bindable property of the router link directive ) -> inside add a js object with your queries. You can also add a fragment (string)","type":"unstyled","depth":0,"inlineStyleRanges":[{"offset":0,"length":17,"style":"BOLD"}],"entityRanges":[],"data":{}},{"key":"ba692","text":"","type":"unstyled","depth":0,"inlineStyleRanges":[],"entityRanges":[],"data":{}},{"key":"68u6c","text":"<div class=\"row\">","type":"custom-code-block-javascript","depth":0,"inlineStyleRanges":[],"entityRanges":[],"data":{}},{"key":"77j9q","text":"  <div class=\"col-xs-12 col-sm-4\">","type":"custom-code-block-javascript","depth":0,"inlineStyleRanges":[],"entityRanges":[],"data":{}},{"key":"3fi99","text":"    <div class=\"list-group\">","type":"custom-code-block-javascript","depth":0,"inlineStyleRanges":[],"entityRanges":[],"data":{}},{"key":"8m9av","text":"      <a [routerLink]=\"['/servers', 5, 'edit']\" [queryParams]=\"{allowEdit: '1'}\"  fragment=\"loading\"","type":"custom-code-block-javascript","depth":0,"inlineStyleRanges":[{"offset":9,"length":91,"style":"BOLD"},{"offset":9,"length":91,"style":"ITALIC"}],"entityRanges":[],"data":{}},{"key":"9ja21","text":"      class=\"list-group-item\" *ngFor=\"let server of servers\">","type":"custom-code-block-javascript","depth":0,"inlineStyleRanges":[],"entityRanges":[],"data":{}},{"key":"16j1h","text":"        {{ server.name }}","type":"custom-code-block-javascript","depth":0,"inlineStyleRanges":[],"entityRanges":[],"data":{}},{"key":"f7i14","text":"      </a>","type":"custom-code-block-javascript","depth":0,"inlineStyleRanges":[],"entityRanges":[],"data":{}},{"key":"a1dig","text":"    </div>","type":"custom-code-block-javascript","depth":0,"inlineStyleRanges":[],"entityRanges":[],"data":{}},{"key":"1ehif","text":"  </div>","type":"custom-code-block-javascript","depth":0,"inlineStyleRanges":[],"entityRanges":[],"data":{}},{"key":"4537t","text":"  <div class=\"col-xs-12 col-sm-4\">","type":"custom-code-block-javascript","depth":0,"inlineStyleRanges":[],"entityRanges":[],"data":{}},{"key":"bok8o","text":"    <button class=\"btn btn-primary\" (click)=\"onReload()\">","type":"custom-code-block-javascript","depth":0,"inlineStyleRanges":[],"entityRanges":[],"data":{}},{"key":"7atm9","text":"      Reload Page","type":"custom-code-block-javascript","depth":0,"inlineStyleRanges":[],"entityRanges":[],"data":{}},{"key":"aeeq","text":"    </button>","type":"custom-code-block-javascript","depth":0,"inlineStyleRanges":[],"entityRanges":[],"data":{}},{"key":"7vd08","text":"    <app-edit-server></app-edit-server>","type":"custom-code-block-javascript","depth":0,"inlineStyleRanges":[],"entityRanges":[],"data":{}},{"key":"7sn6k","text":"    <hr>","type":"custom-code-block-javascript","depth":0,"inlineStyleRanges":[],"entityRanges":[],"data":{}},{"key":"1tnot","text":"    <app-server></app-server>","type":"custom-code-block-javascript","depth":0,"inlineStyleRanges":[],"entityRanges":[],"data":{}},{"key":"8ivv3","text":"  </div>","type":"custom-code-block-javascript","depth":0,"inlineStyleRanges":[],"entityRanges":[],"data":{}},{"key":"4jlo","text":"</div>","type":"custom-code-block-javascript","depth":0,"inlineStyleRanges":[],"entityRanges":[],"data":{}},{"key":"bv2c1","text":"","type":"unstyled","depth":0,"inlineStyleRanges":[],"entityRanges":[],"data":{}},{"key":"2soni","text":"1.2. IN COMPONENT SCRIPT:  just add a queryParams object to your configuration object in navigate method: (the same for fragment)","type":"unstyled","depth":0,"inlineStyleRanges":[{"offset":0,"length":25,"style":"BOLD"}],"entityRanges":[],"data":{}},{"key":"5fhtn","text":"    this.router.navigate(['/servers', id, 'edit'], {","type":"custom-code-block-javascript","depth":0,"inlineStyleRanges":[],"entityRanges":[],"data":{}},{"key":"7rv9u","text":"      queryParams: {","type":"custom-code-block-javascript","depth":0,"inlineStyleRanges":[],"entityRanges":[],"data":{}},{"key":"h36i","text":"        allowEdit: 1,","type":"custom-code-block-javascript","depth":0,"inlineStyleRanges":[],"entityRanges":[],"data":{}},{"key":"30gd6","text":"        blabla: true","type":"custom-code-block-javascript","depth":0,"inlineStyleRanges":[],"entityRanges":[],"data":{}},{"key":"8p3vc","text":"      },","type":"custom-code-block-javascript","depth":0,"inlineStyleRanges":[],"entityRanges":[],"data":{}},{"key":"dk8si","text":"      fragment: \"loading\"","type":"custom-code-block-javascript","depth":0,"inlineStyleRanges":[],"entityRanges":[],"data":{}},{"key":"fiisk","text":"    });","type":"custom-code-block-javascript","depth":0,"inlineStyleRanges":[],"entityRanges":[],"data":{}},{"key":"8i22t","text":"","type":"unstyled","depth":0,"inlineStyleRanges":[],"entityRanges":[],"data":{}},{"key":"5ah40","text":"1.3 Preserve or merge a queryParams: if you don't want to get rid of your queryParams in the next route just add:","type":"unstyled","depth":0,"inlineStyleRanges":[{"offset":0,"length":37,"style":"BOLD"}],"entityRanges":[],"data":{}},{"key":"fdo5g","text":"onEdit() {","type":"custom-code-block-javascript","depth":0,"inlineStyleRanges":[],"entityRanges":[],"data":{}},{"key":"7q1vc","text":"    this.router.navigate([\"edit\"], {","type":"custom-code-block-javascript","depth":0,"inlineStyleRanges":[],"entityRanges":[],"data":{}},{"key":"bu99d","text":"      relativeTo: this.activatedRoute,","type":"custom-code-block-javascript","depth":0,"inlineStyleRanges":[],"entityRanges":[],"data":{}},{"key":"e5hn3","text":"      queryParamsHandling: 'preserve' //it will add your previous params to the next route","type":"custom-code-block-javascript","depth":0,"inlineStyleRanges":[{"offset":6,"length":84,"style":"BOLD"},{"offset":6,"length":84,"style":"ITALIC"}],"entityRanges":[],"data":{}},{"key":"7ku5l","text":"      // or queryParamsHandling: 'merge' -> it will merge previous params to the new one","type":"custom-code-block-javascript","depth":0,"inlineStyleRanges":[{"offset":12,"length":76,"style":"BOLD"},{"offset":12,"length":76,"style":"ITALIC"}],"entityRanges":[],"data":{}},{"key":"9rqtn","text":"    });","type":"custom-code-block-javascript","depth":0,"inlineStyleRanges":[],"entityRanges":[],"data":{}},{"key":"280d","text":"}","type":"custom-code-block-javascript","depth":0,"inlineStyleRanges":[],"entityRanges":[],"data":{}}],"entityMap":{}},"tags":[]}